trial,seed,config_version,git_commit,s1,a1,s2,a2,trans_type,reward,u_delta,u_s,u_v,u_c,V_G,V_p,eta_G,eta_p,mode
1,253256,,,0,1,0,1,rare,1.0,,,,,,,,,
2,827007,,,0,0,0,0,common,1.0,,,,,,,,,
3,330175,,,0,0,0,0,common,1.0,,,,,,,,,
4,563572,,,0,0,1,1,rare,0.0,,,,,,,,,
5,938184,,,0,0,0,0,common,1.0,,,,,,,,,
6,956290,,,0,0,0,0,common,1.0,,,,,,,,,
7,546982,,,0,0,0,1,common,1.0,,,,,,,,,
8,546982,,,0,0,0,1,common,0.0,,,,,,,,,
9,356187,,,0,1,0,1,rare,0.0,,,,,,,,,
10,120334,,,0,0,0,0,common,1.0,,,,,,,,,
11,953774,,,0,0,0,0,common,0.0,,,,,,,,,
12,417203,,,0,0,0,0,common,1.0,,,,,,,,,
13,140498,,,0,0,1,1,rare,0.0,,,,,,,,,
14,795707,,,0,1,0,0,rare,1.0,,,,,,,,,
15,580658,,,0,1,1,0,common,0.0,,,,,,,,,
16,915074,,,0,1,1,0,common,0.0,,,,,,,,,
17,144248,,,0,0,0,0,common,1.0,,,,,,,,,
18,881979,,,0,0,1,1,rare,0.0,,,,,,,,,
19,139357,,,0,0,0,0,common,0.0,,,,,,,,,
20,863926,,,0,0,1,0,rare,0.0,,,,,,,,,
21,7185,,,0,1,1,1,common,1.0,,,,,,,,,
22,846495,,,0,1,1,1,common,0.0,,,,,,,,,
23,793408,,,0,0,1,1,rare,1.0,,,,,,,,,
24,306551,,,0,0,1,1,rare,1.0,,,,,,,,,
25,78993,,,0,1,0,1,rare,0.0,,,,,,,,,
26,579678,,,0,0,0,0,common,0.0,,,,,,,,,
27,974667,,,0,0,0,0,common,1.0,,,,,,,,,
28,58060,,,0,0,0,0,common,0.0,,,,,,,,,
29,990072,,,0,0,0,0,common,0.0,,,,,,,,,
30,317407,,,0,1,1,1,common,1.0,,,,,,,,,
31,979978,,,0,1,0,0,rare,1.0,,,,,,,,,
32,139028,,,0,1,0,1,rare,0.0,,,,,,,,,
33,190426,,,0,1,1,1,common,0.0,,,,,,,,,
34,70984,,,0,1,1,1,common,0.0,,,,,,,,,
35,947854,,,0,0,0,0,common,1.0,,,,,,,,,
36,917223,,,0,0,0,1,common,0.0,,,,,,,,,
37,865762,,,0,1,1,1,common,1.0,,,,,,,,,
38,134742,,,0,1,1,1,common,0.0,,,,,,,,,
39,912734,,,0,1,1,1,common,1.0,,,,,,,,,
40,978651,,,0,1,1,1,common,0.0,,,,,,,,,
41,494524,,,0,0,1,0,rare,1.0,,,,,,,,,
42,165389,,,0,0,0,1,common,1.0,,,,,,,,,
43,521369,,,0,1,0,0,rare,1.0,,,,,,,,,
44,119569,,,0,1,1,0,common,0.0,,,,,,,,,
45,665547,,,0,0,0,0,common,0.0,,,,,,,,,
46,775812,,,0,0,0,1,common,1.0,,,,,,,,,
47,970885,,,0,1,1,1,common,0.0,,,,,,,,,
48,320281,,,0,1,1,1,common,1.0,,,,,,,,,
49,594077,,,0,1,1,1,common,1.0,,,,,,,,,
50,751924,,,0,0,0,0,common,1.0,,,,,,,,,
51,39454,,,0,0,0,0,common,1.0,,,,,,,,,
52,812459,,,0,0,1,1,rare,1.0,,,,,,,,,
53,305665,,,0,0,1,1,rare,1.0,,,,,,,,,
54,835512,,,0,1,1,1,common,1.0,,,,,,,,,
55,599504,,,0,1,1,1,common,1.0,,,,,,,,,
56,29175,,,0,0,1,1,rare,1.0,,,,,,,,,
57,309345,,,0,0,0,0,common,1.0,,,,,,,,,
58,293123,,,0,1,1,1,common,1.0,,,,,,,,,
59,87222,,,0,1,1,1,common,1.0,,,,,,,,,
60,933396,,,0,0,1,1,rare,1.0,,,,,,,,,
61,117787,,,0,1,1,1,common,1.0,,,,,,,,,
62,545734,,,0,0,0,0,common,0.0,,,,,,,,,
63,669310,,,0,1,1,1,common,1.0,,,,,,,,,
64,363191,,,0,1,1,1,common,0.0,,,,,,,,,
65,83528,,,0,0,0,1,common,0.0,,,,,,,,,
66,788540,,,0,1,1,1,common,0.0,,,,,,,,,
67,357867,,,0,0,0,0,common,1.0,,,,,,,,,
68,308558,,,0,0,0,0,common,1.0,,,,,,,,,
69,848183,,,0,1,0,0,rare,1.0,,,,,,,,,
70,764683,,,0,0,1,0,rare,1.0,,,,,,,,,
71,873029,,,0,0,0,0,common,1.0,,,,,,,,,
72,8770,,,0,0,1,0,rare,1.0,,,,,,,,,
73,716299,,,0,0,0,0,common,1.0,,,,,,,,,
74,330823,,,0,0,0,0,common,1.0,,,,,,,,,
75,25797,,,0,0,0,0,common,1.0,,,,,,,,,
76,118328,,,0,1,1,0,common,1.0,,,,,,,,,
77,356340,,,0,0,1,0,rare,0.0,,,,,,,,,
78,977591,,,0,1,1,1,common,1.0,,,,,,,,,
79,21642,,,0,1,0,0,rare,0.0,,,,,,,,,
80,930556,,,0,0,0,0,common,1.0,,,,,,,,,
81,346470,,,0,0,0,1,common,0.0,,,,,,,,,
82,245047,,,0,1,1,0,common,0.0,,,,,,,,,
83,146889,,,0,1,1,0,common,0.0,,,,,,,,,
84,452463,,,0,0,0,0,common,1.0,,,,,,,,,
85,788205,,,0,0,1,1,rare,0.0,,,,,,,,,
86,555560,,,0,0,0,0,common,1.0,,,,,,,,,
87,545989,,,0,0,0,0,common,1.0,,,,,,,,,
88,101225,,,0,0,0,0,common,1.0,,,,,,,,,
89,571831,,,0,0,1,0,rare,1.0,,,,,,,,,
90,518370,,,0,0,1,1,rare,1.0,,,,,,,,,
91,571945,,,0,0,1,1,rare,0.0,,,,,,,,,
92,448307,,,0,1,1,0,common,0.0,,,,,,,,,
93,974098,,,0,0,0,0,common,1.0,,,,,,,,,
94,333800,,,0,0,0,0,common,1.0,,,,,,,,,
95,686893,,,0,0,0,0,common,0.0,,,,,,,,,
96,163303,,,0,0,1,0,rare,1.0,,,,,,,,,
97,34371,,,0,0,0,0,common,1.0,,,,,,,,,
98,303195,,,0,0,0,0,common,0.0,,,,,,,,,
99,166509,,,0,0,0,0,common,1.0,,,,,,,,,
100,15360,,,0,0,1,0,rare,0.0,,,,,,,,,
101,83624,,,0,0,0,0,common,1.0,,,,,,,,,
102,630433,,,0,0,0,0,common,1.0,,,,,,,,,
103,801793,,,0,0,0,0,common,1.0,,,,,,,,,
104,154534,,,0,0,0,0,common,1.0,,,,,,,,,
105,297431,,,0,0,0,0,common,0.0,,,,,,,,,
106,754751,,,0,0,1,1,rare,0.0,,,,,,,,,
107,498797,,,0,0,1,0,rare,0.0,,,,,,,,,
108,219441,,,0,0,0,0,common,1.0,,,,,,,,,
109,777893,,,0,0,0,0,common,1.0,,,,,,,,,
110,351319,,,0,0,1,1,rare,1.0,,,,,,,,,
111,497167,,,0,0,0,0,common,1.0,,,,,,,,,
112,322565,,,0,0,1,1,rare,0.0,,,,,,,,,
113,169030,,,0,0,1,0,rare,0.0,,,,,,,,,
114,805170,,,0,0,0,0,common,1.0,,,,,,,,,
115,964838,,,0,0,0,0,common,1.0,,,,,,,,,
116,692511,,,0,0,0,0,common,0.0,,,,,,,,,
117,714351,,,0,0,0,0,common,0.0,,,,,,,,,
118,128101,,,0,0,0,0,common,1.0,,,,,,,,,
119,700495,,,0,0,0,1,common,0.0,,,,,,,,,
120,310263,,,0,1,0,0,rare,1.0,,,,,,,,,
121,778721,,,0,1,1,1,common,1.0,,,,,,,,,
122,569270,,,0,1,0,0,rare,0.0,,,,,,,,,
123,959175,,,0,1,0,0,rare,0.0,,,,,,,,,
124,909327,,,0,1,1,0,common,1.0,,,,,,,,,
125,818417,,,0,1,0,1,rare,0.0,,,,,,,,,
126,380647,,,0,0,1,0,rare,0.0,,,,,,,,,
127,601655,,,0,1,0,0,rare,1.0,,,,,,,,,
128,722903,,,0,0,0,0,common,1.0,,,,,,,,,
129,332189,,,0,0,0,0,common,0.0,,,,,,,,,
130,772704,,,0,1,1,1,common,0.0,,,,,,,,,
131,96347,,,0,1,0,0,rare,1.0,,,,,,,,,
132,414541,,,0,0,1,1,rare,0.0,,,,,,,,,
133,877253,,,0,1,1,0,common,1.0,,,,,,,,,
134,590446,,,0,1,1,0,common,0.0,,,,,,,,,
135,160638,,,0,0,1,0,rare,0.0,,,,,,,,,
136,66141,,,0,1,1,0,common,0.0,,,,,,,,,
137,37663,,,0,1,0,1,rare,0.0,,,,,,,,,
138,259044,,,0,1,1,0,common,0.0,,,,,,,,,
139,219330,,,0,0,1,0,rare,1.0,,,,,,,,,
140,617671,,,0,0,0,1,common,1.0,,,,,,,,,
141,907819,,,0,0,0,1,common,0.0,,,,,,,,,
142,385284,,,0,1,1,0,common,0.0,,,,,,,,,
143,474716,,,0,1,0,0,rare,0.0,,,,,,,,,
144,555609,,,0,0,1,0,rare,0.0,,,,,,,,,
145,602116,,,0,0,1,1,rare,1.0,,,,,,,,,
146,33206,,,0,0,0,0,common,1.0,,,,,,,,,
147,595993,,,0,0,1,1,rare,0.0,,,,,,,,,
148,514924,,,0,1,1,0,common,0.0,,,,,,,,,
149,968114,,,0,0,0,0,common,1.0,,,,,,,,,
150,568537,,,0,0,0,1,common,0.0,,,,,,,,,
151,300882,,,0,0,1,1,rare,0.0,,,,,,,,,
152,39713,,,0,1,1,1,common,1.0,,,,,,,,,
153,856083,,,0,0,0,0,common,1.0,,,,,,,,,
154,678535,,,0,0,1,1,rare,1.0,,,,,,,,,
155,510501,,,0,0,0,0,common,1.0,,,,,,,,,
156,93521,,,0,0,0,0,common,1.0,,,,,,,,,
157,105306,,,0,0,0,0,common,1.0,,,,,,,,,
158,130248,,,0,0,0,0,common,1.0,,,,,,,,,
159,669343,,,0,0,0,0,common,1.0,,,,,,,,,
160,372091,,,0,0,0,0,common,0.0,,,,,,,,,
161,540780,,,0,1,1,1,common,1.0,,,,,,,,,
162,930826,,,0,0,0,0,common,1.0,,,,,,,,,
163,526924,,,0,1,1,1,common,1.0,,,,,,,,,
164,406136,,,0,1,1,0,common,0.0,,,,,,,,,
165,725723,,,0,1,1,1,common,1.0,,,,,,,,,
166,567012,,,0,0,0,0,common,1.0,,,,,,,,,
167,975179,,,0,0,0,0,common,1.0,,,,,,,,,
168,573395,,,0,0,0,0,common,0.0,,,,,,,,,
169,186372,,,0,0,0,0,common,1.0,,,,,,,,,
170,242069,,,0,0,0,0,common,1.0,,,,,,,,,
171,211338,,,0,1,1,1,common,1.0,,,,,,,,,
172,374063,,,0,1,1,1,common,1.0,,,,,,,,,
173,111371,,,0,1,1,0,common,1.0,,,,,,,,,
174,706702,,,0,0,0,0,common,1.0,,,,,,,,,
175,486962,,,0,1,1,1,common,1.0,,,,,,,,,
176,77048,,,0,1,1,1,common,1.0,,,,,,,,,
177,991288,,,0,0,1,1,rare,0.0,,,,,,,,,
178,974256,,,0,1,0,1,rare,0.0,,,,,,,,,
179,240985,,,0,0,1,0,rare,0.0,,,,,,,,,
180,760268,,,0,0,0,0,common,1.0,,,,,,,,,
181,315156,,,0,1,1,0,common,0.0,,,,,,,,,
182,337188,,,0,0,0,0,common,1.0,,,,,,,,,
183,676949,,,0,1,1,1,common,1.0,,,,,,,,,
184,97972,,,0,0,0,0,common,1.0,,,,,,,,,
185,691099,,,0,0,0,0,common,1.0,,,,,,,,,
186,987478,,,0,0,0,0,common,1.0,,,,,,,,,
187,185201,,,0,0,1,1,rare,1.0,,,,,,,,,
188,497315,,,0,1,0,0,rare,1.0,,,,,,,,,
189,849517,,,0,0,1,1,rare,0.0,,,,,,,,,
190,170772,,,0,1,0,0,rare,0.0,,,,,,,,,
191,938274,,,0,0,0,0,common,1.0,,,,,,,,,
192,520172,,,0,0,1,1,rare,1.0,,,,,,,,,
193,457667,,,0,1,1,0,common,1.0,,,,,,,,,
194,426544,,,0,0,0,0,common,0.0,,,,,,,,,
195,776371,,,0,0,0,0,common,1.0,,,,,,,,,
196,793583,,,0,0,0,0,common,0.0,,,,,,,,,
197,152616,,,0,1,1,1,common,0.0,,,,,,,,,
198,949454,,,0,0,0,0,common,1.0,,,,,,,,,
199,282428,,,0,1,1,0,common,0.0,,,,,,,,,
200,78352,,,0,0,1,0,rare,1.0,,,,,,,,,
201,463765,,,0,0,0,0,common,1.0,,,,,,,,,
202,676853,,,0,0,0,0,common,1.0,,,,,,,,,
203,225032,,,0,0,0,0,common,1.0,,,,,,,,,
204,820143,,,0,0,0,0,common,0.0,,,,,,,,,
205,949758,,,0,1,0,0,rare,1.0,,,,,,,,,
206,325967,,,0,1,1,1,common,1.0,,,,,,,,,
207,191355,,,0,0,0,0,common,1.0,,,,,,,,,
208,149424,,,0,1,1,0,common,0.0,,,,,,,,,
209,426492,,,0,0,0,0,common,1.0,,,,,,,,,
210,82575,,,0,0,1,1,rare,1.0,,,,,,,,,
211,642146,,,0,0,1,1,rare,1.0,,,,,,,,,
212,431400,,,0,0,1,1,rare,1.0,,,,,,,,,
213,551338,,,0,1,1,0,common,0.0,,,,,,,,,
214,577919,,,0,0,1,1,rare,0.0,,,,,,,,,
215,970640,,,0,0,0,0,common,0.0,,,,,,,,,
216,392425,,,0,1,1,1,common,0.0,,,,,,,,,
217,512273,,,0,1,0,0,rare,0.0,,,,,,,,,
218,605520,,,0,0,0,1,common,0.0,,,,,,,,,
219,283596,,,0,0,1,1,rare,0.0,,,,,,,,,
220,252188,,,0,0,0,1,common,0.0,,,,,,,,,
221,222665,,,0,0,0,1,common,0.0,,,,,,,,,
222,691815,,,0,0,1,1,rare,1.0,,,,,,,,,
223,17784,,,0,0,0,0,common,1.0,,,,,,,,,
224,242930,,,0,1,1,1,common,1.0,,,,,,,,,
225,678452,,,0,0,1,1,rare,1.0,,,,,,,,,
226,112628,,,0,1,1,1,common,1.0,,,,,,,,,
227,231705,,,0,1,1,0,common,0.0,,,,,,,,,
228,583844,,,0,0,0,1,common,0.0,,,,,,,,,
229,237757,,,0,1,0,0,rare,1.0,,,,,,,,,
230,466085,,,0,1,1,1,common,0.0,,,,,,,,,
231,24936,,,0,1,0,0,rare,1.0,,,,,,,,,
232,952313,,,0,0,0,0,common,0.0,,,,,,,,,
233,921435,,,0,1,1,1,common,0.0,,,,,,,,,
234,976701,,,0,0,0,1,common,0.0,,,,,,,,,
235,968373,,,0,1,1,0,common,0.0,,,,,,,,,
236,835961,,,0,0,0,1,common,1.0,,,,,,,,,
237,603634,,,0,0,0,0,common,1.0,,,,,,,,,
238,687062,,,0,0,0,1,common,0.0,,,,,,,,,
239,418990,,,0,1,1,1,common,1.0,,,,,,,,,
240,257298,,,0,1,0,1,rare,0.0,,,,,,,,,
241,141249,,,0,0,0,0,common,1.0,,,,,,,,,
242,717294,,,0,1,1,1,common,1.0,,,,,,,,,
243,375446,,,0,1,1,1,common,1.0,,,,,,,,,
244,874906,,,0,0,0,0,common,0.0,,,,,,,,,
245,726244,,,0,1,1,1,common,0.0,,,,,,,,,
246,234691,,,0,0,0,0,common,1.0,,,,,,,,,
247,537543,,,0,0,1,1,rare,1.0,,,,,,,,,
248,177240,,,0,0,0,0,common,1.0,,,,,,,,,
249,500140,,,0,0,0,0,common,1.0,,,,,,,,,
250,415690,,,0,1,0,0,rare,1.0,,,,,,,,,
251,423358,,,0,0,0,0,common,0.0,,,,,,,,,
252,80165,,,0,1,1,1,common,1.0,,,,,,,,,
253,433805,,,0,1,1,1,common,1.0,,,,,,,,,
254,689094,,,0,1,1,1,common,1.0,,,,,,,,,
255,265797,,,0,1,1,1,common,0.0,,,,,,,,,
256,315472,,,0,0,0,0,common,1.0,,,,,,,,,
257,366480,,,0,0,0,1,common,0.0,,,,,,,,,
258,580930,,,0,0,0,0,common,1.0,,,,,,,,,
259,927300,,,0,0,0,0,common,1.0,,,,,,,,,
260,971494,,,0,1,1,1,common,1.0,,,,,,,,,
261,378755,,,0,0,0,0,common,1.0,,,,,,,,,
262,116310,,,0,1,1,1,common,1.0,,,,,,,,,
263,176321,,,0,0,1,1,rare,0.0,,,,,,,,,
264,318544,,,0,0,0,0,common,0.0,,,,,,,,,
265,690987,,,0,1,0,0,rare,0.0,,,,,,,,,
266,41020,,,0,1,1,0,common,0.0,,,,,,,,,
267,834327,,,0,0,0,0,common,1.0,,,,,,,,,
268,213822,,,0,0,0,0,common,1.0,,,,,,,,,
269,390196,,,0,0,1,1,rare,0.0,,,,,,,,,
270,743196,,,0,0,0,0,common,0.0,,,,,,,,,
271,628113,,,0,0,0,0,common,1.0,,,,,,,,,
272,954921,,,0,0,0,0,common,1.0,,,,,,,,,
273,829853,,,0,1,1,0,common,0.0,,,,,,,,,
274,1997,,,0,0,0,0,common,1.0,,,,,,,,,
275,717129,,,0,0,0,0,common,1.0,,,,,,,,,
276,284911,,,0,1,1,1,common,1.0,,,,,,,,,
277,521138,,,0,0,0,0,common,1.0,,,,,,,,,
278,97064,,,0,0,0,0,common,1.0,,,,,,,,,
279,69056,,,0,1,1,1,common,1.0,,,,,,,,,
280,591768,,,0,0,0,0,common,1.0,,,,,,,,,
281,552726,,,0,1,0,1,rare,0.0,,,,,,,,,
282,132549,,,0,0,0,0,common,1.0,,,,,,,,,
283,960273,,,0,1,1,1,common,0.0,,,,,,,,,
284,127601,,,0,0,0,0,common,1.0,,,,,,,,,
285,724346,,,0,0,1,1,rare,0.0,,,,,,,,,
286,680933,,,0,0,0,0,common,0.0,,,,,,,,,
287,148378,,,0,0,0,1,common,0.0,,,,,,,,,
288,960649,,,0,1,1,0,common,0.0,,,,,,,,,
289,259445,,,0,0,0,0,common,1.0,,,,,,,,,
290,347641,,,0,0,0,0,common,0.0,,,,,,,,,
291,644829,,,0,1,1,1,common,0.0,,,,,,,,,
292,231107,,,0,0,1,1,rare,1.0,,,,,,,,,
293,125689,,,0,0,1,1,rare,1.0,,,,,,,,,
294,412215,,,0,0,0,0,common,0.0,,,,,,,,,
295,779086,,,0,0,1,1,rare,1.0,,,,,,,,,
296,829254,,,0,0,1,1,rare,1.0,,,,,,,,,
297,990009,,,0,0,0,0,common,1.0,,,,,,,,,
298,27039,,,0,0,0,0,common,1.0,,,,,,,,,
299,998632,,,0,0,1,1,rare,1.0,,,,,,,,,
300,293333,,,0,0,0,0,common,1.0,,,,,,,,,
301,258572,,,0,0,0,0,common,1.0,,,,,,,,,
302,788830,,,0,0,0,1,common,0.0,,,,,,,,,
303,307599,,,0,0,1,1,rare,1.0,,,,,,,,,
304,689318,,,0,0,0,0,common,0.0,,,,,,,,,
305,273735,,,0,0,0,0,common,1.0,,,,,,,,,
306,488494,,,0,0,1,1,rare,0.0,,,,,,,,,
307,600135,,,0,0,0,1,common,0.0,,,,,,,,,
308,668027,,,0,0,1,1,rare,1.0,,,,,,,,,
309,599357,,,0,0,0,0,common,0.0,,,,,,,,,
310,127537,,,0,1,1,1,common,1.0,,,,,,,,,
311,588576,,,0,1,1,1,common,1.0,,,,,,,,,
312,479756,,,0,1,0,0,rare,1.0,,,,,,,,,
313,225445,,,0,1,1,1,common,1.0,,,,,,,,,
314,792379,,,0,1,1,1,common,1.0,,,,,,,,,
315,416825,,,0,1,1,1,common,1.0,,,,,,,,,
316,934321,,,0,0,1,0,rare,1.0,,,,,,,,,
317,266148,,,0,0,1,1,rare,1.0,,,,,,,,,
318,351664,,,0,1,1,0,common,0.0,,,,,,,,,
319,526980,,,0,0,0,0,common,1.0,,,,,,,,,
320,622156,,,0,1,1,1,common,1.0,,,,,,,,,
321,289991,,,0,1,1,1,common,1.0,,,,,,,,,
322,429980,,,0,1,1,0,common,0.0,,,,,,,,,
323,847655,,,0,0,0,0,common,0.0,,,,,,,,,
324,48858,,,0,0,0,0,common,0.0,,,,,,,,,
325,4252,,,0,1,1,1,common,0.0,,,,,,,,,
326,480569,,,0,0,1,1,rare,0.0,,,,,,,,,
327,84105,,,0,1,1,1,common,1.0,,,,,,,,,
328,55956,,,0,1,1,1,common,1.0,,,,,,,,,
329,991495,,,0,0,0,0,common,0.0,,,,,,,,,
330,535508,,,0,1,0,0,rare,1.0,,,,,,,,,
331,686982,,,0,1,1,1,common,1.0,,,,,,,,,
332,76829,,,0,1,1,1,common,1.0,,,,,,,,,
333,425431,,,0,1,0,0,rare,0.0,,,,,,,,,
334,346686,,,0,1,1,1,common,1.0,,,,,,,,,
335,997814,,,0,1,1,1,common,1.0,,,,,,,,,
336,862754,,,0,1,0,0,rare,1.0,,,,,,,,,
337,669600,,,0,1,1,1,common,1.0,,,,,,,,,
338,45901,,,0,1,1,1,common,1.0,,,,,,,,,
339,606591,,,0,1,1,1,common,0.0,,,,,,,,,
340,154892,,,0,0,1,0,rare,0.0,,,,,,,,,
341,167273,,,0,0,0,1,common,1.0,,,,,,,,,
342,492714,,,0,0,0,1,common,0.0,,,,,,,,,
343,954040,,,0,0,0,0,common,1.0,,,,,,,,,
344,418255,,,0,1,1,1,common,1.0,,,,,,,,,
345,98745,,,0,1,1,1,common,1.0,,,,,,,,,
346,150582,,,0,1,1,1,common,1.0,,,,,,,,,
347,403611,,,0,1,1,1,common,0.0,,,,,,,,,
348,895414,,,0,1,1,1,common,1.0,,,,,,,,,
349,269272,,,0,1,1,1,common,0.0,,,,,,,,,
350,542764,,,0,0,0,0,common,1.0,,,,,,,,,
351,799502,,,0,0,0,0,common,1.0,,,,,,,,,
352,859537,,,0,0,0,1,common,0.0,,,,,,,,,
353,361413,,,0,0,0,0,common,1.0,,,,,,,,,
354,420920,,,0,0,0,0,common,1.0,,,,,,,,,
355,969057,,,0,0,0,1,common,1.0,,,,,,,,,
356,221471,,,0,1,0,0,rare,1.0,,,,,,,,,
357,440215,,,0,0,1,1,rare,1.0,,,,,,,,,
358,866698,,,0,0,0,0,common,1.0,,,,,,,,,
359,326083,,,0,1,0,1,rare,0.0,,,,,,,,,
360,624243,,,0,0,0,0,common,1.0,,,,,,,,,
361,595168,,,0,0,1,1,rare,0.0,,,,,,,,,
362,8964,,,0,1,0,0,rare,1.0,,,,,,,,,
363,202307,,,0,1,1,1,common,1.0,,,,,,,,,
364,255765,,,0,0,1,1,rare,0.0,,,,,,,,,
365,352297,,,0,1,1,1,common,0.0,,,,,,,,,
366,908739,,,0,1,1,1,common,0.0,,,,,,,,,
367,543586,,,0,1,0,0,rare,1.0,,,,,,,,,
368,223446,,,0,1,0,0,rare,1.0,,,,,,,,,
369,415829,,,0,1,1,0,common,0.0,,,,,,,,,
370,21350,,,0,0,0,0,common,1.0,,,,,,,,,
371,970276,,,0,0,1,1,rare,0.0,,,,,,,,,
372,528241,,,0,0,0,0,common,1.0,,,,,,,,,
373,620273,,,0,1,0,0,rare,1.0,,,,,,,,,
374,417016,,,0,0,0,0,common,0.0,,,,,,,,,
375,175230,,,0,1,1,0,common,0.0,,,,,,,,,
376,474054,,,0,1,0,1,rare,1.0,,,,,,,,,
377,616396,,,0,0,1,0,rare,0.0,,,,,,,,,
378,816654,,,0,1,1,1,common,1.0,,,,,,,,,
379,350835,,,0,1,1,1,common,1.0,,,,,,,,,
380,247238,,,0,1,0,1,rare,0.0,,,,,,,,,
381,276822,,,0,1,1,0,common,0.0,,,,,,,,,
382,200851,,,0,1,1,1,common,1.0,,,,,,,,,
383,639020,,,0,1,1,0,common,0.0,,,,,,,,,
384,291668,,,0,1,1,1,common,1.0,,,,,,,,,
385,315486,,,0,1,1,1,common,1.0,,,,,,,,,
386,523524,,,0,1,1,0,common,1.0,,,,,,,,,
387,294713,,,0,0,1,1,rare,1.0,,,,,,,,,
388,87543,,,0,1,1,0,common,1.0,,,,,,,,,
389,74335,,,0,1,1,0,common,0.0,,,,,,,,,
390,51107,,,0,0,0,0,common,0.0,,,,,,,,,
391,346023,,,0,1,1,1,common,0.0,,,,,,,,,
392,851711,,,0,0,0,0,common,0.0,,,,,,,,,
393,314110,,,0,1,1,0,common,0.0,,,,,,,,,
394,630089,,,0,0,0,0,common,1.0,,,,,,,,,
395,275425,,,0,0,0,0,common,1.0,,,,,,,,,
396,882934,,,0,0,1,1,rare,0.0,,,,,,,,,
397,136978,,,0,1,1,1,common,1.0,,,,,,,,,
398,315031,,,0,1,1,0,common,1.0,,,,,,,,,
399,321663,,,0,1,0,0,rare,0.0,,,,,,,,,
400,331588,,,0,0,0,1,common,0.0,,,,,,,,,
401,285937,,,0,1,1,0,common,0.0,,,,,,,,,
402,480331,,,0,0,0,1,common,1.0,,,,,,,,,
403,745178,,,0,0,0,0,common,1.0,,,,,,,,,
404,570428,,,0,0,0,0,common,1.0,,,,,,,,,
405,363746,,,0,0,0,0,common,0.0,,,,,,,,,
406,57681,,,0,1,0,1,rare,0.0,,,,,,,,,
407,27386,,,0,0,1,1,rare,1.0,,,,,,,,,
408,394897,,,0,0,0,0,common,1.0,,,,,,,,,
409,307571,,,0,0,1,0,rare,0.0,,,,,,,,,
410,557606,,,0,0,0,0,common,0.0,,,,,,,,,
411,263207,,,0,1,1,1,common,1.0,,,,,,,,,
412,713077,,,0,0,1,1,rare,0.0,,,,,,,,,
413,209657,,,0,0,1,1,rare,1.0,,,,,,,,,
414,333444,,,0,0,0,1,common,1.0,,,,,,,,,
415,132382,,,0,0,0,1,common,1.0,,,,,,,,,
416,875531,,,0,0,0,1,common,0.0,,,,,,,,,
417,794646,,,0,1,0,0,rare,1.0,,,,,,,,,
418,980025,,,0,1,1,1,common,1.0,,,,,,,,,
419,623454,,,0,0,0,1,common,1.0,,,,,,,,,
420,511619,,,0,1,0,1,rare,0.0,,,,,,,,,
421,231623,,,0,1,1,1,common,0.0,,,,,,,,,
422,151670,,,0,0,0,0,common,1.0,,,,,,,,,
423,386875,,,0,0,0,0,common,0.0,,,,,,,,,
424,848036,,,0,1,1,1,common,1.0,,,,,,,,,
425,256508,,,0,0,0,0,common,1.0,,,,,,,,,
426,277644,,,0,1,1,1,common,1.0,,,,,,,,,
427,923822,,,0,0,0,0,common,1.0,,,,,,,,,
428,178280,,,0,1,1,1,common,1.0,,,,,,,,,
429,938081,,,0,1,1,1,common,1.0,,,,,,,,,
430,208617,,,0,0,0,1,common,0.0,,,,,,,,,
431,877522,,,0,1,1,1,common,1.0,,,,,,,,,
432,966723,,,0,1,0,0,rare,1.0,,,,,,,,,
433,137450,,,0,1,1,1,common,1.0,,,,,,,,,
434,247223,,,0,0,0,0,common,1.0,,,,,,,,,
435,595834,,,0,1,1,1,common,1.0,,,,,,,,,
436,428962,,,0,1,0,0,rare,1.0,,,,,,,,,
437,594824,,,0,1,0,0,rare,1.0,,,,,,,,,
438,251581,,,0,1,1,1,common,1.0,,,,,,,,,
439,801406,,,0,0,1,0,rare,0.0,,,,,,,,,
440,941176,,,0,1,0,0,rare,1.0,,,,,,,,,
441,17852,,,0,1,1,1,common,0.0,,,,,,,,,
442,972829,,,0,1,0,0,rare,1.0,,,,,,,,,
443,467499,,,0,1,1,1,common,1.0,,,,,,,,,
444,168215,,,0,1,1,1,common,1.0,,,,,,,,,
445,394368,,,0,0,1,1,rare,1.0,,,,,,,,,
446,282309,,,0,1,1,1,common,1.0,,,,,,,,,
447,700339,,,0,0,1,1,rare,1.0,,,,,,,,,
448,392303,,,0,1,1,1,common,1.0,,,,,,,,,
449,38624,,,0,1,0,0,rare,0.0,,,,,,,,,
450,879248,,,0,1,1,1,common,1.0,,,,,,,,,
451,630537,,,0,0,1,1,rare,1.0,,,,,,,,,
452,1879,,,0,0,1,1,rare,1.0,,,,,,,,,
453,241084,,,0,0,1,1,rare,0.0,,,,,,,,,
454,930347,,,0,1,1,1,common,0.0,,,,,,,,,
455,179216,,,0,0,0,0,common,0.0,,,,,,,,,
456,31746,,,0,1,0,0,rare,0.0,,,,,,,,,
457,115527,,,0,0,0,0,common,1.0,,,,,,,,,
458,841137,,,0,0,0,0,common,1.0,,,,,,,,,
459,721729,,,0,0,1,1,rare,1.0,,,,,,,,,
460,215716,,,0,0,1,1,rare,1.0,,,,,,,,,
461,889521,,,0,0,1,0,rare,0.0,,,,,,,,,
462,812561,,,0,0,1,1,rare,1.0,,,,,,,,,
463,623951,,,0,0,0,0,common,1.0,,,,,,,,,
464,454105,,,0,0,0,0,common,1.0,,,,,,,,,
465,413253,,,0,0,0,0,common,1.0,,,,,,,,,
466,884377,,,0,0,0,0,common,1.0,,,,,,,,,
467,708083,,,0,0,0,0,common,1.0,,,,,,,,,
468,360181,,,0,0,0,0,common,0.0,,,,,,,,,
469,55630,,,0,0,1,1,rare,1.0,,,,,,,,,
470,916576,,,0,0,0,0,common,1.0,,,,,,,,,
471,978014,,,0,0,1,1,rare,0.0,,,,,,,,,
472,544248,,,0,1,1,1,common,1.0,,,,,,,,,
473,726469,,,0,0,0,0,common,0.0,,,,,,,,,
474,256578,,,0,0,1,1,rare,0.0,,,,,,,,,
475,124467,,,0,1,0,1,rare,1.0,,,,,,,,,
476,303389,,,0,1,1,0,common,0.0,,,,,,,,,
477,374387,,,0,1,0,0,rare,1.0,,,,,,,,,
478,120745,,,0,1,1,1,common,1.0,,,,,,,,,
479,102353,,,0,0,0,1,common,0.0,,,,,,,,,
480,86057,,,0,1,0,0,rare,1.0,,,,,,,,,
481,785243,,,0,1,0,0,rare,1.0,,,,,,,,,
482,783292,,,0,1,1,1,common,0.0,,,,,,,,,
483,715254,,,0,1,1,1,common,1.0,,,,,,,,,
484,226553,,,0,1,1,1,common,1.0,,,,,,,,,
485,883061,,,0,1,1,1,common,0.0,,,,,,,,,
486,26714,,,0,1,1,1,common,1.0,,,,,,,,,
487,200865,,,0,1,1,0,common,0.0,,,,,,,,,
488,880079,,,0,1,1,1,common,1.0,,,,,,,,,
489,447763,,,0,1,1,1,common,1.0,,,,,,,,,
490,177278,,,0,1,1,1,common,1.0,,,,,,,,,
491,304421,,,0,1,0,0,rare,1.0,,,,,,,,,
492,34156,,,0,1,1,1,common,0.0,,,,,,,,,
493,732240,,,0,1,0,0,rare,1.0,,,,,,,,,
494,744951,,,0,1,0,0,rare,1.0,,,,,,,,,
495,219444,,,0,1,1,1,common,1.0,,,,,,,,,
496,420372,,,0,1,1,1,common,0.0,,,,,,,,,
497,353561,,,0,1,1,1,common,1.0,,,,,,,,,
498,843687,,,0,1,1,1,common,1.0,,,,,,,,,
499,481559,,,0,0,0,0,common,1.0,,,,,,,,,
500,291037,,,0,1,0,0,rare,1.0,,,,,,,,,
501,900449,,,0,1,1,1,common,1.0,,,,,,,,,
502,324090,,,0,1,0,1,rare,1.0,,,,,,,,,
503,125409,,,0,1,1,1,common,1.0,,,,,,,,,
504,748432,,,0,1,0,0,rare,1.0,,,,,,,,,
505,20171,,,0,1,1,1,common,1.0,,,,,,,,,
506,162098,,,0,1,1,1,common,1.0,,,,,,,,,
507,634608,,,0,1,1,1,common,1.0,,,,,,,,,
508,364706,,,0,1,0,0,rare,1.0,,,,,,,,,
509,922319,,,0,1,1,1,common,1.0,,,,,,,,,
510,284421,,,0,1,0,0,rare,0.0,,,,,,,,,
511,979161,,,0,1,1,1,common,1.0,,,,,,,,,
512,193024,,,0,1,1,1,common,0.0,,,,,,,,,
513,305076,,,0,1,1,1,common,1.0,,,,,,,,,
514,338153,,,0,1,0,1,rare,1.0,,,,,,,,,
515,191967,,,0,1,1,1,common,1.0,,,,,,,,,
516,156224,,,0,0,0,1,common,1.0,,,,,,,,,
517,742590,,,0,0,0,0,common,1.0,,,,,,,,,
518,158312,,,0,1,0,1,rare,0.0,,,,,,,,,
519,179288,,,0,0,1,0,rare,0.0,,,,,,,,,
520,13423,,,0,1,1,1,common,0.0,,,,,,,,,
521,736568,,,0,0,1,0,rare,0.0,,,,,,,,,
522,883526,,,0,1,0,0,rare,0.0,,,,,,,,,
523,213956,,,0,0,1,1,rare,0.0,,,,,,,,,
524,219014,,,0,1,1,1,common,1.0,,,,,,,,,
525,621072,,,0,0,0,0,common,0.0,,,,,,,,,
526,668146,,,0,0,1,1,rare,0.0,,,,,,,,,
527,123823,,,0,0,0,0,common,1.0,,,,,,,,,
528,272428,,,0,0,0,0,common,1.0,,,,,,,,,
529,693848,,,0,0,1,1,rare,1.0,,,,,,,,,
530,781273,,,0,0,0,0,common,1.0,,,,,,,,,
531,170514,,,0,0,0,0,common,1.0,,,,,,,,,
532,462798,,,0,0,1,1,rare,1.0,,,,,,,,,
533,861624,,,0,0,1,1,rare,1.0,,,,,,,,,
534,503678,,,0,0,0,0,common,1.0,,,,,,,,,
535,927482,,,0,0,0,0,common,1.0,,,,,,,,,
536,617824,,,0,0,0,0,common,0.0,,,,,,,,,
537,874808,,,0,0,1,1,rare,1.0,,,,,,,,,
538,302094,,,0,0,1,1,rare,1.0,,,,,,,,,
539,857808,,,0,0,0,0,common,1.0,,,,,,,,,
540,99451,,,0,0,0,0,common,0.0,,,,,,,,,
541,280254,,,0,0,0,1,common,0.0,,,,,,,,,
542,818311,,,0,0,0,0,common,0.0,,,,,,,,,
543,126722,,,0,0,1,1,rare,1.0,,,,,,,,,
544,277436,,,0,0,0,0,common,1.0,,,,,,,,,
545,486635,,,0,0,0,0,common,1.0,,,,,,,,,
546,496347,,,0,1,0,0,rare,1.0,,,,,,,,,
547,473113,,,0,1,1,1,common,1.0,,,,,,,,,
548,631276,,,0,0,0,1,common,0.0,,,,,,,,,
549,898486,,,0,0,0,0,common,0.0,,,,,,,,,
550,109856,,,0,1,1,1,common,0.0,,,,,,,,,
551,966718,,,0,0,0,0,common,0.0,,,,,,,,,
552,770137,,,0,1,0,1,rare,1.0,,,,,,,,,
553,802329,,,0,0,1,1,rare,1.0,,,,,,,,,
554,491196,,,0,1,1,1,common,1.0,,,,,,,,,
555,440457,,,0,1,1,1,common,1.0,,,,,,,,,
556,1404,,,0,1,0,1,rare,0.0,,,,,,,,,
557,109281,,,0,1,0,1,rare,0.0,,,,,,,,,
558,613835,,,0,1,0,1,rare,0.0,,,,,,,,,
559,798980,,,0,0,0,0,common,1.0,,,,,,,,,
560,203476,,,0,0,0,0,common,1.0,,,,,,,,,
561,211590,,,0,0,1,1,rare,1.0,,,,,,,,,
562,560009,,,0,1,0,0,rare,1.0,,,,,,,,,
563,954590,,,0,1,0,0,rare,1.0,,,,,,,,,
564,259510,,,0,0,0,0,common,1.0,,,,,,,,,
565,725754,,,0,0,1,1,rare,1.0,,,,,,,,,
566,614813,,,0,0,1,1,rare,1.0,,,,,,,,,
567,53877,,,0,0,0,0,common,1.0,,,,,,,,,
568,212955,,,0,0,1,1,rare,1.0,,,,,,,,,
569,886255,,,0,0,0,0,common,1.0,,,,,,,,,
570,410427,,,0,0,0,0,common,1.0,,,,,,,,,
571,907950,,,0,1,1,1,common,0.0,,,,,,,,,
572,144668,,,0,0,1,1,rare,1.0,,,,,,,,,
573,654446,,,0,0,0,0,common,0.0,,,,,,,,,
574,615623,,,0,0,0,0,common,0.0,,,,,,,,,
575,878928,,,0,0,1,1,rare,1.0,,,,,,,,,
576,684732,,,0,1,1,1,common,0.0,,,,,,,,,
577,492707,,,0,0,1,1,rare,1.0,,,,,,,,,
578,362870,,,0,1,1,1,common,1.0,,,,,,,,,
579,544390,,,0,1,1,1,common,1.0,,,,,,,,,
580,272209,,,0,1,1,1,common,1.0,,,,,,,,,
581,395794,,,0,0,0,0,common,0.0,,,,,,,,,
582,933181,,,0,0,1,0,rare,0.0,,,,,,,,,
583,741745,,,0,1,0,0,rare,1.0,,,,,,,,,
584,655563,,,0,1,1,1,common,1.0,,,,,,,,,
585,696369,,,0,1,0,0,rare,1.0,,,,,,,,,
586,616017,,,0,1,1,1,common,1.0,,,,,,,,,
587,499502,,,0,1,1,1,common,1.0,,,,,,,,,
588,63525,,,0,1,1,1,common,1.0,,,,,,,,,
589,893102,,,0,1,1,0,common,0.0,,,,,,,,,
590,563277,,,0,1,1,1,common,1.0,,,,,,,,,
591,506149,,,0,1,1,1,common,0.0,,,,,,,,,
592,807346,,,0,1,0,0,rare,0.0,,,,,,,,,
593,630527,,,0,1,1,1,common,1.0,,,,,,,,,
594,750383,,,0,0,0,0,common,1.0,,,,,,,,,
595,768667,,,0,0,1,1,rare,1.0,,,,,,,,,
596,215192,,,0,1,1,1,common,1.0,,,,,,,,,
597,307615,,,0,1,0,0,rare,0.0,,,,,,,,,
598,952971,,,0,0,0,0,common,0.0,,,,,,,,,
599,6000,,,0,1,1,1,common,1.0,,,,,,,,,
600,728344,,,0,1,1,1,common,1.0,,,,,,,,,
601,633729,,,0,1,1,0,common,0.0,,,,,,,,,
602,711947,,,0,1,1,1,common,0.0,,,,,,,,,
603,6429,,,0,1,1,1,common,1.0,,,,,,,,,
604,871997,,,0,1,1,0,common,0.0,,,,,,,,,
605,87602,,,0,0,0,0,common,1.0,,,,,,,,,
606,41413,,,0,0,0,0,common,1.0,,,,,,,,,
607,987693,,,0,0,0,0,common,1.0,,,,,,,,,
608,289445,,,0,0,0,0,common,0.0,,,,,,,,,
609,996120,,,0,0,0,0,common,0.0,,,,,,,,,
610,477362,,,0,1,0,1,rare,0.0,,,,,,,,,
611,760525,,,0,1,1,1,common,1.0,,,,,,,,,
612,161592,,,0,1,1,1,common,0.0,,,,,,,,,
613,312040,,,0,1,1,1,common,0.0,,,,,,,,,
614,95258,,,0,0,0,0,common,1.0,,,,,,,,,
615,91377,,,0,0,0,0,common,1.0,,,,,,,,,
616,29969,,,0,0,0,0,common,1.0,,,,,,,,,
617,324763,,,0,0,0,0,common,1.0,,,,,,,,,
618,743907,,,0,0,1,1,rare,1.0,,,,,,,,,
619,365990,,,0,0,1,0,rare,0.0,,,,,,,,,
620,910826,,,0,1,1,0,common,0.0,,,,,,,,,
621,788689,,,0,0,0,0,common,0.0,,,,,,,,,
622,570701,,,0,1,1,0,common,0.0,,,,,,,,,
623,840575,,,0,0,0,0,common,1.0,,,,,,,,,
624,219205,,,0,0,1,1,rare,1.0,,,,,,,,,
625,894374,,,0,0,0,0,common,0.0,,,,,,,,,
626,523293,,,0,1,1,1,common,1.0,,,,,,,,,
627,658141,,,0,0,0,1,common,0.0,,,,,,,,,
628,139557,,,0,0,1,1,rare,0.0,,,,,,,,,
629,913947,,,0,1,1,1,common,0.0,,,,,,,,,
630,787088,,,0,1,1,0,common,0.0,,,,,,,,,
631,272099,,,0,0,0,0,common,1.0,,,,,,,,,
632,955987,,,0,0,0,1,common,1.0,,,,,,,,,
633,510923,,,0,0,1,1,rare,1.0,,,,,,,,,
634,419222,,,0,0,1,1,rare,1.0,,,,,,,,,
635,450803,,,0,0,0,1,common,0.0,,,,,,,,,
636,906712,,,0,0,0,0,common,1.0,,,,,,,,,
637,265477,,,0,0,0,0,common,1.0,,,,,,,,,
638,77703,,,0,0,0,0,common,1.0,,,,,,,,,
639,250091,,,0,0,0,0,common,1.0,,,,,,,,,
640,265235,,,0,0,0,0,common,1.0,,,,,,,,,
641,658948,,,0,0,0,0,common,1.0,,,,,,,,,
642,245550,,,0,0,0,1,common,1.0,,,,,,,,,
643,183278,,,0,0,1,1,rare,1.0,,,,,,,,,
644,480752,,,0,0,0,0,common,1.0,,,,,,,,,
645,174102,,,0,0,0,0,common,1.0,,,,,,,,,
646,812221,,,0,0,0,0,common,1.0,,,,,,,,,
647,901734,,,0,0,0,0,common,0.0,,,,,,,,,
648,728753,,,0,0,0,1,common,1.0,,,,,,,,,
649,984866,,,0,1,0,1,rare,1.0,,,,,,,,,
650,720686,,,0,0,0,1,common,0.0,,,,,,,,,
651,916074,,,0,1,0,1,rare,0.0,,,,,,,,,
652,6165,,,0,1,1,1,common,1.0,,,,,,,,,
653,880170,,,0,1,0,0,rare,1.0,,,,,,,,,
654,973404,,,0,0,0,0,common,1.0,,,,,,,,,
655,249066,,,0,0,0,0,common,1.0,,,,,,,,,
656,562474,,,0,1,0,0,rare,1.0,,,,,,,,,
657,419469,,,0,0,0,0,common,0.0,,,,,,,,,
658,849178,,,0,0,0,0,common,1.0,,,,,,,,,
659,219245,,,0,1,1,1,common,1.0,,,,,,,,,
660,556930,,,0,1,1,1,common,1.0,,,,,,,,,
661,597721,,,0,1,0,1,rare,0.0,,,,,,,,,
662,92386,,,0,0,0,0,common,1.0,,,,,,,,,
663,136025,,,0,0,0,0,common,0.0,,,,,,,,,
664,45411,,,0,1,1,1,common,1.0,,,,,,,,,
665,649845,,,0,1,1,1,common,1.0,,,,,,,,,
666,798299,,,0,1,0,0,rare,0.0,,,,,,,,,
667,814745,,,0,1,0,0,rare,1.0,,,,,,,,,
668,849704,,,0,0,0,0,common,1.0,,,,,,,,,
669,889386,,,0,0,0,1,common,1.0,,,,,,,,,
670,463007,,,0,0,0,1,common,0.0,,,,,,,,,
671,196748,,,0,1,0,0,rare,1.0,,,,,,,,,
672,375089,,,0,1,1,0,common,0.0,,,,,,,,,
673,264573,,,0,1,1,1,common,1.0,,,,,,,,,
674,699698,,,0,1,1,1,common,1.0,,,,,,,,,
675,197328,,,0,1,0,0,rare,1.0,,,,,,,,,
676,9486,,,0,0,0,1,common,0.0,,,,,,,,,
677,468023,,,0,1,1,1,common,0.0,,,,,,,,,
678,253801,,,0,1,1,0,common,0.0,,,,,,,,,
679,22475,,,0,1,0,0,rare,0.0,,,,,,,,,
680,57978,,,0,1,1,0,common,1.0,,,,,,,,,
681,703661,,,0,1,1,1,common,0.0,,,,,,,,,
682,854686,,,0,1,1,0,common,0.0,,,,,,,,,
683,647880,,,0,0,1,1,rare,1.0,,,,,,,,,
684,299559,,,0,1,1,1,common,0.0,,,,,,,,,
685,113984,,,0,0,0,1,common,0.0,,,,,,,,,
686,149882,,,0,0,0,0,common,1.0,,,,,,,,,
687,978651,,,0,0,1,0,rare,0.0,,,,,,,,,
688,370720,,,0,0,0,0,common,1.0,,,,,,,,,
689,571245,,,0,0,0,0,common,1.0,,,,,,,,,
690,80926,,,0,0,0,1,common,0.0,,,,,,,,,
691,667878,,,0,0,0,0,common,1.0,,,,,,,,,
692,608997,,,0,0,0,0,common,1.0,,,,,,,,,
693,905428,,,0,0,1,1,rare,1.0,,,,,,,,,
694,518213,,,0,0,0,0,common,1.0,,,,,,,,,
695,889183,,,0,0,0,0,common,1.0,,,,,,,,,
696,314129,,,0,0,1,1,rare,1.0,,,,,,,,,
697,344884,,,0,0,0,0,common,0.0,,,,,,,,,
698,372052,,,0,0,0,0,common,1.0,,,,,,,,,
699,904066,,,0,0,0,0,common,1.0,,,,,,,,,
700,701051,,,0,0,0,0,common,1.0,,,,,,,,,
701,685946,,,0,0,0,0,common,1.0,,,,,,,,,
702,616092,,,0,1,1,0,common,1.0,,,,,,,,,
703,804040,,,0,0,0,0,common,1.0,,,,,,,,,
704,930326,,,0,0,0,0,common,1.0,,,,,,,,,
705,385923,,,0,0,0,0,common,1.0,,,,,,,,,
706,854164,,,0,0,1,1,rare,1.0,,,,,,,,,
707,867038,,,0,0,0,0,common,0.0,,,,,,,,,
708,204137,,,0,1,1,1,common,1.0,,,,,,,,,
709,225182,,,0,0,0,0,common,0.0,,,,,,,,,
710,622327,,,0,1,1,1,common,0.0,,,,,,,,,
711,116295,,,0,0,1,0,rare,0.0,,,,,,,,,
712,145386,,,0,1,1,1,common,0.0,,,,,,,,,
713,8373,,,0,0,1,1,rare,1.0,,,,,,,,,
714,885996,,,0,1,1,1,common,1.0,,,,,,,,,
715,702606,,,0,0,0,0,common,1.0,,,,,,,,,
716,831377,,,0,1,1,0,common,0.0,,,,,,,,,
717,66587,,,0,0,0,0,common,1.0,,,,,,,,,
718,53978,,,0,1,1,1,common,1.0,,,,,,,,,
719,946286,,,0,0,0,0,common,1.0,,,,,,,,,
720,752275,,,0,1,1,0,common,0.0,,,,,,,,,
721,979463,,,0,0,1,0,rare,1.0,,,,,,,,,
722,365774,,,0,0,0,0,common,1.0,,,,,,,,,
723,962835,,,0,0,0,0,common,1.0,,,,,,,,,
724,158523,,,0,0,1,1,rare,1.0,,,,,,,,,
725,839424,,,0,0,0,0,common,1.0,,,,,,,,,
726,130764,,,0,1,0,0,rare,0.0,,,,,,,,,
727,171032,,,0,0,0,0,common,0.0,,,,,,,,,
728,77413,,,0,0,0,0,common,0.0,,,,,,,,,
729,943927,,,0,1,1,0,common,0.0,,,,,,,,,
730,404035,,,0,0,1,1,rare,1.0,,,,,,,,,
731,293446,,,0,0,1,1,rare,1.0,,,,,,,,,
732,980243,,,0,1,1,1,common,1.0,,,,,,,,,
733,24023,,,0,0,0,0,common,1.0,,,,,,,,,
734,77077,,,0,0,0,1,common,0.0,,,,,,,,,
735,169402,,,0,0,0,0,common,1.0,,,,,,,,,
736,446955,,,0,0,0,0,common,1.0,,,,,,,,,
737,359602,,,0,0,1,1,rare,0.0,,,,,,,,,
738,269985,,,0,1,1,0,common,0.0,,,,,,,,,
739,524103,,,0,1,1,1,common,1.0,,,,,,,,,
740,986272,,,0,1,1,1,common,1.0,,,,,,,,,
741,311208,,,0,0,1,0,rare,0.0,,,,,,,,,
742,911625,,,0,1,1,1,common,1.0,,,,,,,,,
743,940357,,,0,1,0,0,rare,1.0,,,,,,,,,
744,61963,,,0,1,1,1,common,1.0,,,,,,,,,
745,252656,,,0,1,1,1,common,0.0,,,,,,,,,
746,727677,,,0,0,0,0,common,0.0,,,,,,,,,
747,345893,,,0,1,0,0,rare,0.0,,,,,,,,,
748,945668,,,0,0,0,0,common,0.0,,,,,,,,,
749,602811,,,0,1,1,0,common,0.0,,,,,,,,,
750,471571,,,0,1,1,1,common,0.0,,,,,,,,,
751,537964,,,0,0,1,1,rare,1.0,,,,,,,,,
752,413379,,,0,0,0,0,common,0.0,,,,,,,,,
753,233353,,,0,0,0,1,common,1.0,,,,,,,,,
754,255595,,,0,0,1,1,rare,1.0,,,,,,,,,
755,511406,,,0,0,0,1,common,0.0,,,,,,,,,
756,178324,,,0,1,1,0,common,0.0,,,,,,,,,
757,274879,,,0,0,0,1,common,1.0,,,,,,,,,
758,832721,,,0,0,1,1,rare,1.0,,,,,,,,,
759,174829,,,0,0,0,0,common,1.0,,,,,,,,,
760,280048,,,0,1,1,1,common,0.0,,,,,,,,,
761,839820,,,0,0,0,1,common,1.0,,,,,,,,,
762,946725,,,0,0,1,1,rare,0.0,,,,,,,,,
763,347937,,,0,0,0,0,common,1.0,,,,,,,,,
764,730068,,,0,0,1,1,rare,1.0,,,,,,,,,
765,35735,,,0,0,0,1,common,0.0,,,,,,,,,
766,591713,,,0,0,0,0,common,1.0,,,,,,,,,
767,220852,,,0,0,0,0,common,0.0,,,,,,,,,
768,905775,,,0,1,1,1,common,1.0,,,,,,,,,
769,121213,,,0,0,0,1,common,1.0,,,,,,,,,
770,948326,,,0,0,1,1,rare,0.0,,,,,,,,,
771,677256,,,0,0,0,1,common,1.0,,,,,,,,,
772,616472,,,0,0,1,1,rare,1.0,,,,,,,,,
773,327854,,,0,0,0,1,common,0.0,,,,,,,,,
774,66030,,,0,1,0,0,rare,1.0,,,,,,,,,
775,196553,,,0,1,1,1,common,1.0,,,,,,,,,
776,512715,,,0,1,0,0,rare,0.0,,,,,,,,,
777,169459,,,0,0,0,0,common,1.0,,,,,,,,,
778,738856,,,0,1,1,1,common,1.0,,,,,,,,,
779,779742,,,0,1,1,1,common,0.0,,,,,,,,,
780,695160,,,0,0,1,0,rare,0.0,,,,,,,,,
781,456355,,,0,1,0,1,rare,1.0,,,,,,,,,
782,549045,,,0,1,1,1,common,0.0,,,,,,,,,
783,921231,,,0,1,1,1,common,1.0,,,,,,,,,
784,46955,,,0,1,1,1,common,1.0,,,,,,,,,
785,455422,,,0,1,0,0,rare,0.0,,,,,,,,,
786,484331,,,0,0,0,0,common,1.0,,,,,,,,,
787,853548,,,0,1,1,1,common,1.0,,,,,,,,,
788,465484,,,0,0,0,1,common,1.0,,,,,,,,,
789,991676,,,0,0,0,1,common,0.0,,,,,,,,,
790,606530,,,0,0,0,1,common,0.0,,,,,,,,,
791,937737,,,0,1,1,1,common,0.0,,,,,,,,,
792,498066,,,0,0,0,0,common,1.0,,,,,,,,,
793,919743,,,0,1,1,1,common,1.0,,,,,,,,,
794,210457,,,0,1,1,1,common,1.0,,,,,,,,,
795,223131,,,0,1,0,0,rare,1.0,,,,,,,,,
796,496879,,,0,1,0,0,rare,0.0,,,,,,,,,
797,606486,,,0,1,1,1,common,0.0,,,,,,,,,
798,74202,,,0,1,1,1,common,1.0,,,,,,,,,
799,990761,,,0,1,1,1,common,1.0,,,,,,,,,
800,991627,,,0,1,0,0,rare,1.0,,,,,,,,,
801,799848,,,0,0,1,1,rare,1.0,,,,,,,,,
802,849593,,,0,0,0,0,common,1.0,,,,,,,,,
803,980216,,,0,0,0,1,common,0.0,,,,,,,,,
804,313847,,,0,1,1,1,common,1.0,,,,,,,,,
805,342228,,,0,1,1,1,common,0.0,,,,,,,,,
806,91223,,,0,1,1,0,common,0.0,,,,,,,,,
807,216640,,,0,1,1,1,common,1.0,,,,,,,,,
808,17705,,,0,0,1,1,rare,1.0,,,,,,,,,
809,434952,,,0,1,1,1,common,1.0,,,,,,,,,
810,564695,,,0,0,0,0,common,1.0,,,,,,,,,
811,901016,,,0,0,0,0,common,1.0,,,,,,,,,
812,958138,,,0,1,1,1,common,1.0,,,,,,,,,
813,432551,,,0,0,1,1,rare,1.0,,,,,,,,,
814,692815,,,0,0,0,0,common,1.0,,,,,,,,,
815,17668,,,0,1,1,0,common,0.0,,,,,,,,,
816,11644,,,0,0,1,1,rare,1.0,,,,,,,,,
817,265759,,,0,0,0,0,common,1.0,,,,,,,,,
818,195482,,,0,0,0,0,common,1.0,,,,,,,,,
819,183031,,,0,0,0,0,common,1.0,,,,,,,,,
820,479296,,,0,1,1,1,common,1.0,,,,,,,,,
821,50600,,,0,1,0,0,rare,1.0,,,,,,,,,
822,208258,,,0,1,0,0,rare,1.0,,,,,,,,,
823,196653,,,0,1,1,1,common,1.0,,,,,,,,,
824,562414,,,0,0,0,0,common,1.0,,,,,,,,,
825,863802,,,0,0,0,0,common,1.0,,,,,,,,,
826,378043,,,0,0,1,1,rare,1.0,,,,,,,,,
827,502297,,,0,1,1,1,common,1.0,,,,,,,,,
828,720177,,,0,1,1,1,common,0.0,,,,,,,,,
829,566695,,,0,0,0,0,common,1.0,,,,,,,,,
830,204474,,,0,0,1,1,rare,1.0,,,,,,,,,
831,251011,,,0,0,0,0,common,1.0,,,,,,,,,
832,891964,,,0,0,0,0,common,1.0,,,,,,,,,
833,849300,,,0,0,0,0,common,0.0,,,,,,,,,
834,196403,,,0,0,0,0,common,1.0,,,,,,,,,
835,80655,,,0,1,1,1,common,1.0,,,,,,,,,
836,528129,,,0,0,0,0,common,0.0,,,,,,,,,
837,17517,,,0,0,1,1,rare,1.0,,,,,,,,,
838,890304,,,0,1,0,1,rare,0.0,,,,,,,,,
839,539878,,,0,0,0,0,common,1.0,,,,,,,,,
840,577356,,,0,0,1,1,rare,1.0,,,,,,,,,
841,791567,,,0,0,0,0,common,1.0,,,,,,,,,
842,743834,,,0,0,0,0,common,0.0,,,,,,,,,
843,190782,,,0,0,0,1,common,1.0,,,,,,,,,
844,57124,,,0,0,1,1,rare,0.0,,,,,,,,,
845,991805,,,0,0,1,1,rare,0.0,,,,,,,,,
846,519440,,,0,1,1,1,common,0.0,,,,,,,,,
847,57243,,,0,0,0,0,common,0.0,,,,,,,,,
848,982120,,,0,1,0,0,rare,1.0,,,,,,,,,
849,124950,,,0,1,1,1,common,1.0,,,,,,,,,
850,209088,,,0,1,1,1,common,0.0,,,,,,,,,
851,757097,,,0,0,0,0,common,1.0,,,,,,,,,
852,255372,,,0,1,1,1,common,1.0,,,,,,,,,
853,705210,,,0,1,1,1,common,1.0,,,,,,,,,
854,178469,,,0,1,0,0,rare,1.0,,,,,,,,,
855,617144,,,0,1,0,0,rare,0.0,,,,,,,,,
856,998575,,,0,0,0,1,common,1.0,,,,,,,,,
857,362500,,,0,0,0,1,common,0.0,,,,,,,,,
858,601201,,,0,1,0,1,rare,1.0,,,,,,,,,
859,474965,,,0,1,1,1,common,0.0,,,,,,,,,
860,255345,,,0,0,1,1,rare,1.0,,,,,,,,,
861,246518,,,0,1,1,1,common,1.0,,,,,,,,,
862,780145,,,0,1,1,1,common,0.0,,,,,,,,,
863,468456,,,0,0,0,1,common,1.0,,,,,,,,,
864,653987,,,0,0,1,1,rare,1.0,,,,,,,,,
865,156314,,,0,0,0,1,common,0.0,,,,,,,,,
866,999349,,,0,0,0,1,common,1.0,,,,,,,,,
867,779207,,,0,0,0,1,common,0.0,,,,,,,,,
868,999928,,,0,0,1,1,rare,1.0,,,,,,,,,
869,221038,,,0,0,0,0,common,0.0,,,,,,,,,
870,517064,,,0,0,0,1,common,1.0,,,,,,,,,
871,836574,,,0,1,1,1,common,1.0,,,,,,,,,
872,367032,,,0,1,1,1,common,0.0,,,,,,,,,
873,449928,,,0,0,0,1,common,0.0,,,,,,,,,
874,394713,,,0,1,1,1,common,1.0,,,,,,,,,
875,857240,,,0,0,0,0,common,0.0,,,,,,,,,
876,621853,,,0,1,1,1,common,1.0,,,,,,,,,
877,956159,,,0,1,1,1,common,1.0,,,,,,,,,
878,819900,,,0,0,0,1,common,1.0,,,,,,,,,
879,521389,,,0,1,1,1,common,0.0,,,,,,,,,
880,973091,,,0,1,0,1,rare,0.0,,,,,,,,,
881,46618,,,0,0,0,1,common,0.0,,,,,,,,,
882,512637,,,0,0,0,1,common,0.0,,,,,,,,,
883,131680,,,0,0,0,0,common,0.0,,,,,,,,,
884,864349,,,0,1,1,1,common,1.0,,,,,,,,,
885,418780,,,0,1,0,0,rare,0.0,,,,,,,,,
886,955866,,,0,1,1,1,common,0.0,,,,,,,,,
887,581473,,,0,0,0,1,common,0.0,,,,,,,,,
888,487453,,,0,1,1,1,common,1.0,,,,,,,,,
889,241864,,,0,1,1,1,common,0.0,,,,,,,,,
890,342004,,,0,1,0,0,rare,0.0,,,,,,,,,
891,48177,,,0,0,0,0,common,1.0,,,,,,,,,
892,390181,,,0,0,0,1,common,0.0,,,,,,,,,
893,299400,,,0,0,1,0,rare,0.0,,,,,,,,,
894,359532,,,0,1,1,1,common,1.0,,,,,,,,,
895,669920,,,0,1,1,1,common,1.0,,,,,,,,,
896,345138,,,0,1,0,0,rare,1.0,,,,,,,,,
897,504992,,,0,1,1,1,common,1.0,,,,,,,,,
898,505378,,,0,1,0,0,rare,0.0,,,,,,,,,
899,513691,,,0,1,1,1,common,1.0,,,,,,,,,
900,847543,,,0,1,1,1,common,1.0,,,,,,,,,
901,244552,,,0,1,1,1,common,0.0,,,,,,,,,
902,570158,,,0,1,1,1,common,1.0,,,,,,,,,
903,884213,,,0,0,0,1,common,0.0,,,,,,,,,
904,586653,,,0,1,1,1,common,0.0,,,,,,,,,
905,412512,,,0,1,1,1,common,1.0,,,,,,,,,
906,435173,,,0,1,1,1,common,1.0,,,,,,,,,
907,133325,,,0,1,1,1,common,1.0,,,,,,,,,
908,977141,,,0,0,1,1,rare,1.0,,,,,,,,,
909,874783,,,0,1,1,1,common,1.0,,,,,,,,,
910,77322,,,0,0,0,0,common,1.0,,,,,,,,,
911,824479,,,0,1,1,1,common,1.0,,,,,,,,,
912,464958,,,0,1,1,1,common,1.0,,,,,,,,,
913,898483,,,0,1,1,1,common,0.0,,,,,,,,,
914,370066,,,0,1,0,0,rare,0.0,,,,,,,,,
915,625626,,,0,0,1,1,rare,1.0,,,,,,,,,
916,842896,,,0,0,0,0,common,1.0,,,,,,,,,
917,763635,,,0,0,0,0,common,0.0,,,,,,,,,
918,468415,,,0,1,1,1,common,0.0,,,,,,,,,
919,298449,,,0,1,0,1,rare,0.0,,,,,,,,,
920,660989,,,0,0,1,1,rare,1.0,,,,,,,,,
921,587856,,,0,0,0,0,common,0.0,,,,,,,,,
922,107710,,,0,0,1,1,rare,1.0,,,,,,,,,
923,488702,,,0,0,0,0,common,1.0,,,,,,,,,
924,998725,,,0,0,0,0,common,1.0,,,,,,,,,
925,519926,,,0,0,0,0,common,1.0,,,,,,,,,
926,189430,,,0,0,0,0,common,1.0,,,,,,,,,
927,584133,,,0,1,1,1,common,0.0,,,,,,,,,
928,273245,,,0,0,1,1,rare,0.0,,,,,,,,,
929,392178,,,0,0,1,0,rare,0.0,,,,,,,,,
930,905213,,,0,0,1,0,rare,0.0,,,,,,,,,
931,884189,,,0,1,0,0,rare,0.0,,,,,,,,,
932,204932,,,0,1,1,1,common,1.0,,,,,,,,,
933,856938,,,0,1,0,0,rare,1.0,,,,,,,,,
934,443416,,,0,0,0,0,common,1.0,,,,,,,,,
935,210456,,,0,1,1,1,common,1.0,,,,,,,,,
936,797582,,,0,1,1,1,common,0.0,,,,,,,,,
937,31765,,,0,0,0,0,common,1.0,,,,,,,,,
938,153980,,,0,0,0,0,common,0.0,,,,,,,,,
939,663516,,,0,1,1,1,common,0.0,,,,,,,,,
940,224985,,,0,0,0,1,common,0.0,,,,,,,,,
941,785054,,,0,0,0,0,common,0.0,,,,,,,,,
942,912577,,,0,1,0,0,rare,0.0,,,,,,,,,
943,743659,,,0,0,0,1,common,0.0,,,,,,,,,
944,636983,,,0,0,0,0,common,1.0,,,,,,,,,
945,431176,,,0,0,0,1,common,1.0,,,,,,,,,
946,296564,,,0,0,0,0,common,1.0,,,,,,,,,
947,871624,,,0,0,0,0,common,1.0,,,,,,,,,
948,73982,,,0,0,1,0,rare,0.0,,,,,,,,,
949,725770,,,0,1,0,0,rare,0.0,,,,,,,,,
950,979415,,,0,0,0,0,common,0.0,,,,,,,,,
951,150881,,,0,1,1,0,common,1.0,,,,,,,,,
952,506108,,,0,1,1,0,common,0.0,,,,,,,,,
953,444748,,,0,0,1,1,rare,0.0,,,,,,,,,
954,985018,,,0,0,1,0,rare,1.0,,,,,,,,,
955,71913,,,0,0,0,0,common,1.0,,,,,,,,,
956,586428,,,0,0,1,0,rare,0.0,,,,,,,,,
957,387048,,,0,0,0,1,common,1.0,,,,,,,,,
958,582590,,,0,1,1,0,common,0.0,,,,,,,,,
959,120248,,,0,1,1,0,common,0.0,,,,,,,,,
960,541276,,,0,0,1,0,rare,0.0,,,,,,,,,
961,49736,,,0,0,1,0,rare,1.0,,,,,,,,,
962,660754,,,0,1,1,0,common,1.0,,,,,,,,,
963,377932,,,0,0,1,1,rare,1.0,,,,,,,,,
964,972903,,,0,1,0,1,rare,0.0,,,,,,,,,
965,955246,,,0,0,0,0,common,1.0,,,,,,,,,
966,155130,,,0,1,1,1,common,1.0,,,,,,,,,
967,650586,,,0,0,1,1,rare,0.0,,,,,,,,,
968,427213,,,0,0,0,1,common,0.0,,,,,,,,,
969,724678,,,0,0,0,0,common,1.0,,,,,,,,,
970,462950,,,0,1,1,0,common,0.0,,,,,,,,,
971,931214,,,0,0,0,0,common,0.0,,,,,,,,,
972,339742,,,0,1,0,1,rare,0.0,,,,,,,,,
973,956195,,,0,1,0,0,rare,1.0,,,,,,,,,
974,695761,,,0,0,0,0,common,1.0,,,,,,,,,
975,237349,,,0,0,0,0,common,0.0,,,,,,,,,
976,276211,,,0,1,1,0,common,0.0,,,,,,,,,
977,439612,,,0,1,0,0,rare,1.0,,,,,,,,,
978,164775,,,0,0,1,1,rare,1.0,,,,,,,,,
979,309006,,,0,0,1,0,rare,0.0,,,,,,,,,
980,447101,,,0,1,1,1,common,1.0,,,,,,,,,
981,792838,,,0,1,0,0,rare,1.0,,,,,,,,,
982,955174,,,0,1,0,0,rare,1.0,,,,,,,,,
983,17482,,,0,0,0,0,common,1.0,,,,,,,,,
984,792462,,,0,1,1,1,common,0.0,,,,,,,,,
985,919822,,,0,0,0,0,common,1.0,,,,,,,,,
986,335972,,,0,0,1,1,rare,1.0,,,,,,,,,
987,950514,,,0,0,0,0,common,1.0,,,,,,,,,
988,222310,,,0,1,1,1,common,1.0,,,,,,,,,
989,227918,,,0,1,1,0,common,1.0,,,,,,,,,
990,414980,,,0,1,1,1,common,0.0,,,,,,,,,
991,161969,,,0,0,0,0,common,1.0,,,,,,,,,
992,376024,,,0,0,1,0,rare,0.0,,,,,,,,,
993,20258,,,0,0,0,0,common,0.0,,,,,,,,,
994,745041,,,0,1,1,1,common,1.0,,,,,,,,,
995,327188,,,0,0,1,1,rare,1.0,,,,,,,,,
996,545074,,,0,0,1,1,rare,1.0,,,,,,,,,
997,293375,,,0,0,0,0,common,1.0,,,,,,,,,
998,598135,,,0,0,1,1,rare,0.0,,,,,,,,,
999,93061,,,0,0,0,0,common,1.0,,,,,,,,,
1000,617125,,,0,0,0,0,common,0.0,,,,,,,,,
1001,583483,,,0,1,1,1,common,0.0,,,,,,,,,
1002,240467,,,0,1,1,1,common,1.0,,,,,,,,,
1003,384302,,,0,0,1,0,rare,1.0,,,,,,,,,
1004,699637,,,0,1,1,0,common,1.0,,,,,,,,,
1005,199457,,,0,1,0,0,rare,1.0,,,,,,,,,
1006,590197,,,0,1,0,0,rare,1.0,,,,,,,,,
1007,934447,,,0,1,1,1,common,1.0,,,,,,,,,
1008,179572,,,0,1,1,0,common,0.0,,,,,,,,,
1009,368779,,,0,0,0,0,common,1.0,,,,,,,,,
1010,462808,,,0,0,0,0,common,0.0,,,,,,,,,
1011,404275,,,0,1,1,1,common,1.0,,,,,,,,,
1012,595996,,,0,1,0,0,rare,0.0,,,,,,,,,
1013,708384,,,0,0,1,1,rare,1.0,,,,,,,,,
1014,60235,,,0,1,1,1,common,1.0,,,,,,,,,
1015,624907,,,0,1,1,1,common,0.0,,,,,,,,,
1016,652214,,,0,1,1,1,common,1.0,,,,,,,,,
1017,462032,,,0,0,0,0,common,1.0,,,,,,,,,
1018,501324,,,0,1,1,1,common,1.0,,,,,,,,,
1019,3510,,,0,1,1,1,common,1.0,,,,,,,,,
1020,317875,,,0,0,1,1,rare,1.0,,,,,,,,,
1021,721334,,,0,1,1,1,common,1.0,,,,,,,,,
1022,854886,,,0,0,1,1,rare,1.0,,,,,,,,,
1023,399760,,,0,0,0,1,common,0.0,,,,,,,,,
1024,927210,,,0,1,1,1,common,1.0,,,,,,,,,
1025,446303,,,0,0,1,0,rare,0.0,,,,,,,,,
1026,181291,,,0,1,1,1,common,1.0,,,,,,,,,
1027,161778,,,0,1,0,0,rare,0.0,,,,,,,,,
1028,805390,,,0,0,0,0,common,1.0,,,,,,,,,
1029,854078,,,0,1,1,0,common,1.0,,,,,,,,,
1030,104233,,,0,0,0,1,common,0.0,,,,,,,,,
1031,185809,,,0,1,1,0,common,0.0,,,,,,,,,
1032,38353,,,0,1,1,1,common,1.0,,,,,,,,,
1033,400123,,,0,1,1,1,common,1.0,,,,,,,,,
1034,620195,,,0,1,1,1,common,0.0,,,,,,,,,
1035,271053,,,0,0,1,1,rare,1.0,,,,,,,,,
1036,932310,,,0,1,1,1,common,1.0,,,,,,,,,
1037,999618,,,0,0,0,0,common,1.0,,,,,,,,,
1038,373410,,,0,0,0,0,common,0.0,,,,,,,,,
1039,633227,,,0,0,0,1,common,0.0,,,,,,,,,
1040,865651,,,0,0,0,1,common,0.0,,,,,,,,,
1041,940207,,,0,1,1,0,common,0.0,,,,,,,,,
1042,867961,,,0,1,1,1,common,1.0,,,,,,,,,
1043,699076,,,0,1,0,1,rare,0.0,,,,,,,,,
1044,438422,,,0,0,0,0,common,1.0,,,,,,,,,
1045,690732,,,0,0,0,0,common,0.0,,,,,,,,,
1046,667578,,,0,1,1,0,common,0.0,,,,,,,,,
1047,557670,,,0,1,1,1,common,1.0,,,,,,,,,
1048,516328,,,0,0,0,1,common,1.0,,,,,,,,,
1049,308282,,,0,1,1,1,common,0.0,,,,,,,,,
1050,699466,,,0,0,0,1,common,0.0,,,,,,,,,
1051,84980,,,0,0,1,1,rare,1.0,,,,,,,,,
1052,739872,,,0,0,0,1,common,0.0,,,,,,,,,
1053,708314,,,0,1,1,1,common,1.0,,,,,,,,,
1054,488376,,,0,0,0,0,common,0.0,,,,,,,,,
1055,25828,,,0,1,1,1,common,1.0,,,,,,,,,
1056,371505,,,0,1,1,1,common,0.0,,,,,,,,,
1057,754673,,,0,1,1,1,common,0.0,,,,,,,,,
1058,192222,,,0,1,1,1,common,0.0,,,,,,,,,
1059,676913,,,0,0,1,1,rare,1.0,,,,,,,,,
1060,675785,,,0,0,0,0,common,0.0,,,,,,,,,
1061,436292,,,0,0,0,1,common,0.0,,,,,,,,,
1062,169397,,,0,1,1,1,common,1.0,,,,,,,,,
1063,291169,,,0,1,0,0,rare,1.0,,,,,,,,,
1064,36658,,,0,0,1,1,rare,1.0,,,,,,,,,
1065,351656,,,0,1,1,1,common,0.0,,,,,,,,,
1066,28166,,,0,0,0,1,common,0.0,,,,,,,,,
1067,659569,,,0,1,1,1,common,0.0,,,,,,,,,
1068,844059,,,0,0,0,1,common,1.0,,,,,,,,,
1069,20442,,,0,0,0,0,common,1.0,,,,,,,,,
1070,523945,,,0,0,0,1,common,0.0,,,,,,,,,
1071,304100,,,0,0,0,0,common,0.0,,,,,,,,,
1072,100158,,,0,0,0,0,common,1.0,,,,,,,,,
1073,784379,,,0,0,0,0,common,0.0,,,,,,,,,
1074,479170,,,0,1,0,0,rare,1.0,,,,,,,,,
1075,834040,,,0,1,0,0,rare,1.0,,,,,,,,,
1076,653555,,,0,1,0,0,rare,1.0,,,,,,,,,
1077,465915,,,0,1,0,0,rare,1.0,,,,,,,,,
1078,19618,,,0,1,0,0,rare,0.0,,,,,,,,,
1079,518194,,,0,1,1,1,common,1.0,,,,,,,,,
1080,828127,,,0,1,1,1,common,1.0,,,,,,,,,
1081,428747,,,0,1,0,1,rare,0.0,,,,,,,,,
1082,800181,,,0,0,0,0,common,0.0,,,,,,,,,
1083,316402,,,0,1,1,1,common,1.0,,,,,,,,,
1084,443212,,,0,1,1,1,common,1.0,,,,,,,,,
1085,41917,,,0,1,1,1,common,0.0,,,,,,,,,
1086,779203,,,0,1,0,0,rare,0.0,,,,,,,,,
1087,406609,,,0,0,0,1,common,0.0,,,,,,,,,
1088,999149,,,0,1,0,1,rare,0.0,,,,,,,,,
1089,376491,,,0,0,0,1,common,0.0,,,,,,,,,
1090,710147,,,0,0,1,1,rare,1.0,,,,,,,,,
1091,726985,,,0,0,0,1,common,0.0,,,,,,,,,
1092,652034,,,0,1,0,0,rare,1.0,,,,,,,,,
1093,754927,,,0,1,0,0,rare,1.0,,,,,,,,,
1094,569952,,,0,1,1,1,common,1.0,,,,,,,,,
1095,546294,,,0,0,0,0,common,1.0,,,,,,,,,
1096,610238,,,0,1,0,0,rare,1.0,,,,,,,,,
1097,346937,,,0,1,1,1,common,0.0,,,,,,,,,
1098,451174,,,0,1,0,0,rare,1.0,,,,,,,,,
1099,746641,,,0,1,0,0,rare,0.0,,,,,,,,,
1100,435281,,,0,1,0,0,rare,1.0,,,,,,,,,
1101,34980,,,0,1,1,1,common,0.0,,,,,,,,,
1102,31915,,,0,0,0,1,common,1.0,,,,,,,,,
1103,565765,,,0,1,1,1,common,1.0,,,,,,,,,
1104,531081,,,0,0,0,0,common,1.0,,,,,,,,,
1105,30038,,,0,1,1,0,common,0.0,,,,,,,,,
1106,520327,,,0,1,1,1,common,1.0,,,,,,,,,
1107,684172,,,0,1,1,0,common,0.0,,,,,,,,,
1108,559218,,,0,0,1,1,rare,1.0,,,,,,,,,
1109,33219,,,0,0,1,0,rare,0.0,,,,,,,,,
1110,782444,,,0,0,1,1,rare,1.0,,,,,,,,,
1111,404347,,,0,0,1,1,rare,1.0,,,,,,,,,
1112,569108,,,0,0,0,1,common,1.0,,,,,,,,,
1113,494315,,,0,0,0,1,common,0.0,,,,,,,,,
1114,80076,,,0,0,0,0,common,1.0,,,,,,,,,
1115,141149,,,0,0,0,0,common,0.0,,,,,,,,,
1116,921758,,,0,1,0,1,rare,0.0,,,,,,,,,
1117,458695,,,0,1,1,1,common,1.0,,,,,,,,,
1118,57466,,,0,1,0,0,rare,1.0,,,,,,,,,
1119,440242,,,0,0,0,0,common,1.0,,,,,,,,,
1120,458654,,,0,1,1,1,common,1.0,,,,,,,,,
1121,291829,,,0,1,0,0,rare,1.0,,,,,,,,,
1122,365435,,,0,1,1,1,common,1.0,,,,,,,,,
1123,123299,,,0,1,1,1,common,0.0,,,,,,,,,
1124,15486,,,0,0,0,0,common,1.0,,,,,,,,,
1125,446775,,,0,0,0,1,common,1.0,,,,,,,,,
1126,777620,,,0,0,0,0,common,0.0,,,,,,,,,
1127,616832,,,0,1,1,1,common,0.0,,,,,,,,,
1128,637452,,,0,0,0,0,common,1.0,,,,,,,,,
1129,784249,,,0,1,1,0,common,0.0,,,,,,,,,
1130,237194,,,0,0,0,1,common,0.0,,,,,,,,,
1131,792797,,,0,1,1,1,common,1.0,,,,,,,,,
1132,780127,,,0,0,0,0,common,1.0,,,,,,,,,
1133,410320,,,0,1,1,1,common,1.0,,,,,,,,,
1134,723731,,,0,0,0,0,common,1.0,,,,,,,,,
1135,443623,,,0,0,1,0,rare,1.0,,,,,,,,,
1136,876507,,,0,0,1,1,rare,0.0,,,,,,,,,
1137,10802,,,0,1,1,1,common,1.0,,,,,,,,,
1138,891271,,,0,1,0,0,rare,1.0,,,,,,,,,
1139,287487,,,0,1,1,0,common,0.0,,,,,,,,,
1140,157019,,,0,1,1,1,common,0.0,,,,,,,,,
1141,300842,,,0,0,0,0,common,1.0,,,,,,,,,
1142,341051,,,0,0,1,1,rare,1.0,,,,,,,,,
1143,460914,,,0,0,1,0,rare,0.0,,,,,,,,,
1144,856494,,,0,0,1,1,rare,1.0,,,,,,,,,
1145,415260,,,0,0,1,1,rare,0.0,,,,,,,,,
1146,971789,,,0,1,1,1,common,1.0,,,,,,,,,
1147,139247,,,0,1,0,1,rare,1.0,,,,,,,,,
1148,890483,,,0,1,1,1,common,0.0,,,,,,,,,
1149,822337,,,0,1,0,0,rare,1.0,,,,,,,,,
1150,944199,,,0,1,0,1,rare,0.0,,,,,,,,,
1151,250097,,,0,1,1,1,common,1.0,,,,,,,,,
1152,830225,,,0,1,0,0,rare,1.0,,,,,,,,,
1153,816720,,,0,1,0,0,rare,1.0,,,,,,,,,
1154,67452,,,0,1,1,1,common,0.0,,,,,,,,,
1155,791321,,,0,0,0,0,common,0.0,,,,,,,,,
1156,873156,,,0,1,0,0,rare,0.0,,,,,,,,,
1157,148179,,,0,0,0,0,common,0.0,,,,,,,,,
1158,508292,,,0,1,1,1,common,1.0,,,,,,,,,
1159,401614,,,0,0,1,1,rare,1.0,,,,,,,,,
1160,235930,,,0,0,0,1,common,0.0,,,,,,,,,
1161,948230,,,0,1,0,0,rare,1.0,,,,,,,,,
1162,538316,,,0,0,0,0,common,0.0,,,,,,,,,
1163,452885,,,0,1,0,0,rare,0.0,,,,,,,,,
1164,579027,,,0,1,0,1,rare,1.0,,,,,,,,,
1165,537906,,,0,1,1,1,common,1.0,,,,,,,,,
1166,500452,,,0,1,0,1,rare,0.0,,,,,,,,,
1167,72994,,,0,0,0,1,common,1.0,,,,,,,,,
1168,867290,,,0,1,1,1,common,1.0,,,,,,,,,
1169,822043,,,0,0,0,1,common,1.0,,,,,,,,,
1170,56236,,,0,1,1,1,common,1.0,,,,,,,,,
1171,757731,,,0,0,0,1,common,0.0,,,,,,,,,
1172,565878,,,0,0,1,1,rare,0.0,,,,,,,,,
1173,340572,,,0,0,0,1,common,0.0,,,,,,,,,
1174,639367,,,0,1,1,1,common,1.0,,,,,,,,,
1175,52630,,,0,1,1,1,common,1.0,,,,,,,,,
1176,63054,,,0,0,1,1,rare,0.0,,,,,,,,,
1177,295041,,,0,1,1,1,common,0.0,,,,,,,,,
1178,16841,,,0,1,1,0,common,0.0,,,,,,,,,
1179,602709,,,0,1,1,1,common,1.0,,,,,,,,,
1180,90795,,,0,1,0,1,rare,0.0,,,,,,,,,
1181,784822,,,0,1,0,1,rare,0.0,,,,,,,,,
1182,602694,,,0,1,1,1,common,0.0,,,,,,,,,
1183,781881,,,0,1,1,1,common,1.0,,,,,,,,,
1184,287875,,,0,1,1,0,common,1.0,,,,,,,,,
1185,874931,,,0,1,1,0,common,0.0,,,,,,,,,
1186,12116,,,0,1,1,1,common,1.0,,,,,,,,,
1187,730848,,,0,0,1,1,rare,1.0,,,,,,,,,
1188,431677,,,0,1,1,0,common,0.0,,,,,,,,,
1189,456066,,,0,1,1,1,common,1.0,,,,,,,,,
1190,444886,,,0,1,1,1,common,1.0,,,,,,,,,
1191,101705,,,0,1,1,0,common,0.0,,,,,,,,,
1192,350747,,,0,1,1,1,common,0.0,,,,,,,,,
1193,701973,,,0,0,0,1,common,0.0,,,,,,,,,
1194,986361,,,0,0,0,0,common,1.0,,,,,,,,,
1195,676096,,,0,0,1,0,rare,1.0,,,,,,,,,
1196,782032,,,0,0,0,1,common,0.0,,,,,,,,,
1197,1452,,,0,0,0,0,common,1.0,,,,,,,,,
1198,511537,,,0,0,0,0,common,0.0,,,,,,,,,
1199,542278,,,0,1,1,1,common,1.0,,,,,,,,,
1200,572044,,,0,0,0,0,common,1.0,,,,,,,,,
1201,615373,,,0,0,0,0,common,1.0,,,,,,,,,
1202,248759,,,0,0,0,0,common,1.0,,,,,,,,,
1203,206786,,,0,0,0,0,common,1.0,,,,,,,,,
1204,651385,,,0,0,0,0,common,1.0,,,,,,,,,
1205,929542,,,0,0,1,1,rare,1.0,,,,,,,,,
1206,311229,,,0,0,0,0,common,1.0,,,,,,,,,
1207,807999,,,0,0,0,0,common,0.0,,,,,,,,,
1208,860143,,,0,0,0,0,common,1.0,,,,,,,,,
1209,928295,,,0,0,1,1,rare,1.0,,,,,,,,,
1210,831070,,,0,0,1,1,rare,1.0,,,,,,,,,
1211,964519,,,0,0,0,0,common,1.0,,,,,,,,,
1212,86753,,,0,0,1,1,rare,1.0,,,,,,,,,
1213,370167,,,0,0,1,1,rare,0.0,,,,,,,,,
1214,527460,,,0,0,0,1,common,1.0,,,,,,,,,
1215,235223,,,0,0,0,0,common,1.0,,,,,,,,,
1216,786113,,,0,0,1,1,rare,0.0,,,,,,,,,
1217,854333,,,0,1,0,0,rare,1.0,,,,,,,,,
1218,219746,,,0,1,1,0,common,0.0,,,,,,,,,
1219,569685,,,0,0,0,0,common,1.0,,,,,,,,,
1220,267948,,,0,1,1,1,common,0.0,,,,,,,,,
1221,791362,,,0,0,0,0,common,1.0,,,,,,,,,
1222,716142,,,0,0,1,1,rare,1.0,,,,,,,,,
1223,540757,,,0,0,0,0,common,1.0,,,,,,,,,
1224,78117,,,0,1,0,0,rare,1.0,,,,,,,,,
1225,286489,,,0,0,0,1,common,1.0,,,,,,,,,
1226,566665,,,0,1,1,1,common,1.0,,,,,,,,,
1227,245510,,,0,0,0,0,common,1.0,,,,,,,,,
1228,322037,,,0,1,0,0,rare,0.0,,,,,,,,,
1229,170607,,,0,0,1,1,rare,1.0,,,,,,,,,
1230,371424,,,0,0,1,1,rare,1.0,,,,,,,,,
1231,176039,,,0,0,1,1,rare,0.0,,,,,,,,,
1232,258009,,,0,0,0,0,common,1.0,,,,,,,,,
1233,96228,,,0,0,0,0,common,1.0,,,,,,,,,
1234,103761,,,0,0,0,1,common,0.0,,,,,,,,,
1235,631179,,,0,1,0,0,rare,0.0,,,,,,,,,
1236,536554,,,0,0,0,0,common,1.0,,,,,,,,,
1237,512074,,,0,0,0,0,common,1.0,,,,,,,,,
1238,165030,,,0,0,0,0,common,0.0,,,,,,,,,
1239,994439,,,0,1,1,1,common,1.0,,,,,,,,,
1240,403403,,,0,0,0,0,common,1.0,,,,,,,,,
1241,808000,,,0,0,0,0,common,1.0,,,,,,,,,
1242,358988,,,0,0,0,0,common,1.0,,,,,,,,,
1243,754045,,,0,0,0,0,common,1.0,,,,,,,,,
1244,281188,,,0,1,1,1,common,1.0,,,,,,,,,
1245,874099,,,0,0,1,1,rare,1.0,,,,,,,,,
1246,527545,,,0,0,1,1,rare,1.0,,,,,,,,,
1247,580549,,,0,1,0,0,rare,1.0,,,,,,,,,
1248,391188,,,0,0,1,1,rare,0.0,,,,,,,,,
1249,402795,,,0,1,0,0,rare,0.0,,,,,,,,,
1250,716477,,,0,0,0,0,common,1.0,,,,,,,,,
1251,677246,,,0,0,1,1,rare,1.0,,,,,,,,,
1252,843422,,,0,0,0,0,common,1.0,,,,,,,,,
1253,347964,,,0,0,0,0,common,1.0,,,,,,,,,
1254,568004,,,0,0,1,0,rare,0.0,,,,,,,,,
1255,9925,,,0,0,1,1,rare,1.0,,,,,,,,,
1256,327618,,,0,1,1,0,common,1.0,,,,,,,,,
1257,653445,,,0,0,0,0,common,1.0,,,,,,,,,
1258,284410,,,0,0,1,1,rare,1.0,,,,,,,,,
1259,571450,,,0,0,0,1,common,0.0,,,,,,,,,
1260,53107,,,0,1,1,1,common,1.0,,,,,,,,,
1261,802555,,,0,0,0,0,common,0.0,,,,,,,,,
1262,799915,,,0,1,0,0,rare,0.0,,,,,,,,,
1263,429952,,,0,1,1,1,common,0.0,,,,,,,,,
1264,12238,,,0,0,0,1,common,0.0,,,,,,,,,
1265,1395,,,0,1,1,0,common,1.0,,,,,,,,,
1266,776357,,,0,1,0,0,rare,0.0,,,,,,,,,
1267,945113,,,0,1,1,1,common,0.0,,,,,,,,,
1268,527731,,,0,0,1,1,rare,1.0,,,,,,,,,
1269,656460,,,0,0,0,0,common,1.0,,,,,,,,,
1270,247995,,,0,0,0,0,common,0.0,,,,,,,,,
1271,994611,,,0,0,0,0,common,1.0,,,,,,,,,
1272,190449,,,0,1,0,0,rare,1.0,,,,,,,,,
1273,84733,,,0,0,0,0,common,1.0,,,,,,,,,
1274,675453,,,0,0,1,0,rare,0.0,,,,,,,,,
1275,755743,,,0,0,0,0,common,1.0,,,,,,,,,
1276,591849,,,0,0,1,1,rare,1.0,,,,,,,,,
1277,615073,,,0,1,1,1,common,1.0,,,,,,,,,
1278,32443,,,0,0,0,0,common,0.0,,,,,,,,,
1279,607241,,,0,1,1,1,common,1.0,,,,,,,,,
1280,999022,,,0,1,1,1,common,0.0,,,,,,,,,
1281,299261,,,0,1,0,1,rare,0.0,,,,,,,,,
1282,859627,,,0,0,0,0,common,1.0,,,,,,,,,
1283,869476,,,0,0,1,1,rare,1.0,,,,,,,,,
1284,343053,,,0,1,1,1,common,0.0,,,,,,,,,
1285,659175,,,0,0,0,0,common,1.0,,,,,,,,,
1286,812170,,,0,1,1,0,common,1.0,,,,,,,,,
1287,796290,,,0,0,0,1,common,0.0,,,,,,,,,
1288,322131,,,0,0,0,0,common,0.0,,,,,,,,,
1289,813295,,,0,1,1,0,common,0.0,,,,,,,,,
1290,763388,,,0,1,0,0,rare,1.0,,,,,,,,,
1291,427183,,,0,1,1,0,common,0.0,,,,,,,,,
1292,805152,,,0,1,1,1,common,1.0,,,,,,,,,
1293,29890,,,0,0,1,1,rare,0.0,,,,,,,,,
1294,409779,,,0,0,1,1,rare,0.0,,,,,,,,,
1295,553840,,,0,1,0,0,rare,1.0,,,,,,,,,
1296,924939,,,0,1,1,0,common,0.0,,,,,,,,,
1297,691829,,,0,1,0,0,rare,0.0,,,,,,,,,
1298,887837,,,0,1,1,1,common,1.0,,,,,,,,,
1299,225759,,,0,1,1,1,common,1.0,,,,,,,,,
1300,282097,,,0,1,0,0,rare,1.0,,,,,,,,,
1301,488673,,,0,1,1,1,common,1.0,,,,,,,,,
1302,665928,,,0,1,1,1,common,1.0,,,,,,,,,
1303,335378,,,0,1,0,0,rare,0.0,,,,,,,,,
1304,319714,,,0,1,1,1,common,0.0,,,,,,,,,
1305,643822,,,0,0,0,0,common,0.0,,,,,,,,,
1306,54837,,,0,0,0,0,common,1.0,,,,,,,,,
1307,909488,,,0,0,0,0,common,0.0,,,,,,,,,
1308,665897,,,0,1,1,1,common,1.0,,,,,,,,,
1309,273239,,,0,0,0,1,common,0.0,,,,,,,,,
1310,846139,,,0,1,0,1,rare,1.0,,,,,,,,,
1311,410646,,,0,1,0,0,rare,1.0,,,,,,,,,
1312,960635,,,0,0,0,1,common,0.0,,,,,,,,,
1313,463061,,,0,0,0,0,common,1.0,,,,,,,,,
1314,376182,,,0,0,1,1,rare,1.0,,,,,,,,,
1315,588057,,,0,0,0,0,common,0.0,,,,,,,,,
1316,477628,,,0,1,1,1,common,0.0,,,,,,,,,
1317,291340,,,0,1,0,0,rare,1.0,,,,,,,,,
1318,831579,,,0,0,1,0,rare,1.0,,,,,,,,,
1319,508139,,,0,1,1,1,common,1.0,,,,,,,,,
1320,721222,,,0,1,1,1,common,1.0,,,,,,,,,
1321,464624,,,0,1,1,1,common,1.0,,,,,,,,,
1322,810457,,,0,1,0,0,rare,1.0,,,,,,,,,
1323,759973,,,0,0,1,1,rare,1.0,,,,,,,,,
1324,476829,,,0,0,0,0,common,1.0,,,,,,,,,
1325,641183,,,0,0,0,0,common,1.0,,,,,,,,,
1326,167972,,,0,0,0,0,common,1.0,,,,,,,,,
1327,628421,,,0,0,0,0,common,1.0,,,,,,,,,
1328,260355,,,0,1,1,1,common,1.0,,,,,,,,,
1329,2657,,,0,1,1,1,common,1.0,,,,,,,,,
1330,387065,,,0,0,0,0,common,1.0,,,,,,,,,
1331,679160,,,0,0,0,0,common,1.0,,,,,,,,,
1332,640698,,,0,1,1,1,common,1.0,,,,,,,,,
1333,215227,,,0,1,1,1,common,1.0,,,,,,,,,
1334,876516,,,0,0,1,0,rare,0.0,,,,,,,,,
1335,53157,,,0,1,1,1,common,1.0,,,,,,,,,
1336,299588,,,0,1,1,1,common,1.0,,,,,,,,,
1337,317395,,,0,1,1,1,common,1.0,,,,,,,,,
1338,45941,,,0,1,1,1,common,0.0,,,,,,,,,
1339,382096,,,0,0,1,1,rare,0.0,,,,,,,,,
1340,179020,,,0,0,0,0,common,0.0,,,,,,,,,
1341,465865,,,0,1,0,0,rare,1.0,,,,,,,,,
1342,135179,,,0,1,1,0,common,0.0,,,,,,,,,
1343,571613,,,0,1,1,1,common,1.0,,,,,,,,,
1344,207823,,,0,1,1,1,common,0.0,,,,,,,,,
1345,169811,,,0,0,0,0,common,1.0,,,,,,,,,
1346,127156,,,0,1,1,0,common,0.0,,,,,,,,,
1347,661779,,,0,1,0,0,rare,1.0,,,,,,,,,
1348,274228,,,0,1,1,0,common,1.0,,,,,,,,,
1349,486764,,,0,1,1,1,common,0.0,,,,,,,,,
1350,143055,,,0,0,0,0,common,1.0,,,,,,,,,
1351,802303,,,0,0,0,0,common,0.0,,,,,,,,,
1352,95511,,,0,0,0,0,common,1.0,,,,,,,,,
1353,578818,,,0,1,1,1,common,1.0,,,,,,,,,
1354,846939,,,0,1,1,1,common,1.0,,,,,,,,,
1355,207542,,,0,0,0,0,common,1.0,,,,,,,,,
1356,300186,,,0,0,0,0,common,1.0,,,,,,,,,
1357,543080,,,0,0,0,0,common,1.0,,,,,,,,,
1358,567163,,,0,0,0,0,common,1.0,,,,,,,,,
1359,40551,,,0,1,1,0,common,0.0,,,,,,,,,
1360,444376,,,0,1,1,1,common,0.0,,,,,,,,,
1361,200437,,,0,1,1,0,common,0.0,,,,,,,,,
1362,170700,,,0,0,0,0,common,1.0,,,,,,,,,
1363,311453,,,0,1,1,1,common,1.0,,,,,,,,,
1364,31195,,,0,0,0,0,common,1.0,,,,,,,,,
1365,66462,,,0,0,0,0,common,0.0,,,,,,,,,
1366,747172,,,0,1,1,1,common,1.0,,,,,,,,,
1367,205977,,,0,1,1,1,common,0.0,,,,,,,,,
1368,691048,,,0,0,1,1,rare,1.0,,,,,,,,,
1369,340863,,,0,1,1,1,common,1.0,,,,,,,,,
1370,359723,,,0,0,0,1,common,0.0,,,,,,,,,
1371,584823,,,0,1,0,1,rare,1.0,,,,,,,,,
1372,734816,,,0,1,1,0,common,0.0,,,,,,,,,
1373,325025,,,0,1,1,1,common,1.0,,,,,,,,,
1374,545015,,,0,1,1,1,common,1.0,,,,,,,,,
1375,960178,,,0,1,1,0,common,0.0,,,,,,,,,
1376,179597,,,0,0,0,0,common,0.0,,,,,,,,,
1377,404746,,,0,1,1,1,common,1.0,,,,,,,,,
1378,774540,,,0,1,1,0,common,1.0,,,,,,,,,
1379,624760,,,0,1,1,1,common,0.0,,,,,,,,,
1380,78312,,,0,1,1,1,common,0.0,,,,,,,,,
1381,155585,,,0,0,1,1,rare,1.0,,,,,,,,,
1382,252191,,,0,0,1,0,rare,1.0,,,,,,,,,
1383,884344,,,0,0,1,0,rare,0.0,,,,,,,,,
1384,968915,,,0,1,1,1,common,1.0,,,,,,,,,
1385,841617,,,0,1,1,1,common,1.0,,,,,,,,,
1386,948485,,,0,1,1,1,common,1.0,,,,,,,,,
1387,17790,,,0,1,0,1,rare,0.0,,,,,,,,,
1388,788285,,,0,1,1,0,common,0.0,,,,,,,,,
1389,272560,,,0,0,1,1,rare,1.0,,,,,,,,,
1390,632301,,,0,0,0,1,common,0.0,,,,,,,,,
1391,338416,,,0,1,0,0,rare,1.0,,,,,,,,,
1392,923798,,,0,1,1,1,common,1.0,,,,,,,,,
1393,71294,,,0,1,1,1,common,1.0,,,,,,,,,
1394,162206,,,0,1,0,0,rare,0.0,,,,,,,,,
1395,370147,,,0,0,0,0,common,1.0,,,,,,,,,
1396,804215,,,0,0,1,1,rare,1.0,,,,,,,,,
1397,242184,,,0,1,1,1,common,1.0,,,,,,,,,
1398,123136,,,0,0,0,0,common,1.0,,,,,,,,,
1399,492088,,,0,0,0,0,common,0.0,,,,,,,,,
1400,751884,,,0,1,1,1,common,1.0,,,,,,,,,
1401,968883,,,0,1,1,1,common,1.0,,,,,,,,,
1402,535827,,,0,0,0,0,common,1.0,,,,,,,,,
1403,494274,,,0,0,0,0,common,1.0,,,,,,,,,
1404,604830,,,0,1,1,1,common,1.0,,,,,,,,,
1405,405414,,,0,1,0,0,rare,1.0,,,,,,,,,
1406,234183,,,0,1,0,0,rare,1.0,,,,,,,,,
1407,962975,,,0,0,0,0,common,1.0,,,,,,,,,
1408,114375,,,0,1,1,1,common,1.0,,,,,,,,,
1409,868992,,,0,0,1,1,rare,1.0,,,,,,,,,
1410,849212,,,0,0,1,1,rare,1.0,,,,,,,,,
1411,654133,,,0,1,1,1,common,0.0,,,,,,,,,
1412,865548,,,0,1,1,1,common,1.0,,,,,,,,,
1413,708209,,,0,0,1,0,rare,0.0,,,,,,,,,
1414,420828,,,0,1,1,1,common,0.0,,,,,,,,,
1415,671734,,,0,1,0,0,rare,1.0,,,,,,,,,
1416,626579,,,0,1,0,0,rare,1.0,,,,,,,,,
1417,799357,,,0,1,1,1,common,1.0,,,,,,,,,
1418,101997,,,0,1,0,0,rare,1.0,,,,,,,,,
1419,357954,,,0,0,1,1,rare,0.0,,,,,,,,,
1420,625912,,,0,1,0,0,rare,1.0,,,,,,,,,
1421,454383,,,0,1,1,1,common,0.0,,,,,,,,,
1422,686979,,,0,0,0,0,common,0.0,,,,,,,,,
1423,50516,,,0,0,1,0,rare,0.0,,,,,,,,,
1424,216089,,,0,0,0,0,common,1.0,,,,,,,,,
1425,995709,,,0,1,1,1,common,1.0,,,,,,,,,
1426,160355,,,0,1,1,1,common,1.0,,,,,,,,,
1427,62182,,,0,1,0,0,rare,1.0,,,,,,,,,
1428,874705,,,0,1,1,1,common,1.0,,,,,,,,,
1429,968946,,,0,1,1,1,common,0.0,,,,,,,,,
1430,875695,,,0,1,1,1,common,1.0,,,,,,,,,
1431,609547,,,0,0,0,0,common,1.0,,,,,,,,,
1432,617258,,,0,1,1,1,common,1.0,,,,,,,,,
1433,695041,,,0,0,0,0,common,1.0,,,,,,,,,
1434,182265,,,0,0,1,1,rare,1.0,,,,,,,,,
1435,433841,,,0,0,0,0,common,1.0,,,,,,,,,
1436,124312,,,0,0,0,0,common,1.0,,,,,,,,,
1437,944701,,,0,0,0,0,common,1.0,,,,,,,,,
1438,200255,,,0,0,0,0,common,1.0,,,,,,,,,
1439,345582,,,0,0,0,0,common,0.0,,,,,,,,,
1440,462688,,,0,1,1,1,common,1.0,,,,,,,,,
1441,782796,,,0,1,0,0,rare,1.0,,,,,,,,,
1442,910478,,,0,1,1,1,common,1.0,,,,,,,,,
1443,997609,,,0,1,1,1,common,1.0,,,,,,,,,
1444,650710,,,0,1,0,0,rare,1.0,,,,,,,,,
1445,97789,,,0,0,1,0,rare,0.0,,,,,,,,,
1446,811869,,,0,0,0,0,common,1.0,,,,,,,,,
1447,375162,,,0,1,1,1,common,1.0,,,,,,,,,
1448,348651,,,0,0,0,0,common,0.0,,,,,,,,,
1449,833400,,,0,1,1,1,common,1.0,,,,,,,,,
1450,800382,,,0,0,0,0,common,1.0,,,,,,,,,
1451,91133,,,0,1,1,1,common,1.0,,,,,,,,,
1452,60259,,,0,1,0,0,rare,0.0,,,,,,,,,
1453,982202,,,0,0,1,1,rare,1.0,,,,,,,,,
1454,4429,,,0,0,0,1,common,0.0,,,,,,,,,
1455,362739,,,0,1,1,1,common,0.0,,,,,,,,,
1456,425207,,,0,1,1,1,common,1.0,,,,,,,,,
1457,19096,,,0,0,1,0,rare,0.0,,,,,,,,,
1458,601713,,,0,1,0,1,rare,0.0,,,,,,,,,
1459,273718,,,0,1,1,0,common,1.0,,,,,,,,,
1460,842834,,,0,1,1,1,common,1.0,,,,,,,,,
1461,727818,,,0,1,1,1,common,1.0,,,,,,,,,
1462,404646,,,0,1,1,1,common,1.0,,,,,,,,,
1463,156757,,,0,1,0,0,rare,0.0,,,,,,,,,
1464,663783,,,0,0,0,0,common,1.0,,,,,,,,,
1465,447919,,,0,1,0,0,rare,1.0,,,,,,,,,
1466,991423,,,0,1,1,1,common,1.0,,,,,,,,,
1467,546559,,,0,0,0,0,common,1.0,,,,,,,,,
1468,647397,,,0,1,0,0,rare,1.0,,,,,,,,,
1469,211600,,,0,1,0,0,rare,0.0,,,,,,,,,
1470,235457,,,0,0,0,0,common,0.0,,,,,,,,,
1471,349436,,,0,0,1,1,rare,0.0,,,,,,,,,
1472,601664,,,0,0,1,1,rare,1.0,,,,,,,,,
1473,662443,,,0,1,1,1,common,1.0,,,,,,,,,
1474,558168,,,0,1,1,1,common,1.0,,,,,,,,,
1475,360948,,,0,1,1,1,common,0.0,,,,,,,,,
1476,865306,,,0,0,0,0,common,0.0,,,,,,,,,
1477,904724,,,0,1,1,1,common,0.0,,,,,,,,,
1478,688267,,,0,1,0,1,rare,0.0,,,,,,,,,
1479,8355,,,0,0,1,0,rare,0.0,,,,,,,,,
1480,474908,,,0,1,1,1,common,1.0,,,,,,,,,
1481,284962,,,0,1,1,1,common,1.0,,,,,,,,,
1482,982549,,,0,1,0,1,rare,1.0,,,,,,,,,
1483,537295,,,0,1,1,1,common,0.0,,,,,,,,,
1484,898274,,,0,1,0,1,rare,0.0,,,,,,,,,
1485,180743,,,0,1,1,1,common,0.0,,,,,,,,,
1486,18889,,,0,0,1,1,rare,1.0,,,,,,,,,
1487,720196,,,0,0,0,0,common,0.0,,,,,,,,,
1488,659694,,,0,0,1,1,rare,0.0,,,,,,,,,
1489,904185,,,0,1,1,0,common,0.0,,,,,,,,,
1490,658259,,,0,1,1,0,common,0.0,,,,,,,,,
1491,492332,,,0,0,0,1,common,0.0,,,,,,,,,
1492,373614,,,0,1,1,1,common,0.0,,,,,,,,,
1493,132502,,,0,1,1,1,common,1.0,,,,,,,,,
1494,232028,,,0,0,0,1,common,0.0,,,,,,,,,
1495,447186,,,0,0,0,1,common,0.0,,,,,,,,,
1496,702641,,,0,1,1,1,common,1.0,,,,,,,,,
1497,371523,,,0,1,1,1,common,1.0,,,,,,,,,
1498,320774,,,0,0,1,1,rare,1.0,,,,,,,,,
1499,156625,,,0,0,0,0,common,1.0,,,,,,,,,
1500,364005,,,0,0,0,0,common,1.0,,,,,,,,,
1501,448323,,,0,1,1,1,common,0.0,,,,,,,,,
1502,250248,,,0,0,0,0,common,1.0,,,,,,,,,
1503,61725,,,0,1,0,0,rare,1.0,,,,,,,,,
1504,298863,,,0,1,1,0,common,0.0,,,,,,,,,
1505,190195,,,0,0,0,0,common,1.0,,,,,,,,,
1506,430915,,,0,0,0,0,common,1.0,,,,,,,,,
1507,484855,,,0,0,1,1,rare,1.0,,,,,,,,,
1508,902733,,,0,0,0,0,common,1.0,,,,,,,,,
1509,646441,,,0,1,1,1,common,1.0,,,,,,,,,
1510,177118,,,0,0,0,0,common,1.0,,,,,,,,,
1511,56580,,,0,0,1,1,rare,1.0,,,,,,,,,
1512,390059,,,0,0,1,1,rare,1.0,,,,,,,,,
1513,825554,,,0,0,0,1,common,0.0,,,,,,,,,
1514,825157,,,0,0,0,0,common,1.0,,,,,,,,,
1515,568462,,,0,1,1,1,common,1.0,,,,,,,,,
1516,151410,,,0,0,0,0,common,1.0,,,,,,,,,
1517,250060,,,0,0,1,1,rare,1.0,,,,,,,,,
1518,226310,,,0,0,0,0,common,0.0,,,,,,,,,
1519,922656,,,0,1,1,1,common,0.0,,,,,,,,,
1520,915859,,,0,0,0,0,common,1.0,,,,,,,,,
1521,465838,,,0,1,1,1,common,0.0,,,,,,,,,
1522,890804,,,0,1,0,0,rare,0.0,,,,,,,,,
1523,53221,,,0,0,0,1,common,0.0,,,,,,,,,
1524,436972,,,0,0,1,1,rare,0.0,,,,,,,,,
1525,106751,,,0,0,0,0,common,0.0,,,,,,,,,
1526,807947,,,0,0,0,0,common,0.0,,,,,,,,,
1527,608861,,,0,1,0,1,rare,0.0,,,,,,,,,
1528,428653,,,0,0,0,1,common,0.0,,,,,,,,,
1529,614273,,,0,0,0,1,common,0.0,,,,,,,,,
1530,61638,,,0,0,1,0,rare,0.0,,,,,,,,,
1531,855816,,,0,1,1,1,common,1.0,,,,,,,,,
1532,405049,,,0,1,0,0,rare,1.0,,,,,,,,,
1533,31541,,,0,1,1,1,common,0.0,,,,,,,,,
1534,879214,,,0,1,1,1,common,1.0,,,,,,,,,
1535,888776,,,0,1,1,1,common,1.0,,,,,,,,,
1536,589967,,,0,1,1,1,common,1.0,,,,,,,,,
1537,528543,,,0,1,1,1,common,1.0,,,,,,,,,
1538,94465,,,0,1,0,0,rare,1.0,,,,,,,,,
1539,735164,,,0,0,0,0,common,1.0,,,,,,,,,
1540,907772,,,0,1,1,1,common,1.0,,,,,,,,,
1541,959510,,,0,1,1,1,common,1.0,,,,,,,,,
1542,520858,,,0,1,0,1,rare,0.0,,,,,,,,,
1543,623004,,,0,0,0,0,common,0.0,,,,,,,,,
1544,588455,,,0,1,1,1,common,1.0,,,,,,,,,
1545,152143,,,0,1,1,1,common,1.0,,,,,,,,,
1546,535123,,,0,1,0,0,rare,0.0,,,,,,,,,
1547,122121,,,0,1,0,0,rare,0.0,,,,,,,,,
1548,634542,,,0,1,1,1,common,1.0,,,,,,,,,
1549,473920,,,0,1,1,1,common,1.0,,,,,,,,,
1550,643827,,,0,0,0,0,common,0.0,,,,,,,,,
1551,79189,,,0,0,0,0,common,1.0,,,,,,,,,
1552,924811,,,0,1,1,1,common,1.0,,,,,,,,,
1553,357760,,,0,1,0,0,rare,1.0,,,,,,,,,
1554,592179,,,0,1,1,1,common,1.0,,,,,,,,,
1555,735552,,,0,0,0,0,common,0.0,,,,,,,,,
1556,320594,,,0,1,1,1,common,1.0,,,,,,,,,
1557,715306,,,0,1,1,1,common,0.0,,,,,,,,,
1558,287242,,,0,1,1,1,common,1.0,,,,,,,,,
1559,91013,,,0,1,0,0,rare,1.0,,,,,,,,,
1560,597374,,,0,1,1,0,common,0.0,,,,,,,,,
1561,962979,,,0,1,1,1,common,0.0,,,,,,,,,
1562,256711,,,0,0,1,1,rare,1.0,,,,,,,,,
1563,326682,,,0,0,0,0,common,1.0,,,,,,,,,
1564,528802,,,0,0,0,1,common,0.0,,,,,,,,,
1565,208908,,,0,0,1,1,rare,1.0,,,,,,,,,
1566,40781,,,0,0,0,0,common,1.0,,,,,,,,,
1567,613729,,,0,0,0,0,common,0.0,,,,,,,,,
1568,264293,,,0,0,0,0,common,1.0,,,,,,,,,
1569,884002,,,0,0,0,0,common,1.0,,,,,,,,,
1570,223926,,,0,0,0,1,common,0.0,,,,,,,,,
1571,72382,,,0,0,0,0,common,1.0,,,,,,,,,
1572,157869,,,0,0,0,1,common,0.0,,,,,,,,,
1573,278727,,,0,0,1,1,rare,0.0,,,,,,,,,
1574,748553,,,0,1,0,0,rare,1.0,,,,,,,,,
1575,618138,,,0,1,1,1,common,0.0,,,,,,,,,
1576,474220,,,0,0,1,1,rare,1.0,,,,,,,,,
1577,761747,,,0,1,0,1,rare,0.0,,,,,,,,,
1578,104795,,,0,0,1,1,rare,1.0,,,,,,,,,
1579,271172,,,0,1,1,0,common,0.0,,,,,,,,,
1580,731338,,,0,0,0,0,common,1.0,,,,,,,,,
1581,11600,,,0,0,0,0,common,1.0,,,,,,,,,
1582,184104,,,0,0,1,1,rare,1.0,,,,,,,,,
1583,932270,,,0,0,0,1,common,0.0,,,,,,,,,
1584,844627,,,0,1,1,1,common,1.0,,,,,,,,,
1585,18491,,,0,0,1,1,rare,1.0,,,,,,,,,
1586,666644,,,0,0,1,0,rare,0.0,,,,,,,,,
1587,927697,,,0,1,1,1,common,0.0,,,,,,,,,
1588,504682,,,0,0,1,1,rare,1.0,,,,,,,,,
1589,42612,,,0,0,1,1,rare,1.0,,,,,,,,,
1590,267505,,,0,0,0,0,common,1.0,,,,,,,,,
1591,751960,,,0,0,0,0,common,0.0,,,,,,,,,
1592,819903,,,0,1,1,0,common,0.0,,,,,,,,,
1593,738278,,,0,0,1,1,rare,1.0,,,,,,,,,
1594,483328,,,0,0,1,1,rare,0.0,,,,,,,,,
1595,590658,,,0,0,1,1,rare,0.0,,,,,,,,,
1596,589009,,,0,0,0,1,common,0.0,,,,,,,,,
1597,370981,,,0,1,0,0,rare,1.0,,,,,,,,,
1598,113651,,,0,1,0,0,rare,1.0,,,,,,,,,
1599,655932,,,0,1,1,1,common,1.0,,,,,,,,,
1600,90895,,,0,1,1,1,common,1.0,,,,,,,,,
1601,695309,,,0,1,0,0,rare,0.0,,,,,,,,,
1602,345383,,,0,1,1,1,common,0.0,,,,,,,,,
1603,253394,,,0,1,0,0,rare,0.0,,,,,,,,,
1604,220463,,,0,0,0,0,common,1.0,,,,,,,,,
1605,226960,,,0,0,0,0,common,0.0,,,,,,,,,
1606,142099,,,0,1,0,0,rare,1.0,,,,,,,,,
1607,653079,,,0,1,1,1,common,0.0,,,,,,,,,
1608,367326,,,0,1,0,0,rare,0.0,,,,,,,,,
1609,647356,,,0,0,1,1,rare,0.0,,,,,,,,,
1610,462824,,,0,1,1,1,common,1.0,,,,,,,,,
1611,831406,,,0,1,1,1,common,1.0,,,,,,,,,
1612,142054,,,0,1,0,0,rare,1.0,,,,,,,,,
1613,907242,,,0,1,0,0,rare,1.0,,,,,,,,,
1614,972488,,,0,0,0,0,common,1.0,,,,,,,,,
1615,11999,,,0,1,1,1,common,0.0,,,,,,,,,
1616,170807,,,0,0,0,0,common,1.0,,,,,,,,,
1617,599142,,,0,1,0,0,rare,1.0,,,,,,,,,
1618,109344,,,0,1,0,0,rare,0.0,,,,,,,,,
1619,152441,,,0,1,1,0,common,0.0,,,,,,,,,
1620,905302,,,0,0,0,0,common,0.0,,,,,,,,,
1621,78340,,,0,0,0,0,common,1.0,,,,,,,,,
1622,235003,,,0,0,0,0,common,0.0,,,,,,,,,
1623,213621,,,0,0,0,0,common,1.0,,,,,,,,,
1624,809912,,,0,1,1,1,common,1.0,,,,,,,,,
1625,731223,,,0,0,0,0,common,1.0,,,,,,,,,
1626,332450,,,0,0,0,1,common,1.0,,,,,,,,,
1627,245873,,,0,0,0,1,common,1.0,,,,,,,,,
1628,279586,,,0,0,1,1,rare,0.0,,,,,,,,,
1629,401269,,,0,0,0,0,common,1.0,,,,,,,,,
1630,997782,,,0,1,1,1,common,1.0,,,,,,,,,
1631,958700,,,0,0,0,0,common,1.0,,,,,,,,,
1632,713284,,,0,1,1,1,common,1.0,,,,,,,,,
1633,285981,,,0,1,1,1,common,1.0,,,,,,,,,
1634,593501,,,0,1,1,1,common,0.0,,,,,,,,,
1635,690833,,,0,0,0,0,common,1.0,,,,,,,,,
1636,676753,,,0,0,0,0,common,1.0,,,,,,,,,
1637,578744,,,0,0,0,0,common,1.0,,,,,,,,,
1638,670650,,,0,0,0,0,common,0.0,,,,,,,,,
1639,675553,,,0,1,1,0,common,1.0,,,,,,,,,
1640,232656,,,0,0,1,1,rare,1.0,,,,,,,,,
1641,790191,,,0,0,0,0,common,0.0,,,,,,,,,
1642,936440,,,0,0,1,1,rare,1.0,,,,,,,,,
1643,231374,,,0,0,0,1,common,1.0,,,,,,,,,
1644,729118,,,0,0,0,1,common,1.0,,,,,,,,,
1645,556609,,,0,1,0,1,rare,0.0,,,,,,,,,
1646,89873,,,0,1,1,1,common,1.0,,,,,,,,,
1647,282865,,,0,1,1,1,common,1.0,,,,,,,,,
1648,164499,,,0,0,0,0,common,1.0,,,,,,,,,
1649,218112,,,0,1,1,1,common,1.0,,,,,,,,,
1650,291202,,,0,1,1,1,common,1.0,,,,,,,,,
1651,876201,,,0,1,1,1,common,0.0,,,,,,,,,
1652,628606,,,0,0,0,1,common,0.0,,,,,,,,,
1653,366962,,,0,0,0,0,common,1.0,,,,,,,,,
1654,284387,,,0,0,0,1,common,1.0,,,,,,,,,
1655,625467,,,0,0,0,0,common,1.0,,,,,,,,,
1656,113040,,,0,0,0,1,common,0.0,,,,,,,,,
1657,698540,,,0,1,1,1,common,1.0,,,,,,,,,
1658,474023,,,0,0,0,0,common,1.0,,,,,,,,,
1659,404541,,,0,0,1,1,rare,1.0,,,,,,,,,
1660,114394,,,0,1,0,0,rare,1.0,,,,,,,,,
1661,245735,,,0,0,0,0,common,1.0,,,,,,,,,
1662,493024,,,0,1,1,1,common,1.0,,,,,,,,,
1663,679970,,,0,0,1,0,rare,0.0,,,,,,,,,
1664,544855,,,0,1,0,1,rare,0.0,,,,,,,,,
1665,995434,,,0,0,1,1,rare,0.0,,,,,,,,,
1666,394812,,,0,1,1,1,common,0.0,,,,,,,,,
1667,465241,,,0,1,0,0,rare,1.0,,,,,,,,,
1668,785472,,,0,1,1,1,common,1.0,,,,,,,,,
1669,161522,,,0,1,0,1,rare,0.0,,,,,,,,,
1670,879059,,,0,0,0,0,common,0.0,,,,,,,,,
1671,944751,,,0,1,1,0,common,1.0,,,,,,,,,
1672,169683,,,0,1,1,1,common,1.0,,,,,,,,,
1673,857335,,,0,1,1,1,common,0.0,,,,,,,,,
1674,998676,,,0,1,1,0,common,0.0,,,,,,,,,
1675,444994,,,0,0,0,0,common,1.0,,,,,,,,,
1676,85439,,,0,0,0,0,common,0.0,,,,,,,,,
1677,45999,,,0,0,1,1,rare,1.0,,,,,,,,,
1678,35973,,,0,0,0,0,common,1.0,,,,,,,,,
1679,296930,,,0,0,0,0,common,1.0,,,,,,,,,
1680,528277,,,0,0,0,0,common,1.0,,,,,,,,,
1681,976220,,,0,0,0,0,common,1.0,,,,,,,,,
1682,795328,,,0,1,1,1,common,1.0,,,,,,,,,
1683,733430,,,0,0,1,1,rare,0.0,,,,,,,,,
1684,408938,,,0,0,0,0,common,1.0,,,,,,,,,
1685,535880,,,0,0,1,1,rare,0.0,,,,,,,,,
1686,476408,,,0,0,0,0,common,1.0,,,,,,,,,
1687,508254,,,0,1,0,0,rare,0.0,,,,,,,,,
1688,561266,,,0,0,0,0,common,0.0,,,,,,,,,
1689,216543,,,0,1,1,0,common,0.0,,,,,,,,,
1690,20773,,,0,0,0,0,common,1.0,,,,,,,,,
1691,764,,,0,0,0,0,common,0.0,,,,,,,,,
1692,788596,,,0,0,0,0,common,1.0,,,,,,,,,
1693,583068,,,0,0,1,1,rare,1.0,,,,,,,,,
1694,680887,,,0,0,0,0,common,1.0,,,,,,,,,
1695,335425,,,0,0,0,0,common,1.0,,,,,,,,,
1696,121169,,,0,1,1,0,common,0.0,,,,,,,,,
1697,114094,,,0,0,0,0,common,1.0,,,,,,,,,
1698,980278,,,0,0,0,0,common,1.0,,,,,,,,,
1699,535540,,,0,1,0,0,rare,1.0,,,,,,,,,
1700,587350,,,0,0,1,1,rare,1.0,,,,,,,,,
1701,775565,,,0,0,0,0,common,1.0,,,,,,,,,
1702,224610,,,0,0,0,0,common,0.0,,,,,,,,,
1703,16992,,,0,0,0,0,common,0.0,,,,,,,,,
1704,622289,,,0,1,1,1,common,1.0,,,,,,,,,
1705,685794,,,0,0,1,1,rare,1.0,,,,,,,,,
1706,79219,,,0,1,1,0,common,0.0,,,,,,,,,
1707,415359,,,0,0,1,1,rare,1.0,,,,,,,,,
1708,699901,,,0,0,0,0,common,1.0,,,,,,,,,
1709,116710,,,0,0,1,1,rare,1.0,,,,,,,,,
1710,327846,,,0,1,0,0,rare,1.0,,,,,,,,,
1711,311174,,,0,0,1,1,rare,1.0,,,,,,,,,
1712,257896,,,0,1,1,1,common,1.0,,,,,,,,,
1713,305268,,,0,1,1,1,common,0.0,,,,,,,,,
1714,173961,,,0,0,1,1,rare,1.0,,,,,,,,,
1715,557457,,,0,0,0,1,common,0.0,,,,,,,,,
1716,28277,,,0,0,0,0,common,1.0,,,,,,,,,
1717,561336,,,0,0,0,0,common,1.0,,,,,,,,,
1718,297848,,,0,0,0,0,common,0.0,,,,,,,,,
1719,266141,,,0,0,0,1,common,1.0,,,,,,,,,
1720,933809,,,0,0,1,1,rare,0.0,,,,,,,,,
1721,44501,,,0,1,0,1,rare,0.0,,,,,,,,,
1722,987354,,,0,1,1,1,common,1.0,,,,,,,,,
1723,326038,,,0,1,1,1,common,1.0,,,,,,,,,
1724,381090,,,0,1,1,1,common,0.0,,,,,,,,,
1725,342204,,,0,0,0,0,common,0.0,,,,,,,,,
1726,320702,,,0,1,1,1,common,1.0,,,,,,,,,
1727,225581,,,0,1,0,0,rare,0.0,,,,,,,,,
1728,963192,,,0,0,1,1,rare,1.0,,,,,,,,,
1729,156199,,,0,0,1,1,rare,1.0,,,,,,,,,
1730,237649,,,0,0,0,1,common,1.0,,,,,,,,,
1731,625726,,,0,0,0,1,common,0.0,,,,,,,,,
1732,437231,,,0,0,0,1,common,0.0,,,,,,,,,
1733,323559,,,0,1,1,1,common,1.0,,,,,,,,,
1734,952771,,,0,1,0,0,rare,1.0,,,,,,,,,
1735,590063,,,0,1,1,1,common,1.0,,,,,,,,,
1736,613666,,,0,1,1,1,common,0.0,,,,,,,,,
1737,760847,,,0,1,0,0,rare,0.0,,,,,,,,,
1738,621858,,,0,0,0,0,common,1.0,,,,,,,,,
1739,991493,,,0,1,0,0,rare,0.0,,,,,,,,,
1740,578555,,,0,0,1,1,rare,0.0,,,,,,,,,
1741,697476,,,0,0,0,1,common,0.0,,,,,,,,,
1742,424412,,,0,0,0,1,common,0.0,,,,,,,,,
1743,43952,,,0,0,0,0,common,1.0,,,,,,,,,
1744,217242,,,0,0,1,1,rare,1.0,,,,,,,,,
1745,507676,,,0,0,0,0,common,1.0,,,,,,,,,
1746,640327,,,0,0,0,0,common,1.0,,,,,,,,,
1747,779511,,,0,0,0,0,common,1.0,,,,,,,,,
1748,466521,,,0,0,0,0,common,1.0,,,,,,,,,
1749,64712,,,0,1,1,1,common,1.0,,,,,,,,,
1750,924439,,,0,1,0,0,rare,1.0,,,,,,,,,
1751,805622,,,0,0,1,1,rare,1.0,,,,,,,,,
1752,288815,,,0,1,1,1,common,1.0,,,,,,,,,
1753,360122,,,0,0,0,0,common,1.0,,,,,,,,,
1754,910566,,,0,0,1,1,rare,1.0,,,,,,,,,
1755,163134,,,0,0,0,1,common,0.0,,,,,,,,,
1756,544091,,,0,1,1,1,common,1.0,,,,,,,,,
1757,866147,,,0,0,1,1,rare,1.0,,,,,,,,,
1758,509283,,,0,1,1,1,common,1.0,,,,,,,,,
1759,699751,,,0,1,1,1,common,0.0,,,,,,,,,
1760,526643,,,0,0,1,1,rare,1.0,,,,,,,,,
1761,287052,,,0,0,0,0,common,1.0,,,,,,,,,
1762,622363,,,0,0,0,0,common,1.0,,,,,,,,,
1763,738132,,,0,0,1,1,rare,1.0,,,,,,,,,
1764,764170,,,0,1,0,1,rare,0.0,,,,,,,,,
1765,976598,,,0,0,1,1,rare,1.0,,,,,,,,,
1766,546763,,,0,0,1,1,rare,1.0,,,,,,,,,
1767,960614,,,0,0,0,0,common,1.0,,,,,,,,,
1768,517338,,,0,0,0,0,common,1.0,,,,,,,,,
1769,903456,,,0,0,0,0,common,0.0,,,,,,,,,
1770,634871,,,0,1,0,0,rare,1.0,,,,,,,,,
1771,359756,,,0,0,0,0,common,1.0,,,,,,,,,
1772,722619,,,0,1,1,1,common,1.0,,,,,,,,,
1773,763726,,,0,1,1,1,common,1.0,,,,,,,,,
1774,550568,,,0,1,1,1,common,0.0,,,,,,,,,
1775,460233,,,0,0,0,0,common,1.0,,,,,,,,,
1776,979782,,,0,0,0,1,common,0.0,,,,,,,,,
1777,440868,,,0,1,1,1,common,1.0,,,,,,,,,
1778,14763,,,0,1,0,0,rare,0.0,,,,,,,,,
1779,604947,,,0,0,1,1,rare,1.0,,,,,,,,,
1780,134222,,,0,0,0,1,common,1.0,,,,,,,,,
1781,428086,,,0,0,0,0,common,0.0,,,,,,,,,
1782,75973,,,0,1,1,1,common,1.0,,,,,,,,,
1783,546616,,,0,0,1,1,rare,1.0,,,,,,,,,
1784,481178,,,0,0,0,0,common,1.0,,,,,,,,,
1785,275108,,,0,0,0,1,common,1.0,,,,,,,,,
1786,31459,,,0,1,1,1,common,1.0,,,,,,,,,
1787,420265,,,0,1,1,1,common,1.0,,,,,,,,,
1788,819179,,,0,0,0,1,common,1.0,,,,,,,,,
1789,915444,,,0,1,1,1,common,1.0,,,,,,,,,
1790,341192,,,0,0,1,1,rare,0.0,,,,,,,,,
1791,851308,,,0,1,1,1,common,1.0,,,,,,,,,
1792,730816,,,0,0,1,1,rare,0.0,,,,,,,,,
1793,114451,,,0,1,1,1,common,1.0,,,,,,,,,
1794,169359,,,0,1,1,1,common,0.0,,,,,,,,,
1795,474020,,,0,1,0,0,rare,1.0,,,,,,,,,
1796,313124,,,0,1,0,1,rare,0.0,,,,,,,,,
1797,60255,,,0,0,0,0,common,1.0,,,,,,,,,
1798,948763,,,0,0,1,0,rare,0.0,,,,,,,,,
1799,783448,,,0,1,1,0,common,0.0,,,,,,,,,
1800,159764,,,0,0,1,1,rare,0.0,,,,,,,,,
1801,976809,,,0,1,1,1,common,0.0,,,,,,,,,
1802,113201,,,0,0,0,0,common,1.0,,,,,,,,,
1803,866021,,,0,1,0,0,rare,1.0,,,,,,,,,
1804,525403,,,0,0,0,0,common,1.0,,,,,,,,,
1805,201967,,,0,0,1,1,rare,1.0,,,,,,,,,
1806,826205,,,0,1,0,0,rare,1.0,,,,,,,,,
1807,780958,,,0,1,0,0,rare,1.0,,,,,,,,,
1808,36949,,,0,0,0,1,common,0.0,,,,,,,,,
1809,706414,,,0,1,0,0,rare,0.0,,,,,,,,,
1810,163591,,,0,0,0,0,common,0.0,,,,,,,,,
1811,93667,,,0,1,1,1,common,1.0,,,,,,,,,
1812,225419,,,0,1,1,1,common,1.0,,,,,,,,,
1813,942903,,,0,1,0,0,rare,1.0,,,,,,,,,
1814,283410,,,0,1,1,1,common,1.0,,,,,,,,,
1815,936022,,,0,1,0,0,rare,0.0,,,,,,,,,
1816,488295,,,0,1,0,0,rare,1.0,,,,,,,,,
1817,662176,,,0,1,1,1,common,0.0,,,,,,,,,
1818,63835,,,0,1,1,1,common,1.0,,,,,,,,,
1819,715675,,,0,0,0,0,common,1.0,,,,,,,,,
1820,594291,,,0,0,1,1,rare,1.0,,,,,,,,,
1821,461504,,,0,0,1,0,rare,0.0,,,,,,,,,
1822,459350,,,0,0,0,1,common,0.0,,,,,,,,,
1823,726183,,,0,1,0,0,rare,0.0,,,,,,,,,
1824,104830,,,0,1,1,1,common,1.0,,,,,,,,,
1825,171764,,,0,1,1,1,common,1.0,,,,,,,,,
1826,477477,,,0,1,0,0,rare,1.0,,,,,,,,,
1827,17318,,,0,0,1,1,rare,0.0,,,,,,,,,
1828,403937,,,0,1,0,1,rare,1.0,,,,,,,,,
1829,189175,,,0,1,1,1,common,1.0,,,,,,,,,
1830,982262,,,0,1,0,0,rare,1.0,,,,,,,,,
1831,403467,,,0,1,1,1,common,1.0,,,,,,,,,
1832,291354,,,0,1,1,1,common,1.0,,,,,,,,,
1833,625285,,,0,0,0,0,common,1.0,,,,,,,,,
1834,828906,,,0,1,1,1,common,1.0,,,,,,,,,
1835,439423,,,0,1,1,1,common,1.0,,,,,,,,,
1836,750582,,,0,1,1,1,common,1.0,,,,,,,,,
1837,855732,,,0,1,0,0,rare,1.0,,,,,,,,,
1838,601354,,,0,1,1,0,common,0.0,,,,,,,,,
1839,854054,,,0,1,0,0,rare,1.0,,,,,,,,,
1840,783476,,,0,1,1,1,common,0.0,,,,,,,,,
1841,189454,,,0,0,0,0,common,1.0,,,,,,,,,
1842,645108,,,0,0,0,0,common,1.0,,,,,,,,,
1843,450407,,,0,0,1,1,rare,1.0,,,,,,,,,
1844,848855,,,0,0,0,0,common,1.0,,,,,,,,,
1845,864550,,,0,0,0,0,common,1.0,,,,,,,,,
1846,655150,,,0,0,0,1,common,1.0,,,,,,,,,
1847,505493,,,0,0,0,0,common,0.0,,,,,,,,,
1848,691632,,,0,0,0,1,common,1.0,,,,,,,,,
1849,599374,,,0,1,1,1,common,0.0,,,,,,,,,
1850,437201,,,0,0,1,0,rare,0.0,,,,,,,,,
1851,961672,,,0,0,0,1,common,0.0,,,,,,,,,
1852,434183,,,0,0,0,0,common,0.0,,,,,,,,,
1853,351953,,,0,0,0,1,common,0.0,,,,,,,,,
1854,122534,,,0,1,1,1,common,1.0,,,,,,,,,
1855,169545,,,0,1,0,1,rare,1.0,,,,,,,,,
1856,589769,,,0,1,1,1,common,1.0,,,,,,,,,
1857,786664,,,0,1,0,0,rare,1.0,,,,,,,,,
1858,648719,,,0,1,0,0,rare,1.0,,,,,,,,,
1859,613087,,,0,1,1,1,common,0.0,,,,,,,,,
1860,41272,,,0,0,0,1,common,1.0,,,,,,,,,
1861,870513,,,0,1,1,1,common,0.0,,,,,,,,,
1862,722977,,,0,0,0,1,common,0.0,,,,,,,,,
1863,506654,,,0,0,0,0,common,1.0,,,,,,,,,
1864,715652,,,0,0,0,0,common,1.0,,,,,,,,,
1865,923324,,,0,0,0,0,common,0.0,,,,,,,,,
1866,799333,,,0,1,1,1,common,1.0,,,,,,,,,
1867,341074,,,0,0,0,1,common,0.0,,,,,,,,,
1868,377578,,,0,1,1,1,common,0.0,,,,,,,,,
1869,964087,,,0,0,1,1,rare,1.0,,,,,,,,,
1870,326790,,,0,0,1,1,rare,1.0,,,,,,,,,
1871,458870,,,0,1,0,0,rare,1.0,,,,,,,,,
1872,326408,,,0,0,1,1,rare,1.0,,,,,,,,,
1873,396059,,,0,0,0,0,common,1.0,,,,,,,,,
1874,356139,,,0,0,1,1,rare,1.0,,,,,,,,,
1875,682186,,,0,1,1,1,common,1.0,,,,,,,,,
1876,38909,,,0,1,1,1,common,1.0,,,,,,,,,
1877,743235,,,0,1,1,0,common,0.0,,,,,,,,,
1878,767303,,,0,0,0,0,common,0.0,,,,,,,,,
1879,386676,,,0,0,0,0,common,1.0,,,,,,,,,
1880,920443,,,0,1,1,1,common,1.0,,,,,,,,,
1881,507845,,,0,1,1,1,common,1.0,,,,,,,,,
1882,913415,,,0,0,1,1,rare,1.0,,,,,,,,,
1883,462505,,,0,0,1,1,rare,0.0,,,,,,,,,
1884,709414,,,0,1,1,1,common,0.0,,,,,,,,,
1885,380169,,,0,1,0,0,rare,0.0,,,,,,,,,
1886,872415,,,0,0,0,0,common,1.0,,,,,,,,,
1887,492100,,,0,0,0,1,common,0.0,,,,,,,,,
1888,659180,,,0,0,0,0,common,1.0,,,,,,,,,
1889,653579,,,0,0,0,0,common,0.0,,,,,,,,,
1890,366258,,,0,0,1,1,rare,1.0,,,,,,,,,
1891,578733,,,0,1,0,0,rare,1.0,,,,,,,,,
1892,352514,,,0,1,1,1,common,1.0,,,,,,,,,
1893,950107,,,0,1,1,1,common,1.0,,,,,,,,,
1894,855439,,,0,0,0,0,common,1.0,,,,,,,,,
1895,24629,,,0,1,0,0,rare,1.0,,,,,,,,,
1896,835092,,,0,1,0,0,rare,1.0,,,,,,,,,
1897,518063,,,0,0,0,0,common,0.0,,,,,,,,,
1898,394019,,,0,1,1,1,common,1.0,,,,,,,,,
1899,795064,,,0,1,1,1,common,0.0,,,,,,,,,
1900,86986,,,0,0,1,1,rare,1.0,,,,,,,,,
1901,896605,,,0,1,0,0,rare,1.0,,,,,,,,,
1902,782258,,,0,1,0,0,rare,1.0,,,,,,,,,
1903,823417,,,0,1,0,0,rare,1.0,,,,,,,,,
1904,119364,,,0,1,1,1,common,1.0,,,,,,,,,
1905,50492,,,0,1,1,1,common,0.0,,,,,,,,,
1906,898150,,,0,0,0,0,common,1.0,,,,,,,,,
1907,301909,,,0,0,0,0,common,1.0,,,,,,,,,
1908,868036,,,0,0,0,0,common,1.0,,,,,,,,,
1909,145311,,,0,1,1,1,common,1.0,,,,,,,,,
1910,110622,,,0,0,0,0,common,1.0,,,,,,,,,
1911,802982,,,0,0,0,1,common,0.0,,,,,,,,,
1912,782771,,,0,0,0,0,common,1.0,,,,,,,,,
1913,522026,,,0,1,1,1,common,1.0,,,,,,,,,
1914,164770,,,0,1,1,1,common,1.0,,,,,,,,,
1915,143273,,,0,0,0,0,common,0.0,,,,,,,,,
1916,626133,,,0,1,1,1,common,1.0,,,,,,,,,
1917,911992,,,0,1,0,0,rare,0.0,,,,,,,,,
1918,632935,,,0,1,1,1,common,1.0,,,,,,,,,
1919,637746,,,0,1,1,1,common,1.0,,,,,,,,,
1920,614953,,,0,1,0,0,rare,1.0,,,,,,,,,
1921,735123,,,0,1,1,1,common,1.0,,,,,,,,,
1922,256310,,,0,0,0,0,common,1.0,,,,,,,,,
1923,242965,,,0,1,1,1,common,1.0,,,,,,,,,
1924,588124,,,0,0,0,0,common,0.0,,,,,,,,,
1925,522334,,,0,1,1,1,common,1.0,,,,,,,,,
1926,554697,,,0,0,0,0,common,0.0,,,,,,,,,
1927,680954,,,0,1,1,1,common,0.0,,,,,,,,,
1928,127087,,,0,1,1,0,common,0.0,,,,,,,,,
1929,96568,,,0,0,0,0,common,0.0,,,,,,,,,
1930,597971,,,0,1,1,1,common,1.0,,,,,,,,,
1931,897000,,,0,1,1,1,common,1.0,,,,,,,,,
1932,13271,,,0,0,1,1,rare,1.0,,,,,,,,,
1933,559436,,,0,1,1,1,common,1.0,,,,,,,,,
1934,30811,,,0,1,1,1,common,0.0,,,,,,,,,
1935,67745,,,0,0,0,1,common,1.0,,,,,,,,,
1936,463352,,,0,0,1,1,rare,1.0,,,,,,,,,
1937,831436,,,0,0,0,1,common,0.0,,,,,,,,,
1938,364759,,,0,0,1,1,rare,1.0,,,,,,,,,
1939,939559,,,0,0,0,1,common,0.0,,,,,,,,,
1940,90934,,,0,1,1,1,common,1.0,,,,,,,,,
1941,637643,,,0,1,1,1,common,1.0,,,,,,,,,
1942,116408,,,0,1,0,1,rare,1.0,,,,,,,,,
1943,661379,,,0,1,1,1,common,1.0,,,,,,,,,
1944,923978,,,0,1,1,1,common,0.0,,,,,,,,,
1945,523926,,,0,0,0,1,common,0.0,,,,,,,,,
1946,120809,,,0,1,0,0,rare,1.0,,,,,,,,,
1947,674217,,,0,1,0,0,rare,0.0,,,,,,,,,
1948,979868,,,0,1,0,0,rare,1.0,,,,,,,,,
1949,871124,,,0,0,0,1,common,0.0,,,,,,,,,
1950,686085,,,0,1,0,1,rare,0.0,,,,,,,,,
1951,586970,,,0,1,1,1,common,1.0,,,,,,,,,
1952,822067,,,0,0,0,1,common,0.0,,,,,,,,,
1953,803905,,,0,1,1,1,common,1.0,,,,,,,,,
1954,601213,,,0,1,0,0,rare,1.0,,,,,,,,,
1955,520420,,,0,1,1,1,common,1.0,,,,,,,,,
1956,29245,,,0,1,0,0,rare,0.0,,,,,,,,,
1957,650187,,,0,1,1,1,common,1.0,,,,,,,,,
1958,739787,,,0,1,0,1,rare,0.0,,,,,,,,,
1959,684797,,,0,1,1,0,common,1.0,,,,,,,,,
1960,117989,,,0,1,0,0,rare,1.0,,,,,,,,,
1961,455724,,,0,1,1,1,common,0.0,,,,,,,,,
1962,27946,,,0,0,0,0,common,0.0,,,,,,,,,
1963,251405,,,0,1,1,1,common,1.0,,,,,,,,,
1964,59615,,,0,1,1,1,common,1.0,,,,,,,,,
1965,37140,,,0,1,0,0,rare,0.0,,,,,,,,,
1966,548763,,,0,1,1,1,common,1.0,,,,,,,,,
1967,30685,,,0,1,0,1,rare,0.0,,,,,,,,,
1968,221529,,,0,1,1,0,common,0.0,,,,,,,,,
1969,811420,,,0,1,0,1,rare,0.0,,,,,,,,,
1970,906779,,,0,1,0,0,rare,1.0,,,,,,,,,
1971,702219,,,0,1,0,0,rare,1.0,,,,,,,,,
1972,696592,,,0,1,1,1,common,1.0,,,,,,,,,
1973,106939,,,0,1,1,1,common,0.0,,,,,,,,,
1974,917198,,,0,1,0,1,rare,0.0,,,,,,,,,
1975,606055,,,0,1,1,1,common,1.0,,,,,,,,,
1976,758849,,,0,1,1,1,common,1.0,,,,,,,,,
1977,819330,,,0,0,0,1,common,0.0,,,,,,,,,
1978,857441,,,0,1,1,1,common,1.0,,,,,,,,,
1979,32555,,,0,1,1,1,common,1.0,,,,,,,,,
1980,568055,,,0,1,1,1,common,0.0,,,,,,,,,
1981,42196,,,0,1,0,0,rare,1.0,,,,,,,,,
1982,596538,,,0,1,0,0,rare,1.0,,,,,,,,,
1983,764520,,,0,1,1,1,common,1.0,,,,,,,,,
1984,30860,,,0,1,1,1,common,1.0,,,,,,,,,
1985,207573,,,0,1,1,1,common,1.0,,,,,,,,,
1986,545333,,,0,0,1,1,rare,1.0,,,,,,,,,
1987,632415,,,0,1,0,0,rare,1.0,,,,,,,,,
1988,514616,,,0,1,0,0,rare,1.0,,,,,,,,,
1989,34283,,,0,1,1,1,common,1.0,,,,,,,,,
1990,188423,,,0,1,1,1,common,1.0,,,,,,,,,
1991,650784,,,0,1,1,0,common,0.0,,,,,,,,,
1992,894367,,,0,0,0,0,common,0.0,,,,,,,,,
1993,416268,,,0,1,0,0,rare,1.0,,,,,,,,,
1994,971990,,,0,1,0,0,rare,1.0,,,,,,,,,
1995,367923,,,0,1,1,1,common,0.0,,,,,,,,,
1996,926669,,,0,1,1,1,common,1.0,,,,,,,,,
1997,636607,,,0,1,1,1,common,1.0,,,,,,,,,
1998,460058,,,0,1,0,0,rare,1.0,,,,,,,,,
1999,80898,,,0,1,1,1,common,1.0,,,,,,,,,
