seed,trial,path_choice,reward_total,junction_pause_duration,reorientation_count,retreat_return_count,commit_latency,commit_reason,junction_deliberation_proxy,mode_at_junction,final_mode,one_shot_fired,config_name,ablation_name
42,0,covered,0.0,3,0,0,2,bound,2.4849066497880004,explore,exploit,False,stage3_1a,full
42,1,covered,1.0,3,0,0,2,bound,2.4849066497880004,explore,exploit,False,stage3_1a,full
42,2,covered,0.0,3,0,0,2,bound,2.4849066497880004,explore,exploit,False,stage3_1a,full
42,3,covered,1.0,5,2,0,4,bound,5.401197381662155,explore,exploit,False,stage3_1a,full
42,4,covered,1.0,3,0,0,2,bound,2.4849066497880004,explore,exploit,False,stage3_1a,full
42,5,covered,0.0,5,1,0,4,bound,4.401197381662155,explore,exploit,False,stage3_1a,full
42,6,open,0.0,3,0,0,2,bound,2.4849066497880004,explore,exploit,False,stage3_1a,full
42,7,covered,0.0,3,0,0,2,bound,2.4849066497880004,explore,exploit,False,stage3_1a,full
42,8,open,1.0,7,3,0,6,bound,7.02535169073515,explore,exploit,False,stage3_1a,full
42,9,covered,1.0,3,0,0,2,bound,2.4849066497880004,explore,exploit,False,stage3_1a,full
42,10,covered,1.0,5,1,0,4,bound,4.401197381662155,explore,exploit,False,stage3_1a,full
42,11,covered,1.0,7,4,0,6,timeout,8.02535169073515,explore,exploit,False,stage3_1a,full
42,12,open,0.0,3,0,0,2,bound,2.4849066497880004,explore,exploit,False,stage3_1a,full
42,13,covered,1.0,3,0,0,2,bound,2.4849066497880004,explore,exploit,False,stage3_1a,full
42,14,open,1.0,7,4,0,6,timeout,8.02535169073515,explore,exploit,False,stage3_1a,full
42,15,open,1.0,5,2,0,4,bound,5.401197381662155,explore,exploit,False,stage3_1a,full
42,16,covered,0.0,5,2,0,4,bound,5.401197381662155,explore,exploit,False,stage3_1a,full
42,17,covered,0.0,7,3,0,6,timeout,7.02535169073515,explore,exploit,False,stage3_1a,full
42,18,covered,1.0,3,0,0,2,bound,2.4849066497880004,explore,exploit,False,stage3_1a,full
42,19,open,0.0,7,4,0,6,bound,8.02535169073515,explore,exploit,False,stage3_1a,full
42,20,covered,0.0,3,0,0,2,bound,2.4849066497880004,explore,exploit,False,stage3_1a,full
42,21,covered,0.0,3,0,0,2,bound,2.4849066497880004,explore,exploit,False,stage3_1a,full
42,22,covered,1.0,3,0,0,2,bound,2.4849066497880004,explore,exploit,False,stage3_1a,full
42,23,covered,1.0,7,3,0,6,bound,7.02535169073515,explore,exploit,False,stage3_1a,full
42,24,covered,1.0,5,2,0,4,bound,5.401197381662155,explore,exploit,False,stage3_1a,full
42,25,open,1.0,3,0,0,2,bound,2.4849066497880004,explore,exploit,False,stage3_1a,full
42,26,covered,0.0,7,5,0,6,timeout,9.02535169073515,explore,exploit,False,stage3_1a,full
42,27,covered,0.0,3,0,0,2,bound,2.4849066497880004,explore,exploit,False,stage3_1a,full
42,28,covered,1.0,3,0,0,2,bound,2.4849066497880004,explore,exploit,False,stage3_1a,full
42,29,open,1.0,3,0,0,2,bound,2.4849066497880004,explore,exploit,False,stage3_1a,full
42,30,open,1.0,3,0,0,2,bound,2.4849066497880004,explore,exploit,False,stage3_1a,full
42,31,covered,1.0,3,0,0,2,bound,2.4849066497880004,explore,exploit,False,stage3_1a,full
42,32,covered,1.0,3,0,0,2,bound,2.4849066497880004,explore,exploit,False,stage3_1a,full
42,33,covered,1.0,7,3,0,6,bound,7.02535169073515,explore,exploit,False,stage3_1a,full
42,34,open,1.0,7,3,0,6,bound,7.02535169073515,explore,exploit,False,stage3_1a,full
42,35,covered,1.0,7,4,0,6,timeout,8.02535169073515,explore,exploit,False,stage3_1a,full
42,36,covered,0.0,3,0,0,2,bound,2.4849066497880004,explore,exploit,False,stage3_1a,full
42,37,open,0.0,3,0,0,2,bound,2.4849066497880004,explore,exploit,False,stage3_1a,full
42,38,covered,1.0,3,0,0,2,bound,2.4849066497880004,explore,exploit,False,stage3_1a,full
42,39,covered,0.0,5,1,0,4,bound,4.401197381662155,explore,exploit,False,stage3_1a,full
42,40,covered,0.0,3,0,0,2,bound,2.4849066497880004,explore,exploit,False,stage3_1a,full
42,41,open,1.0,5,2,0,4,bound,5.401197381662155,explore,exploit,False,stage3_1a,full
42,42,open,1.0,3,0,0,2,bound,2.4849066497880004,explore,exploit,False,stage3_1a,full
42,43,covered,1.0,7,3,0,6,timeout,7.02535169073515,explore,exploit,False,stage3_1a,full
42,44,open,1.0,3,0,0,2,bound,2.4849066497880004,explore,exploit,False,stage3_1a,full
42,45,open,1.0,3,0,0,2,bound,2.4849066497880004,explore,exploit,False,stage3_1a,full
42,46,covered,0.0,7,3,0,6,bound,7.02535169073515,explore,exploit,False,stage3_1a,full
42,47,covered,1.0,5,2,0,4,bound,5.401197381662155,explore,exploit,False,stage3_1a,full
42,48,covered,0.0,7,3,0,6,timeout,7.02535169073515,explore,exploit,False,stage3_1a,full
42,49,covered,1.0,7,3,0,6,bound,7.02535169073515,explore,exploit,False,stage3_1a,full
42,50,covered,1.0,3,0,0,2,bound,2.4849066497880004,explore,exploit,False,stage3_1a,full
42,51,covered,1.0,5,2,0,4,bound,5.401197381662155,explore,exploit,False,stage3_1a,full
42,52,covered,1.0,7,4,0,6,bound,8.02535169073515,explore,exploit,False,stage3_1a,full
42,53,covered,1.0,7,5,0,6,timeout,9.02535169073515,explore,exploit,False,stage3_1a,full
42,54,covered,1.0,3,0,0,2,bound,2.4849066497880004,explore,exploit,False,stage3_1a,full
42,55,open,0.0,5,1,0,4,bound,4.401197381662155,explore,exploit,False,stage3_1a,full
42,56,covered,1.0,5,2,0,4,bound,5.401197381662155,explore,exploit,False,stage3_1a,full
42,57,open,1.0,3,0,0,2,bound,2.4849066497880004,explore,exploit,False,stage3_1a,full
42,58,covered,1.0,3,0,0,2,bound,2.4849066497880004,explore,exploit,False,stage3_1a,full
42,59,covered,1.0,5,1,0,4,bound,4.401197381662155,explore,exploit,False,stage3_1a,full
42,60,covered,1.0,7,3,0,6,bound,7.02535169073515,explore,exploit,False,stage3_1a,full
42,61,covered,1.0,7,3,0,6,bound,7.02535169073515,explore,exploit,False,stage3_1a,full
42,62,covered,1.0,3,0,0,2,bound,2.4849066497880004,explore,exploit,False,stage3_1a,full
42,63,open,1.0,3,0,0,2,bound,2.4849066497880004,explore,exploit,False,stage3_1a,full
42,64,covered,0.0,3,0,0,2,bound,2.4849066497880004,explore,exploit,False,stage3_1a,full
42,65,covered,1.0,3,0,0,2,bound,2.4849066497880004,explore,exploit,False,stage3_1a,full
42,66,covered,1.0,3,0,0,2,bound,2.4849066497880004,explore,exploit,False,stage3_1a,full
42,67,open,1.0,3,0,0,2,bound,2.4849066497880004,explore,exploit,False,stage3_1a,full
42,68,covered,1.0,3,0,0,2,bound,2.4849066497880004,explore,exploit,False,stage3_1a,full
42,69,covered,1.0,5,1,0,4,bound,4.401197381662155,explore,exploit,False,stage3_1a,full
42,70,covered,1.0,3,0,0,2,bound,2.4849066497880004,explore,exploit,False,stage3_1a,full
42,71,covered,0.0,3,0,0,2,bound,2.4849066497880004,explore,exploit,False,stage3_1a,full
42,72,covered,1.0,7,3,0,6,bound,7.02535169073515,explore,exploit,False,stage3_1a,full
42,73,covered,1.0,3,0,0,2,bound,2.4849066497880004,explore,exploit,False,stage3_1a,full
42,74,covered,0.0,5,1,0,4,bound,4.401197381662155,explore,exploit,False,stage3_1a,full
42,75,open,1.0,7,3,0,6,timeout,7.02535169073515,explore,exploit,False,stage3_1a,full
42,76,covered,1.0,3,0,0,2,bound,2.4849066497880004,explore,exploit,False,stage3_1a,full
42,77,covered,0.0,3,0,0,2,bound,2.4849066497880004,explore,exploit,False,stage3_1a,full
42,78,covered,1.0,3,0,0,2,bound,2.4849066497880004,explore,exploit,False,stage3_1a,full
42,79,open,1.0,7,3,0,6,timeout,7.02535169073515,explore,exploit,False,stage3_1a,full
42,80,open,1.0,3,0,0,2,bound,2.4849066497880004,explore,exploit,False,stage3_1a,full
42,81,open,1.0,7,3,0,6,bound,7.02535169073515,explore,exploit,False,stage3_1a,full
42,82,covered,1.0,7,4,0,6,timeout,8.02535169073515,explore,exploit,False,stage3_1a,full
42,83,covered,1.0,5,1,0,4,bound,4.401197381662155,explore,exploit,False,stage3_1a,full
42,84,covered,1.0,7,2,0,6,bound,6.02535169073515,explore,exploit,False,stage3_1a,full
42,85,open,1.0,3,0,0,2,bound,2.4849066497880004,explore,exploit,False,stage3_1a,full
42,86,covered,1.0,7,2,0,6,bound,6.02535169073515,explore,exploit,False,stage3_1a,full
42,87,covered,1.0,7,3,0,6,bound,7.02535169073515,explore,exploit,False,stage3_1a,full
42,88,covered,0.0,3,0,0,2,bound,2.4849066497880004,explore,exploit,False,stage3_1a,full
42,89,open,0.0,3,0,0,2,bound,2.4849066497880004,explore,exploit,False,stage3_1a,full
42,90,open,1.0,3,0,0,2,bound,2.4849066497880004,explore,exploit,False,stage3_1a,full
42,91,open,1.0,5,2,0,4,bound,5.401197381662155,explore,exploit,False,stage3_1a,full
42,92,covered,0.0,3,0,0,2,bound,2.4849066497880004,explore,exploit,False,stage3_1a,full
42,93,covered,0.0,3,0,0,2,bound,2.4849066497880004,explore,exploit,False,stage3_1a,full
42,94,covered,0.0,3,0,0,2,bound,2.4849066497880004,explore,exploit,False,stage3_1a,full
42,95,open,1.0,7,2,0,6,bound,6.02535169073515,explore,exploit,False,stage3_1a,full
42,96,covered,1.0,3,0,0,2,bound,2.4849066497880004,explore,exploit,False,stage3_1a,full
42,97,covered,1.0,3,0,0,2,bound,2.4849066497880004,explore,exploit,False,stage3_1a,full
42,98,open,0.0,3,0,0,2,bound,2.4849066497880004,explore,exploit,False,stage3_1a,full
42,99,covered,1.0,3,0,0,2,bound,2.4849066497880004,explore,exploit,False,stage3_1a,full
