seed,trial,path_choice,reward_total,junction_pause_duration,reorientation_count,retreat_return_count,commit_latency,commit_reason,junction_deliberation_proxy,mode_at_junction,final_mode,one_shot_fired,config_name,ablation_name,source_file
42,0,covered,0.0,7,3,0,6,bound,7.02535169073515,explore,exploit,False,stage3_1a,full,stage3_1a_seed42_trials.csv
42,1,covered,1.0,5,1,0,4,bound,4.401197381662155,explore,exploit,False,stage3_1a,full,stage3_1a_seed42_trials.csv
42,2,covered,0.0,5,1,0,4,bound,4.401197381662155,explore,exploit,False,stage3_1a,full,stage3_1a_seed42_trials.csv
42,3,open,1.0,5,1,0,4,bound,4.401197381662155,explore,exploit,False,stage3_1a,full,stage3_1a_seed42_trials.csv
42,4,open,1.0,5,1,0,4,bound,4.401197381662155,explore,exploit,False,stage3_1a,full,stage3_1a_seed42_trials.csv
42,5,open,0.0,7,4,0,6,timeout,8.02535169073515,explore,exploit,False,stage3_1a,full,stage3_1a_seed42_trials.csv
42,6,open,0.0,5,2,0,4,bound,5.401197381662155,explore,exploit,False,stage3_1a,full,stage3_1a_seed42_trials.csv
42,7,covered,0.0,5,2,0,4,bound,5.401197381662155,explore,exploit,False,stage3_1a,full,stage3_1a_seed42_trials.csv
42,8,covered,1.0,5,1,0,4,bound,4.401197381662155,explore,exploit,False,stage3_1a,full,stage3_1a_seed42_trials.csv
42,9,open,1.0,4,0,0,3,bound,2.995732273553991,explore,exploit,False,stage3_1a,full,stage3_1a_seed42_trials.csv
42,10,open,1.0,4,0,0,3,bound,2.995732273553991,explore,exploit,False,stage3_1a,full,stage3_1a_seed42_trials.csv
42,11,open,0.0,7,3,0,6,bound,7.02535169073515,explore,exploit,False,stage3_1a,full,stage3_1a_seed42_trials.csv
42,12,open,1.0,7,3,0,6,bound,7.02535169073515,explore,exploit,False,stage3_1a,full,stage3_1a_seed42_trials.csv
42,13,covered,0.0,5,1,0,4,bound,4.401197381662155,explore,exploit,False,stage3_1a,full,stage3_1a_seed42_trials.csv
42,14,open,1.0,5,1,0,4,bound,4.401197381662155,explore,exploit,False,stage3_1a,full,stage3_1a_seed42_trials.csv
42,15,covered,1.0,7,3,0,6,bound,7.02535169073515,explore,exploit,False,stage3_1a,full,stage3_1a_seed42_trials.csv
42,16,open,1.0,5,1,0,4,bound,4.401197381662155,explore,exploit,False,stage3_1a,full,stage3_1a_seed42_trials.csv
42,17,open,1.0,7,4,0,6,timeout,8.02535169073515,explore,exploit,False,stage3_1a,full,stage3_1a_seed42_trials.csv
42,18,covered,0.0,5,2,0,4,bound,5.401197381662155,explore,exploit,False,stage3_1a,full,stage3_1a_seed42_trials.csv
42,19,open,1.0,4,0,0,3,bound,2.995732273553991,explore,exploit,False,stage3_1a,full,stage3_1a_seed42_trials.csv
42,20,covered,0.0,5,2,0,4,bound,5.401197381662155,explore,exploit,False,stage3_1a,full,stage3_1a_seed42_trials.csv
42,21,covered,1.0,4,0,0,3,bound,2.995732273553991,explore,exploit,False,stage3_1a,full,stage3_1a_seed42_trials.csv
42,22,open,0.0,7,4,0,6,timeout,8.02535169073515,explore,exploit,False,stage3_1a,full,stage3_1a_seed42_trials.csv
42,23,open,0.0,5,2,0,4,bound,5.401197381662155,explore,exploit,False,stage3_1a,full,stage3_1a_seed42_trials.csv
42,24,covered,0.0,4,0,0,3,bound,2.995732273553991,explore,exploit,False,stage3_1a,full,stage3_1a_seed42_trials.csv
42,25,open,1.0,7,4,0,6,timeout,8.02535169073515,explore,exploit,False,stage3_1a,full,stage3_1a_seed42_trials.csv
42,26,open,1.0,7,2,0,6,bound,6.02535169073515,explore,exploit,False,stage3_1a,full,stage3_1a_seed42_trials.csv
42,27,open,1.0,4,0,0,3,bound,2.995732273553991,explore,exploit,False,stage3_1a,full,stage3_1a_seed42_trials.csv
42,28,covered,1.0,4,0,0,3,bound,2.995732273553991,explore,exploit,False,stage3_1a,full,stage3_1a_seed42_trials.csv
42,29,open,1.0,7,3,0,6,bound,7.02535169073515,explore,exploit,False,stage3_1a,full,stage3_1a_seed42_trials.csv
43,0,open,1.0,7,3,0,6,timeout,7.02535169073515,explore,exploit,False,stage3_1a,full,stage3_1a_seed43_trials.csv
43,1,open,1.0,7,1,0,6,bound,5.025351690735149,explore,exploit,False,stage3_1a,full,stage3_1a_seed43_trials.csv
43,2,covered,1.0,4,0,0,3,bound,2.995732273553991,explore,exploit,False,stage3_1a,full,stage3_1a_seed43_trials.csv
43,3,open,0.0,5,2,0,4,bound,5.401197381662155,explore,exploit,False,stage3_1a,full,stage3_1a_seed43_trials.csv
43,4,open,1.0,5,2,0,4,bound,5.401197381662155,explore,exploit,False,stage3_1a,full,stage3_1a_seed43_trials.csv
43,5,open,1.0,4,0,0,3,bound,2.995732273553991,explore,exploit,False,stage3_1a,full,stage3_1a_seed43_trials.csv
43,6,open,0.0,7,2,0,6,bound,6.02535169073515,explore,exploit,False,stage3_1a,full,stage3_1a_seed43_trials.csv
43,7,covered,1.0,7,3,0,6,bound,7.02535169073515,explore,exploit,False,stage3_1a,full,stage3_1a_seed43_trials.csv
43,8,covered,1.0,7,1,0,6,bound,5.025351690735149,explore,exploit,False,stage3_1a,full,stage3_1a_seed43_trials.csv
43,9,covered,1.0,4,0,0,3,bound,2.995732273553991,explore,exploit,False,stage3_1a,full,stage3_1a_seed43_trials.csv
43,10,covered,0.0,7,2,0,6,bound,6.02535169073515,explore,exploit,False,stage3_1a,full,stage3_1a_seed43_trials.csv
43,11,covered,0.0,5,2,0,4,bound,5.401197381662155,explore,exploit,False,stage3_1a,full,stage3_1a_seed43_trials.csv
43,12,covered,1.0,7,3,0,6,bound,7.02535169073515,explore,exploit,False,stage3_1a,full,stage3_1a_seed43_trials.csv
43,13,open,1.0,5,2,0,4,bound,5.401197381662155,explore,exploit,False,stage3_1a,full,stage3_1a_seed43_trials.csv
43,14,open,1.0,4,0,0,3,bound,2.995732273553991,explore,exploit,False,stage3_1a,full,stage3_1a_seed43_trials.csv
43,15,covered,1.0,5,2,0,4,bound,5.401197381662155,explore,exploit,False,stage3_1a,full,stage3_1a_seed43_trials.csv
43,16,covered,1.0,4,0,0,3,bound,2.995732273553991,explore,exploit,False,stage3_1a,full,stage3_1a_seed43_trials.csv
43,17,covered,0.0,4,0,0,3,bound,2.995732273553991,explore,exploit,False,stage3_1a,full,stage3_1a_seed43_trials.csv
43,18,open,0.0,5,2,0,4,bound,5.401197381662155,explore,exploit,False,stage3_1a,full,stage3_1a_seed43_trials.csv
43,19,open,1.0,7,2,0,6,timeout,6.02535169073515,explore,exploit,False,stage3_1a,full,stage3_1a_seed43_trials.csv
43,20,covered,1.0,7,2,0,6,bound,6.02535169073515,explore,exploit,False,stage3_1a,full,stage3_1a_seed43_trials.csv
43,21,covered,0.0,4,0,0,3,bound,2.995732273553991,explore,exploit,False,stage3_1a,full,stage3_1a_seed43_trials.csv
43,22,open,1.0,5,2,0,4,bound,5.401197381662155,explore,exploit,False,stage3_1a,full,stage3_1a_seed43_trials.csv
43,23,open,0.0,5,1,0,4,bound,4.401197381662155,explore,exploit,False,stage3_1a,full,stage3_1a_seed43_trials.csv
43,24,open,0.0,7,3,0,6,bound,7.02535169073515,explore,exploit,False,stage3_1a,full,stage3_1a_seed43_trials.csv
43,25,covered,1.0,7,1,0,6,bound,5.025351690735149,explore,exploit,False,stage3_1a,full,stage3_1a_seed43_trials.csv
43,26,covered,1.0,5,1,0,4,bound,4.401197381662155,explore,exploit,False,stage3_1a,full,stage3_1a_seed43_trials.csv
43,27,covered,0.0,4,0,0,3,bound,2.995732273553991,explore,exploit,False,stage3_1a,full,stage3_1a_seed43_trials.csv
43,28,open,1.0,7,3,0,6,timeout,7.02535169073515,explore,exploit,False,stage3_1a,full,stage3_1a_seed43_trials.csv
43,29,covered,1.0,5,1,0,4,bound,4.401197381662155,explore,exploit,False,stage3_1a,full,stage3_1a_seed43_trials.csv
44,0,open,1.0,5,2,0,4,bound,5.401197381662155,explore,exploit,False,stage3_1a,full,stage3_1a_seed44_trials.csv
44,1,covered,1.0,4,0,0,3,bound,2.995732273553991,explore,exploit,False,stage3_1a,full,stage3_1a_seed44_trials.csv
44,2,covered,1.0,5,2,0,4,bound,5.401197381662155,explore,exploit,False,stage3_1a,full,stage3_1a_seed44_trials.csv
44,3,open,0.0,7,4,0,6,timeout,8.02535169073515,explore,exploit,False,stage3_1a,full,stage3_1a_seed44_trials.csv
44,4,open,1.0,5,2,0,4,bound,5.401197381662155,explore,exploit,False,stage3_1a,full,stage3_1a_seed44_trials.csv
44,5,covered,0.0,5,2,0,4,bound,5.401197381662155,explore,exploit,False,stage3_1a,full,stage3_1a_seed44_trials.csv
44,6,covered,1.0,5,1,0,4,bound,4.401197381662155,explore,exploit,False,stage3_1a,full,stage3_1a_seed44_trials.csv
44,7,open,1.0,5,2,0,4,bound,5.401197381662155,explore,exploit,False,stage3_1a,full,stage3_1a_seed44_trials.csv
44,8,open,1.0,4,0,0,3,bound,2.995732273553991,explore,exploit,False,stage3_1a,full,stage3_1a_seed44_trials.csv
44,9,covered,1.0,5,2,0,4,bound,5.401197381662155,explore,exploit,False,stage3_1a,full,stage3_1a_seed44_trials.csv
44,10,open,0.0,5,2,0,4,bound,5.401197381662155,explore,exploit,False,stage3_1a,full,stage3_1a_seed44_trials.csv
44,11,covered,1.0,4,0,0,3,bound,2.995732273553991,explore,exploit,False,stage3_1a,full,stage3_1a_seed44_trials.csv
44,12,open,0.0,7,3,0,6,bound,7.02535169073515,explore,exploit,False,stage3_1a,full,stage3_1a_seed44_trials.csv
44,13,covered,0.0,4,0,0,3,bound,2.995732273553991,explore,exploit,False,stage3_1a,full,stage3_1a_seed44_trials.csv
44,14,open,0.0,7,3,0,6,timeout,7.02535169073515,explore,exploit,False,stage3_1a,full,stage3_1a_seed44_trials.csv
44,15,open,1.0,4,0,0,3,bound,2.995732273553991,explore,exploit,False,stage3_1a,full,stage3_1a_seed44_trials.csv
44,16,covered,0.0,5,1,0,4,bound,4.401197381662155,explore,exploit,False,stage3_1a,full,stage3_1a_seed44_trials.csv
44,17,open,0.0,4,0,0,3,bound,2.995732273553991,explore,exploit,False,stage3_1a,full,stage3_1a_seed44_trials.csv
44,18,covered,1.0,4,0,0,3,bound,2.995732273553991,explore,exploit,False,stage3_1a,full,stage3_1a_seed44_trials.csv
44,19,covered,1.0,7,1,0,6,bound,5.025351690735149,explore,exploit,False,stage3_1a,full,stage3_1a_seed44_trials.csv
44,20,open,1.0,7,5,0,6,timeout,9.02535169073515,explore,exploit,False,stage3_1a,full,stage3_1a_seed44_trials.csv
44,21,open,0.0,5,1,0,4,bound,4.401197381662155,explore,exploit,False,stage3_1a,full,stage3_1a_seed44_trials.csv
44,22,open,1.0,7,2,0,6,bound,6.02535169073515,explore,exploit,False,stage3_1a,full,stage3_1a_seed44_trials.csv
44,23,open,1.0,7,5,0,6,timeout,9.02535169073515,explore,exploit,False,stage3_1a,full,stage3_1a_seed44_trials.csv
44,24,covered,1.0,5,2,0,4,bound,5.401197381662155,explore,exploit,False,stage3_1a,full,stage3_1a_seed44_trials.csv
44,25,covered,1.0,7,2,0,6,bound,6.02535169073515,explore,exploit,False,stage3_1a,full,stage3_1a_seed44_trials.csv
44,26,covered,0.0,7,3,0,6,bound,7.02535169073515,explore,exploit,False,stage3_1a,full,stage3_1a_seed44_trials.csv
44,27,open,1.0,7,2,0,6,timeout,6.02535169073515,explore,exploit,False,stage3_1a,full,stage3_1a_seed44_trials.csv
44,28,covered,1.0,7,3,0,6,bound,7.02535169073515,explore,exploit,False,stage3_1a,full,stage3_1a_seed44_trials.csv
44,29,open,0.0,4,0,0,3,bound,2.995732273553991,explore,exploit,False,stage3_1a,full,stage3_1a_seed44_trials.csv
45,0,covered,1.0,4,0,0,3,bound,2.995732273553991,explore,exploit,False,stage3_1a,full,stage3_1a_seed45_trials.csv
45,1,covered,1.0,5,2,0,4,bound,5.401197381662155,explore,exploit,False,stage3_1a,full,stage3_1a_seed45_trials.csv
45,2,covered,0.0,5,2,0,4,bound,5.401197381662155,explore,exploit,False,stage3_1a,full,stage3_1a_seed45_trials.csv
45,3,open,0.0,7,4,0,6,bound,8.02535169073515,explore,exploit,False,stage3_1a,full,stage3_1a_seed45_trials.csv
45,4,covered,1.0,5,2,0,4,bound,5.401197381662155,explore,exploit,False,stage3_1a,full,stage3_1a_seed45_trials.csv
45,5,open,0.0,5,2,0,4,bound,5.401197381662155,explore,exploit,False,stage3_1a,full,stage3_1a_seed45_trials.csv
45,6,covered,0.0,7,1,0,6,bound,5.025351690735149,explore,exploit,False,stage3_1a,full,stage3_1a_seed45_trials.csv
45,7,covered,1.0,7,2,0,6,bound,6.02535169073515,explore,exploit,False,stage3_1a,full,stage3_1a_seed45_trials.csv
45,8,covered,1.0,7,3,0,6,bound,7.02535169073515,explore,exploit,False,stage3_1a,full,stage3_1a_seed45_trials.csv
45,9,open,1.0,4,0,0,3,bound,2.995732273553991,explore,exploit,False,stage3_1a,full,stage3_1a_seed45_trials.csv
45,10,covered,1.0,5,2,0,4,bound,5.401197381662155,explore,exploit,False,stage3_1a,full,stage3_1a_seed45_trials.csv
45,11,covered,0.0,4,0,0,3,bound,2.995732273553991,explore,exploit,False,stage3_1a,full,stage3_1a_seed45_trials.csv
45,12,open,0.0,7,3,0,6,bound,7.02535169073515,explore,exploit,False,stage3_1a,full,stage3_1a_seed45_trials.csv
45,13,covered,1.0,5,2,0,4,bound,5.401197381662155,explore,exploit,False,stage3_1a,full,stage3_1a_seed45_trials.csv
45,14,open,0.0,7,3,0,6,timeout,7.02535169073515,explore,exploit,False,stage3_1a,full,stage3_1a_seed45_trials.csv
45,15,open,1.0,7,4,0,6,timeout,8.02535169073515,explore,exploit,False,stage3_1a,full,stage3_1a_seed45_trials.csv
45,16,open,0.0,5,2,0,4,bound,5.401197381662155,explore,exploit,False,stage3_1a,full,stage3_1a_seed45_trials.csv
45,17,covered,0.0,5,1,0,4,bound,4.401197381662155,explore,exploit,False,stage3_1a,full,stage3_1a_seed45_trials.csv
45,18,covered,1.0,5,2,0,4,bound,5.401197381662155,explore,exploit,False,stage3_1a,full,stage3_1a_seed45_trials.csv
45,19,open,1.0,5,2,0,4,bound,5.401197381662155,explore,exploit,False,stage3_1a,full,stage3_1a_seed45_trials.csv
45,20,covered,1.0,4,0,0,3,bound,2.995732273553991,explore,exploit,False,stage3_1a,full,stage3_1a_seed45_trials.csv
45,21,covered,1.0,4,0,0,3,bound,2.995732273553991,explore,exploit,False,stage3_1a,full,stage3_1a_seed45_trials.csv
45,22,open,0.0,5,2,0,4,bound,5.401197381662155,explore,exploit,False,stage3_1a,full,stage3_1a_seed45_trials.csv
45,23,covered,1.0,7,4,0,6,bound,8.02535169073515,explore,exploit,False,stage3_1a,full,stage3_1a_seed45_trials.csv
45,24,open,0.0,7,4,0,6,timeout,8.02535169073515,explore,exploit,False,stage3_1a,full,stage3_1a_seed45_trials.csv
45,25,covered,1.0,5,2,0,4,bound,5.401197381662155,explore,exploit,False,stage3_1a,full,stage3_1a_seed45_trials.csv
45,26,open,1.0,4,0,0,3,bound,2.995732273553991,explore,exploit,False,stage3_1a,full,stage3_1a_seed45_trials.csv
45,27,open,1.0,7,5,0,6,timeout,9.02535169073515,explore,exploit,False,stage3_1a,full,stage3_1a_seed45_trials.csv
45,28,covered,1.0,4,0,0,3,bound,2.995732273553991,explore,exploit,False,stage3_1a,full,stage3_1a_seed45_trials.csv
45,29,covered,1.0,4,0,0,3,bound,2.995732273553991,explore,exploit,False,stage3_1a,full,stage3_1a_seed45_trials.csv
46,0,open,0.0,7,3,0,6,timeout,7.02535169073515,explore,exploit,False,stage3_1a,full,stage3_1a_seed46_trials.csv
46,1,covered,1.0,4,0,0,3,bound,2.995732273553991,explore,exploit,False,stage3_1a,full,stage3_1a_seed46_trials.csv
46,2,open,1.0,4,0,0,3,bound,2.995732273553991,explore,exploit,False,stage3_1a,full,stage3_1a_seed46_trials.csv
46,3,covered,1.0,7,1,0,6,bound,5.025351690735149,explore,exploit,False,stage3_1a,full,stage3_1a_seed46_trials.csv
46,4,covered,0.0,4,0,0,3,bound,2.995732273553991,explore,exploit,False,stage3_1a,full,stage3_1a_seed46_trials.csv
46,5,open,1.0,5,2,0,4,bound,5.401197381662155,explore,exploit,False,stage3_1a,full,stage3_1a_seed46_trials.csv
46,6,open,1.0,7,4,0,6,timeout,8.02535169073515,explore,exploit,False,stage3_1a,full,stage3_1a_seed46_trials.csv
46,7,covered,0.0,5,2,0,4,bound,5.401197381662155,explore,exploit,False,stage3_1a,full,stage3_1a_seed46_trials.csv
46,8,covered,1.0,4,0,0,3,bound,2.995732273553991,explore,exploit,False,stage3_1a,full,stage3_1a_seed46_trials.csv
46,9,open,0.0,4,0,0,3,bound,2.995732273553991,explore,exploit,False,stage3_1a,full,stage3_1a_seed46_trials.csv
46,10,covered,0.0,4,0,0,3,bound,2.995732273553991,explore,exploit,False,stage3_1a,full,stage3_1a_seed46_trials.csv
46,11,open,1.0,7,5,0,6,timeout,9.02535169073515,explore,exploit,False,stage3_1a,full,stage3_1a_seed46_trials.csv
46,12,open,0.0,7,4,0,6,timeout,8.02535169073515,explore,exploit,False,stage3_1a,full,stage3_1a_seed46_trials.csv
46,13,covered,1.0,7,4,0,6,bound,8.02535169073515,explore,exploit,False,stage3_1a,full,stage3_1a_seed46_trials.csv
46,14,open,0.0,5,2,0,4,bound,5.401197381662155,explore,exploit,False,stage3_1a,full,stage3_1a_seed46_trials.csv
46,15,open,0.0,7,3,0,6,bound,7.02535169073515,explore,exploit,False,stage3_1a,full,stage3_1a_seed46_trials.csv
46,16,open,1.0,7,2,0,6,timeout,6.02535169073515,explore,exploit,False,stage3_1a,full,stage3_1a_seed46_trials.csv
46,17,covered,1.0,4,0,0,3,bound,2.995732273553991,explore,exploit,False,stage3_1a,full,stage3_1a_seed46_trials.csv
46,18,open,1.0,4,0,0,3,bound,2.995732273553991,explore,exploit,False,stage3_1a,full,stage3_1a_seed46_trials.csv
46,19,open,1.0,7,2,0,6,bound,6.02535169073515,explore,exploit,False,stage3_1a,full,stage3_1a_seed46_trials.csv
46,20,open,1.0,7,4,0,6,timeout,8.02535169073515,explore,exploit,False,stage3_1a,full,stage3_1a_seed46_trials.csv
46,21,open,0.0,5,1,0,4,bound,4.401197381662155,explore,exploit,False,stage3_1a,full,stage3_1a_seed46_trials.csv
46,22,open,1.0,7,3,0,6,timeout,7.02535169073515,explore,exploit,False,stage3_1a,full,stage3_1a_seed46_trials.csv
46,23,open,1.0,7,3,0,6,timeout,7.02535169073515,explore,exploit,False,stage3_1a,full,stage3_1a_seed46_trials.csv
46,24,covered,1.0,5,1,0,4,bound,4.401197381662155,explore,exploit,False,stage3_1a,full,stage3_1a_seed46_trials.csv
46,25,covered,1.0,4,0,0,3,bound,2.995732273553991,explore,exploit,False,stage3_1a,full,stage3_1a_seed46_trials.csv
46,26,open,1.0,4,0,0,3,bound,2.995732273553991,explore,exploit,False,stage3_1a,full,stage3_1a_seed46_trials.csv
46,27,covered,1.0,5,2,0,4,bound,5.401197381662155,explore,exploit,False,stage3_1a,full,stage3_1a_seed46_trials.csv
46,28,open,1.0,5,1,0,4,bound,4.401197381662155,explore,exploit,False,stage3_1a,full,stage3_1a_seed46_trials.csv
46,29,open,0.0,7,3,0,6,timeout,7.02535169073515,explore,exploit,False,stage3_1a,full,stage3_1a_seed46_trials.csv
47,0,open,0.0,7,3,0,6,bound,7.02535169073515,explore,exploit,False,stage3_1a,full,stage3_1a_seed47_trials.csv
47,1,covered,0.0,4,0,0,3,bound,2.995732273553991,explore,exploit,False,stage3_1a,full,stage3_1a_seed47_trials.csv
47,2,open,1.0,7,4,0,6,timeout,8.02535169073515,explore,exploit,False,stage3_1a,full,stage3_1a_seed47_trials.csv
47,3,covered,1.0,4,0,0,3,bound,2.995732273553991,explore,exploit,False,stage3_1a,full,stage3_1a_seed47_trials.csv
47,4,covered,0.0,7,1,0,6,bound,5.025351690735149,explore,exploit,False,stage3_1a,full,stage3_1a_seed47_trials.csv
47,5,covered,1.0,5,2,0,4,bound,5.401197381662155,explore,exploit,False,stage3_1a,full,stage3_1a_seed47_trials.csv
47,6,covered,1.0,7,2,0,6,bound,6.02535169073515,explore,exploit,False,stage3_1a,full,stage3_1a_seed47_trials.csv
47,7,open,0.0,4,0,0,3,bound,2.995732273553991,explore,exploit,False,stage3_1a,full,stage3_1a_seed47_trials.csv
47,8,open,1.0,7,3,0,6,timeout,7.02535169073515,explore,exploit,False,stage3_1a,full,stage3_1a_seed47_trials.csv
47,9,open,1.0,7,2,0,6,bound,6.02535169073515,explore,exploit,False,stage3_1a,full,stage3_1a_seed47_trials.csv
47,10,open,0.0,7,3,0,6,timeout,7.02535169073515,explore,exploit,False,stage3_1a,full,stage3_1a_seed47_trials.csv
47,11,open,0.0,5,1,0,4,bound,4.401197381662155,explore,exploit,False,stage3_1a,full,stage3_1a_seed47_trials.csv
47,12,open,1.0,7,2,0,6,bound,6.02535169073515,explore,exploit,False,stage3_1a,full,stage3_1a_seed47_trials.csv
47,13,covered,0.0,4,0,0,3,bound,2.995732273553991,explore,exploit,False,stage3_1a,full,stage3_1a_seed47_trials.csv
47,14,covered,1.0,4,0,0,3,bound,2.995732273553991,explore,exploit,False,stage3_1a,full,stage3_1a_seed47_trials.csv
47,15,covered,1.0,5,2,0,4,bound,5.401197381662155,explore,exploit,False,stage3_1a,full,stage3_1a_seed47_trials.csv
47,16,covered,1.0,5,1,0,4,bound,4.401197381662155,explore,exploit,False,stage3_1a,full,stage3_1a_seed47_trials.csv
47,17,covered,0.0,7,1,0,6,bound,5.025351690735149,explore,exploit,False,stage3_1a,full,stage3_1a_seed47_trials.csv
47,18,covered,0.0,5,2,0,4,bound,5.401197381662155,explore,exploit,False,stage3_1a,full,stage3_1a_seed47_trials.csv
47,19,open,1.0,7,2,0,6,timeout,6.02535169073515,explore,exploit,False,stage3_1a,full,stage3_1a_seed47_trials.csv
47,20,covered,1.0,4,0,0,3,bound,2.995732273553991,explore,exploit,False,stage3_1a,full,stage3_1a_seed47_trials.csv
47,21,open,1.0,4,0,0,3,bound,2.995732273553991,explore,exploit,False,stage3_1a,full,stage3_1a_seed47_trials.csv
47,22,open,1.0,5,2,0,4,bound,5.401197381662155,explore,exploit,False,stage3_1a,full,stage3_1a_seed47_trials.csv
47,23,open,1.0,5,1,0,4,bound,4.401197381662155,explore,exploit,False,stage3_1a,full,stage3_1a_seed47_trials.csv
47,24,open,0.0,4,0,0,3,bound,2.995732273553991,explore,exploit,False,stage3_1a,full,stage3_1a_seed47_trials.csv
47,25,open,0.0,7,4,0,6,timeout,8.02535169073515,explore,exploit,False,stage3_1a,full,stage3_1a_seed47_trials.csv
47,26,open,0.0,4,0,0,3,bound,2.995732273553991,explore,exploit,False,stage3_1a,full,stage3_1a_seed47_trials.csv
47,27,open,0.0,4,0,0,3,bound,2.995732273553991,explore,exploit,False,stage3_1a,full,stage3_1a_seed47_trials.csv
47,28,covered,0.0,4,0,0,3,bound,2.995732273553991,explore,exploit,False,stage3_1a,full,stage3_1a_seed47_trials.csv
47,29,covered,1.0,7,2,0,6,bound,6.02535169073515,explore,exploit,False,stage3_1a,full,stage3_1a_seed47_trials.csv
48,0,covered,1.0,4,0,0,3,bound,2.995732273553991,explore,exploit,False,stage3_1a,full,stage3_1a_seed48_trials.csv
48,1,open,1.0,7,2,0,6,timeout,6.02535169073515,explore,exploit,False,stage3_1a,full,stage3_1a_seed48_trials.csv
48,2,covered,1.0,4,0,0,3,bound,2.995732273553991,explore,exploit,False,stage3_1a,full,stage3_1a_seed48_trials.csv
48,3,open,1.0,7,3,0,6,timeout,7.02535169073515,explore,exploit,False,stage3_1a,full,stage3_1a_seed48_trials.csv
48,4,open,1.0,4,0,0,3,bound,2.995732273553991,explore,exploit,False,stage3_1a,full,stage3_1a_seed48_trials.csv
48,5,open,0.0,7,2,0,6,bound,6.02535169073515,explore,exploit,False,stage3_1a,full,stage3_1a_seed48_trials.csv
48,6,open,1.0,5,2,0,4,bound,5.401197381662155,explore,exploit,False,stage3_1a,full,stage3_1a_seed48_trials.csv
48,7,covered,1.0,4,0,0,3,bound,2.995732273553991,explore,exploit,False,stage3_1a,full,stage3_1a_seed48_trials.csv
48,8,covered,0.0,5,1,0,4,bound,4.401197381662155,explore,exploit,False,stage3_1a,full,stage3_1a_seed48_trials.csv
48,9,covered,1.0,5,2,0,4,bound,5.401197381662155,explore,exploit,False,stage3_1a,full,stage3_1a_seed48_trials.csv
48,10,open,1.0,7,4,0,6,timeout,8.02535169073515,explore,exploit,False,stage3_1a,full,stage3_1a_seed48_trials.csv
48,11,open,1.0,5,2,0,4,bound,5.401197381662155,explore,exploit,False,stage3_1a,full,stage3_1a_seed48_trials.csv
48,12,covered,1.0,7,3,0,6,bound,7.02535169073515,explore,exploit,False,stage3_1a,full,stage3_1a_seed48_trials.csv
48,13,open,1.0,7,4,0,6,timeout,8.02535169073515,explore,exploit,False,stage3_1a,full,stage3_1a_seed48_trials.csv
48,14,covered,1.0,4,0,0,3,bound,2.995732273553991,explore,exploit,False,stage3_1a,full,stage3_1a_seed48_trials.csv
48,15,open,1.0,4,0,0,3,bound,2.995732273553991,explore,exploit,False,stage3_1a,full,stage3_1a_seed48_trials.csv
48,16,open,1.0,4,0,0,3,bound,2.995732273553991,explore,exploit,False,stage3_1a,full,stage3_1a_seed48_trials.csv
48,17,open,0.0,7,4,0,6,timeout,8.02535169073515,explore,exploit,False,stage3_1a,full,stage3_1a_seed48_trials.csv
48,18,open,0.0,5,2,0,4,bound,5.401197381662155,explore,exploit,False,stage3_1a,full,stage3_1a_seed48_trials.csv
48,19,open,1.0,5,1,0,4,bound,4.401197381662155,explore,exploit,False,stage3_1a,full,stage3_1a_seed48_trials.csv
48,20,covered,1.0,4,0,0,3,bound,2.995732273553991,explore,exploit,False,stage3_1a,full,stage3_1a_seed48_trials.csv
48,21,covered,0.0,4,0,0,3,bound,2.995732273553991,explore,exploit,False,stage3_1a,full,stage3_1a_seed48_trials.csv
48,22,open,1.0,5,2,0,4,bound,5.401197381662155,explore,exploit,False,stage3_1a,full,stage3_1a_seed48_trials.csv
48,23,open,1.0,7,5,0,6,timeout,9.02535169073515,explore,exploit,False,stage3_1a,full,stage3_1a_seed48_trials.csv
48,24,open,1.0,7,2,0,6,timeout,6.02535169073515,explore,exploit,False,stage3_1a,full,stage3_1a_seed48_trials.csv
48,25,covered,0.0,5,2,0,4,bound,5.401197381662155,explore,exploit,False,stage3_1a,full,stage3_1a_seed48_trials.csv
48,26,open,0.0,4,0,0,3,bound,2.995732273553991,explore,exploit,False,stage3_1a,full,stage3_1a_seed48_trials.csv
48,27,open,1.0,7,3,0,6,bound,7.02535169073515,explore,exploit,False,stage3_1a,full,stage3_1a_seed48_trials.csv
48,28,open,1.0,5,1,0,4,bound,4.401197381662155,explore,exploit,False,stage3_1a,full,stage3_1a_seed48_trials.csv
48,29,open,1.0,5,2,0,4,bound,5.401197381662155,explore,exploit,False,stage3_1a,full,stage3_1a_seed48_trials.csv
49,0,covered,1.0,5,2,0,4,bound,5.401197381662155,explore,exploit,False,stage3_1a,full,stage3_1a_seed49_trials.csv
49,1,covered,1.0,5,2,0,4,bound,5.401197381662155,explore,exploit,False,stage3_1a,full,stage3_1a_seed49_trials.csv
49,2,open,1.0,7,4,0,6,timeout,8.02535169073515,explore,exploit,False,stage3_1a,full,stage3_1a_seed49_trials.csv
49,3,covered,1.0,4,0,0,3,bound,2.995732273553991,explore,exploit,False,stage3_1a,full,stage3_1a_seed49_trials.csv
49,4,open,1.0,5,2,0,4,bound,5.401197381662155,explore,exploit,False,stage3_1a,full,stage3_1a_seed49_trials.csv
49,5,covered,1.0,5,2,0,4,bound,5.401197381662155,explore,exploit,False,stage3_1a,full,stage3_1a_seed49_trials.csv
49,6,covered,0.0,5,1,0,4,bound,4.401197381662155,explore,exploit,False,stage3_1a,full,stage3_1a_seed49_trials.csv
49,7,open,0.0,7,4,0,6,timeout,8.02535169073515,explore,exploit,False,stage3_1a,full,stage3_1a_seed49_trials.csv
49,8,open,1.0,4,0,0,3,bound,2.995732273553991,explore,exploit,False,stage3_1a,full,stage3_1a_seed49_trials.csv
49,9,open,1.0,5,2,0,4,bound,5.401197381662155,explore,exploit,False,stage3_1a,full,stage3_1a_seed49_trials.csv
49,10,open,0.0,5,2,0,4,bound,5.401197381662155,explore,exploit,False,stage3_1a,full,stage3_1a_seed49_trials.csv
49,11,covered,1.0,4,0,0,3,bound,2.995732273553991,explore,exploit,False,stage3_1a,full,stage3_1a_seed49_trials.csv
49,12,open,1.0,4,0,0,3,bound,2.995732273553991,explore,exploit,False,stage3_1a,full,stage3_1a_seed49_trials.csv
49,13,open,0.0,7,4,0,6,timeout,8.02535169073515,explore,exploit,False,stage3_1a,full,stage3_1a_seed49_trials.csv
49,14,covered,0.0,5,2,0,4,bound,5.401197381662155,explore,exploit,False,stage3_1a,full,stage3_1a_seed49_trials.csv
49,15,open,1.0,4,0,0,3,bound,2.995732273553991,explore,exploit,False,stage3_1a,full,stage3_1a_seed49_trials.csv
49,16,covered,1.0,5,1,0,4,bound,4.401197381662155,explore,exploit,False,stage3_1a,full,stage3_1a_seed49_trials.csv
49,17,open,1.0,7,3,0,6,timeout,7.02535169073515,explore,exploit,False,stage3_1a,full,stage3_1a_seed49_trials.csv
49,18,open,0.0,7,5,0,6,timeout,9.02535169073515,explore,exploit,False,stage3_1a,full,stage3_1a_seed49_trials.csv
49,19,covered,1.0,4,0,0,3,bound,2.995732273553991,explore,exploit,False,stage3_1a,full,stage3_1a_seed49_trials.csv
49,20,open,0.0,7,5,0,6,timeout,9.02535169073515,explore,exploit,False,stage3_1a,full,stage3_1a_seed49_trials.csv
49,21,open,1.0,7,3,0,6,bound,7.02535169073515,explore,exploit,False,stage3_1a,full,stage3_1a_seed49_trials.csv
49,22,covered,1.0,7,2,0,6,bound,6.02535169073515,explore,exploit,False,stage3_1a,full,stage3_1a_seed49_trials.csv
49,23,covered,1.0,4,0,0,3,bound,2.995732273553991,explore,exploit,False,stage3_1a,full,stage3_1a_seed49_trials.csv
49,24,open,0.0,7,2,0,6,bound,6.02535169073515,explore,exploit,False,stage3_1a,full,stage3_1a_seed49_trials.csv
49,25,covered,1.0,5,2,0,4,bound,5.401197381662155,explore,exploit,False,stage3_1a,full,stage3_1a_seed49_trials.csv
49,26,open,0.0,7,4,0,6,timeout,8.02535169073515,explore,exploit,False,stage3_1a,full,stage3_1a_seed49_trials.csv
49,27,covered,1.0,5,2,0,4,bound,5.401197381662155,explore,exploit,False,stage3_1a,full,stage3_1a_seed49_trials.csv
49,28,open,0.0,4,0,0,3,bound,2.995732273553991,explore,exploit,False,stage3_1a,full,stage3_1a_seed49_trials.csv
49,29,covered,1.0,7,1,0,6,bound,5.025351690735149,explore,exploit,False,stage3_1a,full,stage3_1a_seed49_trials.csv
50,0,covered,0.0,4,0,0,3,bound,2.995732273553991,explore,exploit,False,stage3_1a,full,stage3_1a_seed50_trials.csv
50,1,open,0.0,7,3,0,6,bound,7.02535169073515,explore,exploit,False,stage3_1a,full,stage3_1a_seed50_trials.csv
50,2,covered,1.0,5,2,0,4,bound,5.401197381662155,explore,exploit,False,stage3_1a,full,stage3_1a_seed50_trials.csv
50,3,open,0.0,4,0,0,3,bound,2.995732273553991,explore,exploit,False,stage3_1a,full,stage3_1a_seed50_trials.csv
50,4,covered,1.0,7,3,0,6,bound,7.02535169073515,explore,exploit,False,stage3_1a,full,stage3_1a_seed50_trials.csv
50,5,open,1.0,7,3,0,6,timeout,7.02535169073515,explore,exploit,False,stage3_1a,full,stage3_1a_seed50_trials.csv
50,6,open,1.0,7,4,0,6,bound,8.02535169073515,explore,exploit,False,stage3_1a,full,stage3_1a_seed50_trials.csv
50,7,covered,1.0,7,3,0,6,bound,7.02535169073515,explore,exploit,False,stage3_1a,full,stage3_1a_seed50_trials.csv
50,8,covered,1.0,7,3,0,6,bound,7.02535169073515,explore,exploit,False,stage3_1a,full,stage3_1a_seed50_trials.csv
50,9,open,1.0,7,4,0,6,timeout,8.02535169073515,explore,exploit,False,stage3_1a,full,stage3_1a_seed50_trials.csv
50,10,covered,0.0,7,3,0,6,bound,7.02535169073515,explore,exploit,False,stage3_1a,full,stage3_1a_seed50_trials.csv
50,11,open,1.0,4,0,0,3,bound,2.995732273553991,explore,exploit,False,stage3_1a,full,stage3_1a_seed50_trials.csv
50,12,open,1.0,7,4,0,6,timeout,8.02535169073515,explore,exploit,False,stage3_1a,full,stage3_1a_seed50_trials.csv
50,13,covered,1.0,7,1,0,6,bound,5.025351690735149,explore,exploit,False,stage3_1a,full,stage3_1a_seed50_trials.csv
50,14,open,1.0,4,0,0,3,bound,2.995732273553991,explore,exploit,False,stage3_1a,full,stage3_1a_seed50_trials.csv
50,15,open,0.0,7,2,0,6,bound,6.02535169073515,explore,exploit,False,stage3_1a,full,stage3_1a_seed50_trials.csv
50,16,open,1.0,4,0,0,3,bound,2.995732273553991,explore,exploit,False,stage3_1a,full,stage3_1a_seed50_trials.csv
50,17,open,0.0,5,2,0,4,bound,5.401197381662155,explore,exploit,False,stage3_1a,full,stage3_1a_seed50_trials.csv
50,18,open,1.0,7,3,0,6,timeout,7.02535169073515,explore,exploit,False,stage3_1a,full,stage3_1a_seed50_trials.csv
50,19,open,1.0,5,2,0,4,bound,5.401197381662155,explore,exploit,False,stage3_1a,full,stage3_1a_seed50_trials.csv
50,20,covered,1.0,7,4,0,6,bound,8.02535169073515,explore,exploit,False,stage3_1a,full,stage3_1a_seed50_trials.csv
50,21,covered,1.0,7,3,0,6,bound,7.02535169073515,explore,exploit,False,stage3_1a,full,stage3_1a_seed50_trials.csv
50,22,covered,0.0,5,1,0,4,bound,4.401197381662155,explore,exploit,False,stage3_1a,full,stage3_1a_seed50_trials.csv
50,23,open,1.0,5,2,0,4,bound,5.401197381662155,explore,exploit,False,stage3_1a,full,stage3_1a_seed50_trials.csv
50,24,covered,1.0,5,2,0,4,bound,5.401197381662155,explore,exploit,False,stage3_1a,full,stage3_1a_seed50_trials.csv
50,25,open,1.0,5,1,0,4,bound,4.401197381662155,explore,exploit,False,stage3_1a,full,stage3_1a_seed50_trials.csv
50,26,covered,1.0,5,2,0,4,bound,5.401197381662155,explore,exploit,False,stage3_1a,full,stage3_1a_seed50_trials.csv
50,27,open,1.0,7,3,0,6,timeout,7.02535169073515,explore,exploit,False,stage3_1a,full,stage3_1a_seed50_trials.csv
50,28,covered,0.0,7,2,0,6,bound,6.02535169073515,explore,exploit,False,stage3_1a,full,stage3_1a_seed50_trials.csv
50,29,covered,1.0,5,2,0,4,bound,5.401197381662155,explore,exploit,False,stage3_1a,full,stage3_1a_seed50_trials.csv
51,0,open,0.0,4,0,0,3,bound,2.995732273553991,explore,exploit,False,stage3_1a,full,stage3_1a_seed51_trials.csv
51,1,covered,1.0,5,2,0,4,bound,5.401197381662155,explore,exploit,False,stage3_1a,full,stage3_1a_seed51_trials.csv
51,2,open,1.0,5,2,0,4,bound,5.401197381662155,explore,exploit,False,stage3_1a,full,stage3_1a_seed51_trials.csv
51,3,open,1.0,5,1,0,4,bound,4.401197381662155,explore,exploit,False,stage3_1a,full,stage3_1a_seed51_trials.csv
51,4,covered,0.0,7,4,0,6,bound,8.02535169073515,explore,exploit,False,stage3_1a,full,stage3_1a_seed51_trials.csv
51,5,open,1.0,4,0,0,3,bound,2.995732273553991,explore,exploit,False,stage3_1a,full,stage3_1a_seed51_trials.csv
51,6,covered,0.0,5,1,0,4,bound,4.401197381662155,explore,exploit,False,stage3_1a,full,stage3_1a_seed51_trials.csv
51,7,open,0.0,4,0,0,3,bound,2.995732273553991,explore,exploit,False,stage3_1a,full,stage3_1a_seed51_trials.csv
51,8,open,1.0,7,3,0,6,timeout,7.02535169073515,explore,exploit,False,stage3_1a,full,stage3_1a_seed51_trials.csv
51,9,covered,1.0,7,2,0,6,bound,6.02535169073515,explore,exploit,False,stage3_1a,full,stage3_1a_seed51_trials.csv
51,10,open,0.0,7,3,0,6,timeout,7.02535169073515,explore,exploit,False,stage3_1a,full,stage3_1a_seed51_trials.csv
51,11,open,0.0,7,3,0,6,timeout,7.02535169073515,explore,exploit,False,stage3_1a,full,stage3_1a_seed51_trials.csv
51,12,covered,1.0,5,2,0,4,bound,5.401197381662155,explore,exploit,False,stage3_1a,full,stage3_1a_seed51_trials.csv
51,13,open,0.0,7,4,0,6,bound,8.02535169073515,explore,exploit,False,stage3_1a,full,stage3_1a_seed51_trials.csv
51,14,open,1.0,5,1,0,4,bound,4.401197381662155,explore,exploit,False,stage3_1a,full,stage3_1a_seed51_trials.csv
51,15,open,0.0,7,4,0,6,timeout,8.02535169073515,explore,exploit,False,stage3_1a,full,stage3_1a_seed51_trials.csv
51,16,open,1.0,4,0,0,3,bound,2.995732273553991,explore,exploit,False,stage3_1a,full,stage3_1a_seed51_trials.csv
51,17,open,1.0,7,1,0,6,bound,5.025351690735149,explore,exploit,False,stage3_1a,full,stage3_1a_seed51_trials.csv
51,18,covered,0.0,7,3,0,6,bound,7.02535169073515,explore,exploit,False,stage3_1a,full,stage3_1a_seed51_trials.csv
51,19,covered,1.0,7,4,0,6,bound,8.02535169073515,explore,exploit,False,stage3_1a,full,stage3_1a_seed51_trials.csv
51,20,open,0.0,5,2,0,4,bound,5.401197381662155,explore,exploit,False,stage3_1a,full,stage3_1a_seed51_trials.csv
51,21,covered,1.0,4,0,0,3,bound,2.995732273553991,explore,exploit,False,stage3_1a,full,stage3_1a_seed51_trials.csv
51,22,open,1.0,5,2,0,4,bound,5.401197381662155,explore,exploit,False,stage3_1a,full,stage3_1a_seed51_trials.csv
51,23,open,1.0,7,3,0,6,bound,7.02535169073515,explore,exploit,False,stage3_1a,full,stage3_1a_seed51_trials.csv
51,24,open,1.0,5,1,0,4,bound,4.401197381662155,explore,exploit,False,stage3_1a,full,stage3_1a_seed51_trials.csv
51,25,covered,1.0,5,2,0,4,bound,5.401197381662155,explore,exploit,False,stage3_1a,full,stage3_1a_seed51_trials.csv
51,26,covered,1.0,4,0,0,3,bound,2.995732273553991,explore,exploit,False,stage3_1a,full,stage3_1a_seed51_trials.csv
51,27,open,1.0,4,0,0,3,bound,2.995732273553991,explore,exploit,False,stage3_1a,full,stage3_1a_seed51_trials.csv
51,28,open,1.0,7,3,0,6,timeout,7.02535169073515,explore,exploit,False,stage3_1a,full,stage3_1a_seed51_trials.csv
51,29,open,1.0,7,2,0,6,timeout,6.02535169073515,explore,exploit,False,stage3_1a,full,stage3_1a_seed51_trials.csv
