trial,n_trials,p_open,p_covered,p_target,p_timeout,mean_commit_latency,mean_junction_pause_duration,mean_h_risk,mean_h_opp,mean_q_neg,mean_q_pos,mean_X_risk,mean_X_opp,protocol,ablation,target_path,expected_direction,rel_trial
1,3,0.3333333333333333,0.6666666666666666,0.3333333333333333,0.3333333333333333,5.333333333333333,6.333333333333333,0.097763993848,0.09277654535999998,0.0,0.0,0.28,0.28800000000000003,shock,full,open,negative,-29
2,3,0.3333333333333333,0.6666666666666666,0.3333333333333333,0.0,4.333333333333333,5.333333333333333,0.19952494154335187,0.2034997765329659,0.0,0.0,0.2772727272727273,0.2863636363636364,shock,full,open,negative,-28
3,3,0.0,1.0,0.0,0.0,3.6666666666666665,4.666666666666667,0.23628705130901473,0.2447367185801955,0.0,0.0,0.255,0.28500000000000003,shock,full,open,negative,-27
4,3,0.6666666666666666,0.3333333333333333,0.6666666666666666,0.6666666666666666,5.333333333333333,6.333333333333333,0.25351525899772154,0.2674899544307388,0.0,0.0,0.296,0.28800000000000003,shock,full,open,negative,-26
5,3,1.0,0.0,1.0,0.0,4.0,5.0,0.2795105045614982,0.2785509469818582,0.0,0.0,0.3142857142857143,0.2857142857142857,shock,full,open,negative,-25
6,3,0.3333333333333333,0.6666666666666666,0.3333333333333333,0.0,4.333333333333333,5.333333333333333,0.2933142528114849,0.28267605223910014,0.0,0.0,0.2772727272727273,0.2863636363636364,shock,full,open,negative,-24
7,3,0.6666666666666666,0.3333333333333333,0.6666666666666666,0.0,4.333333333333333,5.333333333333333,0.28871089758042173,0.2844445318136651,0.0,0.0,0.29545454545454547,0.2863636363636364,shock,full,open,negative,-23
8,3,0.6666666666666666,0.3333333333333333,0.6666666666666666,0.3333333333333333,5.333333333333333,6.333333333333333,0.29203561519995397,0.2860153004345036,0.0,0.0,0.296,0.28800000000000003,shock,full,open,negative,-22
9,3,0.3333333333333333,0.6666666666666666,0.3333333333333333,0.0,4.0,5.0,0.29042402844858095,0.28682420945685766,0.0,0.0,0.2761904761904762,0.2857142857142857,shock,full,open,negative,-21
10,3,0.3333333333333333,0.6666666666666666,0.3333333333333333,0.0,3.6666666666666665,4.666666666666667,0.28402010945787115,0.2858380732290049,0.0,0.0,0.275,0.28500000000000003,shock,full,open,negative,-20
11,3,0.3333333333333333,0.6666666666666666,0.3333333333333333,0.0,4.333333333333333,5.333333333333333,0.2783591129989977,0.285868473002999,0.0,0.0,0.2772727272727273,0.2863636363636364,shock,full,open,negative,-19
12,3,0.3333333333333333,0.6666666666666666,0.3333333333333333,0.0,3.3333333333333335,4.333333333333333,0.2775830035923661,0.2857045581254023,0.0,0.0,0.2736842105263158,0.28421052631578947,shock,full,open,negative,-18
13,3,0.6666666666666666,0.3333333333333333,0.6666666666666666,0.3333333333333333,6.0,7.0,0.28030448810580944,0.2860555666866307,0.0,0.0,0.2962962962962963,0.28888888888888886,shock,full,open,negative,-17
14,3,0.3333333333333333,0.6666666666666666,0.3333333333333333,0.0,3.6666666666666665,4.666666666666667,0.287140056906933,0.2869784256559663,0.0,0.0,0.275,0.28500000000000003,shock,full,open,negative,-16
15,3,0.6666666666666666,0.3333333333333333,0.6666666666666666,0.3333333333333333,4.333333333333333,5.333333333333333,0.28330935016477227,0.2862655396504392,0.0,0.0,0.29545454545454547,0.2863636363636364,shock,full,open,negative,-15
16,3,0.3333333333333333,0.6666666666666666,0.3333333333333333,0.0,4.333333333333333,5.333333333333333,0.2894957840451055,0.28632826029914865,0.0,0.0,0.2772727272727273,0.2863636363636364,shock,full,open,negative,-14
17,3,0.3333333333333333,0.6666666666666666,0.3333333333333333,0.0,3.6666666666666665,4.666666666666667,0.28140444325519876,0.2860713585470403,0.0,0.0,0.275,0.28500000000000003,shock,full,open,negative,-13
18,3,0.6666666666666666,0.3333333333333333,0.6666666666666666,0.3333333333333333,4.0,5.0,0.28196119279324056,0.2858647294753522,0.0,0.0,0.2952380952380952,0.2857142857142857,shock,full,open,negative,-12
19,3,0.3333333333333333,0.6666666666666666,0.3333333333333333,0.0,3.6666666666666665,4.666666666666667,0.2848678094032338,0.28545636266393215,0.0,0.0,0.275,0.28500000000000003,shock,full,open,negative,-11
20,3,0.6666666666666666,0.3333333333333333,0.6666666666666666,0.3333333333333333,6.0,7.0,0.2834952248463,0.28619518590517684,0.0,0.0,0.2962962962962963,0.28888888888888886,shock,full,open,negative,-10
21,3,0.0,1.0,0.0,0.3333333333333333,6.0,7.0,0.2883739359724519,0.2878452931617184,0.0,0.0,0.26666666666666666,0.28888888888888886,shock,full,open,negative,-9
22,3,0.6666666666666666,0.3333333333333333,0.6666666666666666,0.0,3.6666666666666665,4.666666666666667,0.2758936748387328,0.28774331963987987,0.0,0.0,0.29500000000000004,0.28500000000000003,shock,full,open,negative,-8
23,3,1.0,0.0,1.0,0.3333333333333333,5.333333333333333,6.333333333333333,0.2888609343279751,0.2870461800942747,0.0,0.0,0.312,0.28800000000000003,shock,full,open,negative,-7
24,3,0.3333333333333333,0.6666666666666666,0.3333333333333333,0.3333333333333333,4.333333333333333,5.333333333333333,0.298298940093064,0.28728056013513065,0.0,0.0,0.2772727272727273,0.2863636363636364,shock,full,open,negative,-6
25,3,0.6666666666666666,0.3333333333333333,0.6666666666666666,0.3333333333333333,5.333333333333333,6.333333333333333,0.28952215544260046,0.28703282294568455,0.0,0.0,0.296,0.28800000000000003,shock,full,open,negative,-5
26,3,0.3333333333333333,0.6666666666666666,0.3333333333333333,0.3333333333333333,6.0,7.0,0.2915315326833433,0.28787168610149144,0.0,0.0,0.28148148148148144,0.28888888888888886,shock,full,open,negative,-4
27,3,0.3333333333333333,0.6666666666666666,0.3333333333333333,0.0,4.666666666666667,5.666666666666667,0.28364457181990715,0.28808090833753647,0.0,0.0,0.2782608695652174,0.28695652173913044,shock,full,open,negative,-3
28,3,0.0,1.0,0.0,0.3333333333333333,4.0,5.0,0.27786343007044373,0.28741670341094605,0.0,0.0,0.2571428571428571,0.2857142857142857,shock,full,open,negative,-2
29,3,0.3333333333333333,0.6666666666666666,0.3333333333333333,0.3333333333333333,6.0,7.0,0.27269338397189197,0.2870969502567201,0.0,0.0,0.28148148148148144,0.28888888888888886,shock,full,open,negative,-1
30,3,1.0,0.0,1.0,0.0,3.0,4.0,0.27942163084795163,0.2872389096312204,0.0,0.0,0.31666666666666665,0.2833333333333333,shock,full,open,negative,0
31,3,0.3333333333333333,0.6666666666666666,0.3333333333333333,0.3333333333333333,5.0,6.0,0.3063088088478961,0.2861904116651573,1.3048107392872546,0.0,0.2791666666666666,0.28750000000000003,shock,full,open,negative,1
32,3,0.0,1.0,0.0,0.0,2.3333333333333335,3.3333333333333335,0.32554493427027426,0.28636046177670976,1.1348975307974476,0.0,0.24375,0.28125,shock,full,open,negative,2
33,3,0.0,1.0,0.0,0.0,1.0,2.0,0.33049515015785796,0.2838239150294459,1.0384952382117232,0.0,0.225,0.27499999999999997,shock,full,open,negative,3
34,3,0.0,1.0,0.0,0.0,1.0,2.0,0.3314141860008126,0.2807893706508195,0.9578749420381086,0.0,0.225,0.27499999999999997,shock,full,open,negative,4
35,3,0.0,1.0,0.0,0.0,1.0,2.0,0.33165611556510016,0.27879840608400264,0.8835133477977967,0.0,0.225,0.27499999999999997,shock,full,open,negative,5
36,3,0.0,1.0,0.0,0.0,1.0,2.0,0.3312455077985007,0.27749213423171415,0.8149245809436937,0.0,0.225,0.27499999999999997,shock,full,open,negative,6
37,3,0.0,1.0,0.0,0.0,1.0,2.0,0.33021764349584576,0.27663508926942765,0.7516604862638058,0.0,0.225,0.27499999999999997,shock,full,open,negative,7
38,3,0.0,1.0,0.0,0.0,1.0,2.0,0.32861732190181536,0.2760727820696715,0.6933076996598517,0.0,0.225,0.27499999999999997,shock,full,open,negative,8
39,3,0.0,1.0,0.0,0.0,1.3333333333333333,2.3333333333333335,0.32717362543434975,0.27586346308590537,0.6345660902379978,0.0,0.23076923076923078,0.27692307692307694,shock,full,open,negative,9
40,3,0.0,1.0,0.0,0.0,1.6666666666666667,2.6666666666666665,0.32646038853930387,0.2764014441278821,0.5806563315564471,0.0,0.2357142857142857,0.2785714285714286,shock,full,open,negative,10
41,3,0.0,1.0,0.0,0.0,2.0,3.0,0.3258395223663941,0.2772971893922432,0.5282454987019635,0.0,0.24000000000000002,0.27999999999999997,shock,full,open,negative,11
42,3,0.0,1.0,0.0,0.0,2.0,3.0,0.324646635465151,0.2784040173642257,0.4774920920926921,0.0,0.24000000000000002,0.27999999999999997,shock,full,open,negative,12
43,3,0.0,1.0,0.0,0.0,2.6666666666666665,3.6666666666666665,0.32372160499641195,0.27940225016367587,0.4279912745146544,0.0,0.24705882352941178,0.2823529411764706,shock,full,open,negative,13
44,3,0.0,1.0,0.0,0.0,3.3333333333333335,4.333333333333333,0.3234437322625029,0.28108468907920137,0.3783539505912532,0.0,0.25263157894736843,0.28421052631578947,shock,full,open,negative,14
45,3,0.3333333333333333,0.6666666666666666,0.3333333333333333,0.0,3.3333333333333335,4.333333333333333,0.3236345168095445,0.2826203398566251,0.33289307878880736,0.0,0.27368421052631575,0.28421052631578947,shock,full,open,negative,15
46,3,0.0,1.0,0.0,0.0,2.6666666666666665,3.6666666666666665,0.324220141255771,0.2834136806004125,0.2922647287737149,0.0,0.24705882352941178,0.2823529411764706,shock,full,open,negative,16
47,3,0.3333333333333333,0.6666666666666666,0.3333333333333333,0.0,3.6666666666666665,4.666666666666667,0.3206325409978974,0.2839058690386067,0.2543340303543988,0.0,0.275,0.28500000000000003,shock,full,open,negative,17
48,3,0.0,1.0,0.0,0.0,4.0,5.0,0.32100102399046077,0.2841694871056116,0.22496518949944924,0.0,0.2571428571428571,0.2857142857142857,shock,full,open,negative,18
49,3,0.3333333333333333,0.6666666666666666,0.3333333333333333,0.0,3.3333333333333335,4.333333333333333,0.3162517589336837,0.28440439011717944,0.1989802078907793,0.0,0.2736842105263158,0.28421052631578947,shock,full,open,negative,19
50,3,0.0,1.0,0.0,0.3333333333333333,3.3333333333333335,4.333333333333333,0.31424127113748296,0.28436079064514075,0.18316947639771444,0.0,0.25263157894736843,0.28421052631578947,shock,full,open,negative,20
51,3,1.0,0.0,1.0,0.3333333333333333,4.333333333333333,5.333333333333333,0.311830646182707,0.28462854038811936,0.1559915749602717,0.0,0.3136363636363636,0.2863636363636364,shock,full,open,negative,21
52,3,0.0,1.0,0.0,0.0,2.0,3.0,0.3233975999252057,0.2847421322496327,0.13084337522231768,0.0,0.23999999999999996,0.28,shock,full,open,negative,22
53,3,0.0,1.0,0.0,0.0,3.6666666666666665,4.666666666666667,0.30662592503431485,0.28343596052193665,0.1201377588271022,0.0,0.255,0.28500000000000003,shock,full,open,negative,23
54,3,0.3333333333333333,0.6666666666666666,0.3333333333333333,0.3333333333333333,4.666666666666667,5.666666666666667,0.29823742605321346,0.28475709660758325,0.10278519645962791,0.0,0.2782608695652174,0.28695652173913044,shock,full,open,negative,24
55,3,0.0,1.0,0.0,0.0,4.333333333333333,5.333333333333333,0.30008401055431644,0.2858476891313849,0.09018314500362189,0.0,0.2590909090909091,0.2863636363636364,shock,full,open,negative,25
56,3,0.6666666666666666,0.3333333333333333,0.6666666666666666,0.6666666666666666,5.0,6.0,0.2935768404388931,0.28637325430104593,0.07891243854225602,0.0,0.29583333333333334,0.2875,shock,full,open,negative,26
57,3,0.3333333333333333,0.6666666666666666,0.3333333333333333,0.0,3.0,4.0,0.30127131864970363,0.2862361325865111,0.06668839283551942,0.0,0.27222222222222225,0.2833333333333333,shock,full,open,negative,27
58,3,0.0,1.0,0.0,0.3333333333333333,4.333333333333333,5.333333333333333,0.2950310997521182,0.2854453422958095,0.05720236992835793,0.0,0.2590909090909091,0.2863636363636364,shock,full,open,negative,28
59,3,0.0,1.0,0.0,0.3333333333333333,4.333333333333333,5.333333333333333,0.2829328683386464,0.2859586654936532,0.050325675949252975,0.0,0.2590909090909091,0.2863636363636364,shock,full,open,negative,29
60,3,0.6666666666666666,0.3333333333333333,0.6666666666666666,0.6666666666666666,6.0,7.0,0.2828804903986448,0.2867956847889527,0.042789628937320724,0.0,0.2962962962962963,0.28888888888888886,shock,full,open,negative,30
61,3,0.3333333333333333,0.6666666666666666,0.3333333333333333,0.0,4.333333333333333,5.333333333333333,0.2954573283761653,0.287556685742211,0.03701886083133204,0.0,0.2772727272727273,0.2863636363636364,shock,full,open,negative,31
62,3,0.6666666666666666,0.3333333333333333,0.6666666666666666,0.0,4.333333333333333,5.333333333333333,0.29318019857507044,0.2868628550177285,0.03046129205844834,0.0,0.29545454545454547,0.2863636363636364,shock,full,open,negative,32
63,3,0.3333333333333333,0.6666666666666666,0.3333333333333333,0.3333333333333333,4.333333333333333,5.333333333333333,0.29508680512823493,0.28664127901992753,0.027271360879133736,0.0,0.2772727272727273,0.2863636363636364,shock,full,open,negative,33
64,3,0.3333333333333333,0.6666666666666666,0.3333333333333333,1.0,6.0,7.0,0.29091902689421767,0.28709467975572156,0.022840263793906395,0.0,0.28148148148148144,0.28888888888888886,shock,full,open,negative,34
65,3,0.0,1.0,0.0,0.0,4.333333333333333,5.333333333333333,0.2868260526718123,0.2877423911705256,0.019203402583160632,0.0,0.2590909090909091,0.2863636363636364,shock,full,open,negative,35
66,3,0.6666666666666666,0.3333333333333333,0.6666666666666666,0.3333333333333333,4.0,5.0,0.27658349902258184,0.28687402356318,0.016321523144065868,0.0,0.2952380952380952,0.2857142857142857,shock,full,open,negative,36
67,3,0.6666666666666666,0.3333333333333333,0.6666666666666666,1.0,6.0,7.0,0.2895822233144409,0.28695302745987905,0.014331141968975803,0.0,0.2962962962962963,0.28888888888888886,shock,full,open,negative,37
68,3,0.6666666666666666,0.3333333333333333,0.6666666666666666,0.0,4.333333333333333,5.333333333333333,0.2958867173473198,0.2876834454877668,0.011903354164203277,0.0,0.29545454545454547,0.2863636363636364,shock,full,open,negative,38
69,3,0.3333333333333333,0.6666666666666666,0.3333333333333333,0.0,3.6666666666666665,4.666666666666667,0.2945756546506048,0.2865749026652671,0.010694530102818404,0.0,0.275,0.28500000000000003,shock,full,open,negative,39
70,3,0.3333333333333333,0.6666666666666666,0.3333333333333333,0.3333333333333333,4.333333333333333,5.333333333333333,0.2890641361342085,0.28619870082122056,0.008964692090107763,0.0,0.2772727272727273,0.2863636363636364,shock,full,open,negative,40
71,3,1.0,0.0,1.0,0.6666666666666666,5.0,6.0,0.28712944785611855,0.28657359918989617,0.007659196207041817,0.0,0.3125,0.2875,shock,full,open,negative,41
72,3,0.6666666666666666,0.3333333333333333,0.6666666666666666,0.0,4.333333333333333,5.333333333333333,0.30027660546705864,0.28694087360335446,0.006533532477349045,0.0,0.29545454545454547,0.2863636363636364,shock,full,open,negative,42
73,3,0.0,1.0,0.0,0.0,5.333333333333333,6.333333333333333,0.2944883772289771,0.28683729601075403,0.005813402790651548,0.0,0.264,0.28800000000000003,shock,full,open,negative,43
74,3,0.3333333333333333,0.6666666666666666,0.3333333333333333,0.0,4.666666666666667,5.666666666666667,0.27884361769115035,0.287336964901152,0.004826021055391183,0.0,0.2782608695652174,0.28695652173913044,shock,full,open,negative,44
75,3,0.6666666666666666,0.3333333333333333,0.6666666666666666,0.3333333333333333,4.333333333333333,5.333333333333333,0.28103807039257894,0.2869625615019422,0.004236068918977109,0.0,0.29545454545454547,0.2863636363636364,shock,full,open,negative,45
76,3,0.3333333333333333,0.6666666666666666,0.3333333333333333,0.3333333333333333,4.666666666666667,5.666666666666667,0.2865024499415646,0.28667296689348254,0.003773658169176622,0.0,0.2782608695652174,0.28695652173913044,shock,full,open,negative,46
77,3,0.0,1.0,0.0,0.3333333333333333,4.666666666666667,5.666666666666667,0.28250256602044005,0.28692456025427504,0.0032114378804299305,0.0,0.2608695652173913,0.28695652173913044,shock,full,open,negative,47
78,3,0.3333333333333333,0.6666666666666666,0.3333333333333333,0.0,4.666666666666667,5.666666666666667,0.2721190599477682,0.2868914832500402,0.0026892095135194827,0.0,0.2782608695652174,0.28695652173913044,shock,full,open,negative,48
79,3,0.6666666666666666,0.3333333333333333,0.6666666666666666,0.0,4.666666666666667,5.666666666666667,0.2787612601094696,0.28699605147707685,0.00229714811285327,0.0,0.2956521739130435,0.28695652173913044,shock,full,open,negative,49
80,3,0.3333333333333333,0.6666666666666666,0.3333333333333333,0.0,4.333333333333333,5.333333333333333,0.2840572451837367,0.2868329874542495,0.001895060426006409,0.0,0.2772727272727273,0.2863636363636364,shock,full,open,negative,50
81,3,0.6666666666666666,0.3333333333333333,0.6666666666666666,0.3333333333333333,4.0,5.0,0.2837509444107598,0.28657416941982744,0.0017115845693070001,0.0,0.29523809523809524,0.2857142857142857,shock,full,open,negative,51
82,3,0.6666666666666666,0.3333333333333333,0.6666666666666666,0.0,3.3333333333333335,4.333333333333333,0.2899010739136408,0.28566057699571196,0.0015262213966267,0.0,0.29473684210526313,0.28421052631578947,shock,full,open,negative,52
83,3,0.3333333333333333,0.6666666666666666,0.3333333333333333,0.0,4.333333333333333,5.333333333333333,0.2908539172750666,0.2854805456365009,0.0013403214514243682,0.0,0.2772727272727273,0.2863636363636364,shock,full,open,negative,53
84,3,1.0,0.0,1.0,0.3333333333333333,5.333333333333333,6.333333333333333,0.28763857154667427,0.2862734645916285,0.0010837451656110241,0.0,0.312,0.28800000000000003,shock,full,open,negative,54
85,3,0.3333333333333333,0.6666666666666666,0.3333333333333333,0.3333333333333333,4.0,5.0,0.2978677333666069,0.28698272021068116,0.0009127625166536572,0.0,0.2761904761904762,0.2857142857142857,shock,full,open,negative,55
86,3,0.3333333333333333,0.6666666666666666,0.3333333333333333,0.0,5.333333333333333,6.333333333333333,0.2887355970979919,0.2866408889509147,0.000842107370692544,0.0,0.28,0.28800000000000003,shock,full,open,negative,56
87,3,0.6666666666666666,0.3333333333333333,0.6666666666666666,0.0,4.666666666666667,5.666666666666667,0.2844666775733259,0.2872801210186477,0.0006948382460007306,0.0,0.2956521739130435,0.28695652173913044,shock,full,open,negative,57
88,3,0.0,1.0,0.0,0.0,4.0,5.0,0.28562060216432056,0.2868973233636029,0.0005748242098560714,0.0,0.2571428571428571,0.2857142857142857,shock,full,open,negative,58
89,3,0.3333333333333333,0.6666666666666666,0.3333333333333333,0.0,3.0,4.0,0.2726226076069226,0.2858558109341678,0.0005301235639741278,0.0,0.27222222222222225,0.2833333333333333,shock,full,open,negative,59
90,3,0.6666666666666666,0.3333333333333333,0.6666666666666666,0.3333333333333333,4.333333333333333,5.333333333333333,0.27717737530440006,0.28536102433278115,0.00045006221657698187,0.0,0.29545454545454547,0.2863636363636364,shock,full,open,negative,60
91,3,1.0,0.0,1.0,0.6666666666666666,6.0,7.0,0.28807146193916666,0.28645947213808,0.0003949694853125889,0.0,0.3111111111111111,0.28888888888888886,shock,full,open,negative,61
92,3,0.6666666666666666,0.3333333333333333,0.6666666666666666,0.3333333333333333,5.0,6.0,0.3008206896300221,0.28773760761557005,0.000332064549827975,0.0,0.29583333333333334,0.2875,shock,full,open,negative,62
93,3,0.3333333333333333,0.6666666666666666,0.3333333333333333,0.3333333333333333,4.333333333333333,5.333333333333333,0.29765023951848496,0.2871906447074279,0.0002808836326303636,0.0,0.2772727272727273,0.2863636363636364,shock,full,open,negative,63
94,3,0.0,1.0,0.0,0.3333333333333333,4.0,5.0,0.2831226640803694,0.28683897370912603,0.0002462240554205238,0.0,0.2571428571428571,0.2857142857142857,shock,full,open,negative,64
95,3,0.3333333333333333,0.6666666666666666,0.3333333333333333,0.0,3.6666666666666665,4.666666666666667,0.2714454068636535,0.2859707011452073,0.00021880304467501998,0.0,0.275,0.28500000000000003,shock,full,open,negative,65
96,3,0.3333333333333333,0.6666666666666666,0.3333333333333333,0.3333333333333333,6.0,7.0,0.275775278008513,0.2864291838279553,0.0001833985420739741,0.0,0.28148148148148144,0.28888888888888886,shock,full,open,negative,66
97,3,0.3333333333333333,0.6666666666666666,0.3333333333333333,0.0,4.0,5.0,0.2773995663329833,0.287213986753644,0.00015594384790251463,0.0,0.2761904761904762,0.2857142857142857,shock,full,open,negative,67
98,3,0.6666666666666666,0.3333333333333333,0.6666666666666666,0.6666666666666666,5.0,6.0,0.2786634086716801,0.2869501641377948,0.00012752411003272288,0.0,0.29583333333333334,0.2875,shock,full,open,negative,68
99,3,0.3333333333333333,0.6666666666666666,0.3333333333333333,0.0,4.666666666666667,5.666666666666667,0.28634004113352124,0.2871036780106925,0.00011458939320134297,0.0,0.2782608695652174,0.28695652173913044,shock,full,open,negative,69
100,3,0.6666666666666666,0.3333333333333333,0.6666666666666666,0.3333333333333333,4.333333333333333,5.333333333333333,0.2853233813128181,0.2870226248423698,9.6293623659104e-05,0.0,0.29545454545454547,0.2863636363636364,shock,full,open,negative,70
1,3,0.3333333333333333,0.6666666666666666,0.6666666666666666,0.3333333333333333,5.333333333333333,6.333333333333333,0.097763993848,0.09277654535999998,0.0,0.0,0.28,0.28800000000000003,treat,full,covered,positive,-29
2,3,0.3333333333333333,0.6666666666666666,0.6666666666666666,0.0,4.333333333333333,5.333333333333333,0.19952494154335187,0.2034997765329659,0.0,0.0,0.2772727272727273,0.2863636363636364,treat,full,covered,positive,-28
3,3,0.0,1.0,1.0,0.0,3.6666666666666665,4.666666666666667,0.23628705130901473,0.2447367185801955,0.0,0.0,0.255,0.28500000000000003,treat,full,covered,positive,-27
4,3,0.6666666666666666,0.3333333333333333,0.3333333333333333,0.6666666666666666,5.333333333333333,6.333333333333333,0.25351525899772154,0.2674899544307388,0.0,0.0,0.296,0.28800000000000003,treat,full,covered,positive,-26
5,3,1.0,0.0,0.0,0.0,4.0,5.0,0.2795105045614982,0.2785509469818582,0.0,0.0,0.3142857142857143,0.2857142857142857,treat,full,covered,positive,-25
6,3,0.3333333333333333,0.6666666666666666,0.6666666666666666,0.0,4.333333333333333,5.333333333333333,0.2933142528114849,0.28267605223910014,0.0,0.0,0.2772727272727273,0.2863636363636364,treat,full,covered,positive,-24
7,3,0.6666666666666666,0.3333333333333333,0.3333333333333333,0.0,4.333333333333333,5.333333333333333,0.28871089758042173,0.2844445318136651,0.0,0.0,0.29545454545454547,0.2863636363636364,treat,full,covered,positive,-23
8,3,0.6666666666666666,0.3333333333333333,0.3333333333333333,0.3333333333333333,5.333333333333333,6.333333333333333,0.29203561519995397,0.2860153004345036,0.0,0.0,0.296,0.28800000000000003,treat,full,covered,positive,-22
9,3,0.3333333333333333,0.6666666666666666,0.6666666666666666,0.0,4.0,5.0,0.29042402844858095,0.28682420945685766,0.0,0.0,0.2761904761904762,0.2857142857142857,treat,full,covered,positive,-21
10,3,0.3333333333333333,0.6666666666666666,0.6666666666666666,0.0,3.6666666666666665,4.666666666666667,0.28402010945787115,0.2858380732290049,0.0,0.0,0.275,0.28500000000000003,treat,full,covered,positive,-20
11,3,0.3333333333333333,0.6666666666666666,0.6666666666666666,0.0,4.333333333333333,5.333333333333333,0.2783591129989977,0.285868473002999,0.0,0.0,0.2772727272727273,0.2863636363636364,treat,full,covered,positive,-19
12,3,0.3333333333333333,0.6666666666666666,0.6666666666666666,0.0,3.3333333333333335,4.333333333333333,0.2775830035923661,0.2857045581254023,0.0,0.0,0.2736842105263158,0.28421052631578947,treat,full,covered,positive,-18
13,3,0.6666666666666666,0.3333333333333333,0.3333333333333333,0.3333333333333333,6.0,7.0,0.28030448810580944,0.2860555666866307,0.0,0.0,0.2962962962962963,0.28888888888888886,treat,full,covered,positive,-17
14,3,0.3333333333333333,0.6666666666666666,0.6666666666666666,0.0,3.6666666666666665,4.666666666666667,0.287140056906933,0.2869784256559663,0.0,0.0,0.275,0.28500000000000003,treat,full,covered,positive,-16
15,3,0.6666666666666666,0.3333333333333333,0.3333333333333333,0.3333333333333333,4.333333333333333,5.333333333333333,0.28330935016477227,0.2862655396504392,0.0,0.0,0.29545454545454547,0.2863636363636364,treat,full,covered,positive,-15
16,3,0.3333333333333333,0.6666666666666666,0.6666666666666666,0.0,4.333333333333333,5.333333333333333,0.2894957840451055,0.28632826029914865,0.0,0.0,0.2772727272727273,0.2863636363636364,treat,full,covered,positive,-14
17,3,0.3333333333333333,0.6666666666666666,0.6666666666666666,0.0,3.6666666666666665,4.666666666666667,0.28140444325519876,0.2860713585470403,0.0,0.0,0.275,0.28500000000000003,treat,full,covered,positive,-13
18,3,0.6666666666666666,0.3333333333333333,0.3333333333333333,0.3333333333333333,4.0,5.0,0.28196119279324056,0.2858647294753522,0.0,0.0,0.2952380952380952,0.2857142857142857,treat,full,covered,positive,-12
19,3,0.3333333333333333,0.6666666666666666,0.6666666666666666,0.0,3.6666666666666665,4.666666666666667,0.2848678094032338,0.28545636266393215,0.0,0.0,0.275,0.28500000000000003,treat,full,covered,positive,-11
20,3,0.6666666666666666,0.3333333333333333,0.3333333333333333,0.3333333333333333,6.0,7.0,0.2834952248463,0.28619518590517684,0.0,0.0,0.2962962962962963,0.28888888888888886,treat,full,covered,positive,-10
21,3,0.0,1.0,1.0,0.3333333333333333,6.0,7.0,0.2883739359724519,0.2878452931617184,0.0,0.0,0.26666666666666666,0.28888888888888886,treat,full,covered,positive,-9
22,3,0.6666666666666666,0.3333333333333333,0.3333333333333333,0.0,3.6666666666666665,4.666666666666667,0.2758936748387328,0.28774331963987987,0.0,0.0,0.29500000000000004,0.28500000000000003,treat,full,covered,positive,-8
23,3,1.0,0.0,0.0,0.3333333333333333,5.333333333333333,6.333333333333333,0.2888609343279751,0.2870461800942747,0.0,0.0,0.312,0.28800000000000003,treat,full,covered,positive,-7
24,3,0.3333333333333333,0.6666666666666666,0.6666666666666666,0.3333333333333333,4.333333333333333,5.333333333333333,0.298298940093064,0.28728056013513065,0.0,0.0,0.2772727272727273,0.2863636363636364,treat,full,covered,positive,-6
25,3,0.6666666666666666,0.3333333333333333,0.3333333333333333,0.3333333333333333,5.333333333333333,6.333333333333333,0.28952215544260046,0.28703282294568455,0.0,0.0,0.296,0.28800000000000003,treat,full,covered,positive,-5
26,3,0.3333333333333333,0.6666666666666666,0.6666666666666666,0.3333333333333333,6.0,7.0,0.2915315326833433,0.28787168610149144,0.0,0.0,0.28148148148148144,0.28888888888888886,treat,full,covered,positive,-4
27,3,0.3333333333333333,0.6666666666666666,0.6666666666666666,0.0,4.666666666666667,5.666666666666667,0.28364457181990715,0.28808090833753647,0.0,0.0,0.2782608695652174,0.28695652173913044,treat,full,covered,positive,-3
28,3,0.0,1.0,1.0,0.3333333333333333,4.0,5.0,0.27786343007044373,0.28741670341094605,0.0,0.0,0.2571428571428571,0.2857142857142857,treat,full,covered,positive,-2
29,3,0.3333333333333333,0.6666666666666666,0.6666666666666666,0.3333333333333333,6.0,7.0,0.27269338397189197,0.2870969502567201,0.0,0.0,0.28148148148148144,0.28888888888888886,treat,full,covered,positive,-1
30,3,0.0,1.0,1.0,0.0,3.0,4.0,0.272754964181285,0.2872389096312204,0.0,0.0,0.25,0.2833333333333333,treat,full,covered,positive,0
31,3,0.3333333333333333,0.6666666666666666,0.6666666666666666,0.0,1.0,2.0,0.2609352271317807,0.27988588187621066,0.0,1.947684375,0.25833333333333336,0.27499999999999997,treat,full,covered,positive,1
32,3,0.3333333333333333,0.6666666666666666,0.6666666666666666,0.0,2.6666666666666665,3.6666666666666665,0.26180027255647953,0.2795002199256389,0.0,1.52137702326721,0.27058823529411763,0.2823529411764706,treat,full,covered,positive,2
33,3,0.3333333333333333,0.6666666666666666,0.6666666666666666,0.0,2.6666666666666665,3.6666666666666665,0.2676710220046886,0.2801312104768192,0.0,1.1389761580978803,0.27058823529411763,0.2823529411764706,treat,full,covered,positive,3
34,3,0.0,1.0,1.0,0.0,2.0,3.0,0.2645721397546921,0.2805939366835928,0.0,0.865691842025003,0.24000000000000002,0.27999999999999997,treat,full,covered,positive,4
35,3,0.6666666666666666,0.3333333333333333,0.3333333333333333,0.0,2.3333333333333335,3.3333333333333335,0.25983625974456953,0.2805792222520967,0.0,0.6643972362611863,0.29375,0.28125,treat,full,covered,positive,5
36,3,0.3333333333333333,0.6666666666666666,0.6666666666666666,0.0,2.0,3.0,0.2719901529605496,0.28071083361820925,0.0,0.5095365705326389,0.26666666666666666,0.27999999999999997,treat,full,covered,positive,6
37,3,0.3333333333333333,0.6666666666666666,0.6666666666666666,0.0,3.0,4.0,0.27113399689299666,0.280848457855752,0.0,0.38474961594687385,0.27222222222222225,0.2833333333333333,treat,full,covered,positive,7
38,3,0.3333333333333333,0.6666666666666666,0.6666666666666666,0.0,2.3333333333333335,3.3333333333333335,0.2704111576337809,0.28161465526298934,0.0,0.2869330868617468,0.26875,0.28125,treat,full,covered,positive,8
39,3,0.6666666666666666,0.3333333333333333,0.3333333333333333,0.0,2.3333333333333335,3.3333333333333335,0.27219696296566326,0.2815073138064537,0.0,0.2185796955969497,0.29374999999999996,0.28125,treat,full,covered,positive,9
40,3,0.0,1.0,1.0,0.0,2.3333333333333335,3.3333333333333335,0.277892459146033,0.2814093437106973,0.0,0.16694786919136334,0.24375,0.28125,treat,full,covered,positive,10
41,3,0.3333333333333333,0.6666666666666666,0.6666666666666666,0.0,2.6666666666666665,3.6666666666666665,0.2646746311859266,0.28149966547915223,0.0,0.1251640519163775,0.27058823529411763,0.2823529411764706,treat,full,covered,positive,11
42,3,0.3333333333333333,0.6666666666666666,0.6666666666666666,0.0,2.0,3.0,0.2668646645222769,0.28164278692356576,0.0,0.09546970852616475,0.26666666666666666,0.27999999999999997,treat,full,covered,positive,12
43,3,0.6666666666666666,0.3333333333333333,0.3333333333333333,0.0,2.6666666666666665,3.6666666666666665,0.26979583465499873,0.2812857561662908,0.0,0.07274269562872752,0.29411764705882354,0.2823529411764706,treat,full,covered,positive,13
44,3,0.0,1.0,1.0,0.0,2.3333333333333335,3.3333333333333335,0.27653389812492857,0.2816002481681717,0.0,0.054720134930401225,0.24375,0.28125,treat,full,covered,positive,14
45,3,0.3333333333333333,0.6666666666666666,0.6666666666666666,0.0,2.6666666666666665,3.6666666666666665,0.2652997964059787,0.28163656143459354,0.0,0.04115564964580561,0.27058823529411763,0.2823529411764706,treat,full,covered,positive,15
46,3,0.6666666666666666,0.3333333333333333,0.3333333333333333,0.0,2.3333333333333335,3.3333333333333335,0.27022662838109834,0.281840960026859,0.0,0.031093929171948014,0.29374999999999996,0.28125,treat,full,covered,positive,16
47,3,0.3333333333333333,0.6666666666666666,0.6666666666666666,0.0,2.6666666666666665,3.6666666666666665,0.2772130340052361,0.281748840609256,0.0,0.023407751653834255,0.27058823529411763,0.2823529411764706,treat,full,covered,positive,17
48,3,0.0,1.0,1.0,0.0,2.6666666666666665,3.6666666666666665,0.2717489205521643,0.28192999017238896,0.0,0.017749944688830375,0.24705882352941178,0.2823529411764706,treat,full,covered,positive,18
49,3,0.0,1.0,1.0,0.0,2.3333333333333335,3.3333333333333335,0.2601058640764946,0.2820336445703062,0.0,0.013240141435998382,0.24375,0.28125,treat,full,covered,positive,19
50,3,0.6666666666666666,0.3333333333333333,0.3333333333333333,0.0,2.6666666666666665,3.6666666666666665,0.25849431432982434,0.2818401950111188,0.0,0.010071910235430777,0.29411764705882354,0.2823529411764706,treat,full,covered,positive,20
51,3,0.0,1.0,1.0,0.0,2.6666666666666665,3.6666666666666665,0.2707271570522573,0.2821064557400157,0.0,0.007513540761517088,0.24705882352941178,0.2823529411764706,treat,full,covered,positive,21
52,3,0.0,1.0,1.0,0.0,2.0,3.0,0.2576847089225887,0.2819263353608072,0.0,0.00570872492961312,0.24000000000000002,0.27999999999999997,treat,full,covered,positive,22
53,3,0.6666666666666666,0.3333333333333333,0.3333333333333333,0.0,2.3333333333333335,3.3333333333333335,0.2565446836791845,0.2813028167097461,0.0,0.004405861159061712,0.29375,0.28125,treat,full,covered,positive,23
54,3,0.0,1.0,1.0,0.0,2.6666666666666665,3.6666666666666665,0.2686349212733005,0.28135355893828723,0.0,0.0032826250497935763,0.24705882352941178,0.2823529411764706,treat,full,covered,positive,24
55,3,0.0,1.0,1.0,0.0,2.3333333333333335,3.3333333333333335,0.2576763731466925,0.28171968195184216,0.0,0.0024913778241625437,0.24375,0.28125,treat,full,covered,positive,25
56,3,1.0,0.0,0.0,0.0,2.6666666666666665,3.6666666666666665,0.25973859288639095,0.2816752239454125,0.0,0.0018653354481708295,0.3176470588235294,0.2823529411764706,treat,full,covered,positive,26
57,3,0.3333333333333333,0.6666666666666666,0.6666666666666666,0.0,2.6666666666666665,3.6666666666666665,0.28061210160295574,0.2819148479201263,0.0,0.001411726374255653,0.27058823529411763,0.2823529411764706,treat,full,covered,positive,27
58,3,0.3333333333333333,0.6666666666666666,0.6666666666666666,0.0,2.6666666666666665,3.6666666666666665,0.2767684195041573,0.2821600890236834,0.0,0.0010444849085827,0.27058823529411763,0.2823529411764706,treat,full,covered,positive,28
59,3,0.3333333333333333,0.6666666666666666,0.6666666666666666,0.0,2.3333333333333335,3.3333333333333335,0.27317322690069334,0.2821527242247576,0.0,0.0007890119676221188,0.26875,0.28125,treat,full,covered,positive,29
60,3,0.0,1.0,1.0,0.0,2.3333333333333335,3.3333333333333335,0.2683340264276289,0.2817893482928686,0.0,0.00060103885967305,0.24375,0.28125,treat,full,covered,positive,30
61,3,0.0,1.0,1.0,0.0,3.0,4.0,0.2595091405090238,0.28174159176203856,0.0,0.00045670643859376116,0.25,0.2833333333333333,treat,full,covered,positive,31
62,3,0.3333333333333333,0.6666666666666666,0.6666666666666666,0.0,2.6666666666666665,3.6666666666666665,0.2567532361842486,0.28234845399329167,0.0,0.0003420859309390765,0.27058823529411763,0.2823529411764706,treat,full,covered,positive,32
63,3,0.3333333333333333,0.6666666666666666,0.6666666666666666,0.0,2.6666666666666665,3.6666666666666665,0.26195622132287,0.28237570143676055,0.0,0.00025213377244594703,0.27058823529411763,0.2823529411764706,treat,full,covered,positive,33
64,3,1.0,0.0,0.0,0.0,2.6666666666666665,3.6666666666666665,0.2714228036877369,0.28240658923698164,0.0,0.00018821773013037057,0.31764705882352945,0.2823529411764706,treat,full,covered,positive,34
65,3,0.3333333333333333,0.6666666666666666,0.6666666666666666,0.0,2.6666666666666665,3.6666666666666665,0.2875481079551373,0.28240600112135206,0.0,0.0001405829057318086,0.27058823529411763,0.2823529411764706,treat,full,covered,positive,35
66,3,0.3333333333333333,0.6666666666666666,0.6666666666666666,0.0,3.0,4.0,0.28016835750206875,0.2824320725455466,0.0,0.00010478982492093512,0.27222222222222225,0.2833333333333333,treat,full,covered,positive,36
67,3,0.3333333333333333,0.6666666666666666,0.6666666666666666,0.0,2.3333333333333335,3.3333333333333335,0.27640866134163933,0.2826087606443175,0.0,7.860330258830666e-05,0.26875,0.28125,treat,full,covered,positive,37
68,3,0.3333333333333333,0.6666666666666666,0.6666666666666666,0.0,2.3333333333333335,3.3333333333333335,0.2717013722407673,0.2820545306695897,0.0,5.8707089084390356e-05,0.26875,0.28125,treat,full,covered,positive,38
69,3,0.3333333333333333,0.6666666666666666,0.6666666666666666,0.0,2.0,3.0,0.2707457229528378,0.2815773406612657,0.0,4.5803106205272944e-05,0.26666666666666666,0.27999999999999997,treat,full,covered,positive,39
70,3,0.0,1.0,1.0,0.0,2.3333333333333335,3.3333333333333335,0.266152706369927,0.28110387868618275,0.0,3.464051750478679e-05,0.24375,0.28125,treat,full,covered,positive,40
71,3,0.0,1.0,1.0,0.0,2.3333333333333335,3.3333333333333335,0.25767736131164964,0.28111783839148663,0.0,2.7126203459464484e-05,0.24375,0.28125,treat,full,covered,positive,41
72,3,0.3333333333333333,0.6666666666666666,0.6666666666666666,0.0,2.6666666666666665,3.6666666666666665,0.2549704707335661,0.28132649531975945,0.0,2.046325213161796e-05,0.27058823529411763,0.2823529411764706,treat,full,covered,positive,42
73,3,0.3333333333333333,0.6666666666666666,0.6666666666666666,0.0,2.6666666666666665,3.6666666666666665,0.2619735187134593,0.2817649198439117,0.0,1.4916443699111981e-05,0.27058823529411763,0.2823529411764706,treat,full,covered,positive,43
74,3,0.3333333333333333,0.6666666666666666,0.6666666666666666,0.0,2.3333333333333335,3.3333333333333335,0.26435985609905854,0.2819186324583599,0.0,1.1475767280292871e-05,0.26875,0.28125,treat,full,covered,positive,44
75,3,0.6666666666666666,0.3333333333333333,0.3333333333333333,0.0,2.3333333333333335,3.3333333333333335,0.27000042607124947,0.2816803555852897,0.0,8.687436106415037e-06,0.29375,0.28125,treat,full,covered,positive,45
76,3,0.6666666666666666,0.3333333333333333,0.3333333333333333,0.0,2.3333333333333335,3.3333333333333335,0.27948545580735096,0.28143666078034907,0.0,6.462494199565172e-06,0.29374999999999996,0.28125,treat,full,covered,positive,46
77,3,0.3333333333333333,0.6666666666666666,0.6666666666666666,0.0,2.3333333333333335,3.3333333333333335,0.28365329076052914,0.28141071622286623,0.0,4.927992040167344e-06,0.26875,0.28125,treat,full,covered,positive,47
78,3,1.0,0.0,0.0,0.0,2.3333333333333335,3.3333333333333335,0.2816608040222986,0.28137173667390325,0.0,3.759845989576032e-06,0.31875,0.28125,treat,full,covered,positive,48
79,3,0.0,1.0,1.0,0.0,2.3333333333333335,3.3333333333333335,0.2902051182102773,0.28133614586896855,0.0,2.870087124421181e-06,0.24375,0.28125,treat,full,covered,positive,49
80,3,0.0,1.0,1.0,0.0,3.0,4.0,0.2713565053954181,0.28147892956233617,0.0,2.1984193479604722e-06,0.25,0.2833333333333333,treat,full,covered,positive,50
81,3,0.3333333333333333,0.6666666666666666,0.6666666666666666,0.0,2.3333333333333335,3.3333333333333335,0.2626064864085085,0.28210121810528144,0.0,1.6558886128367975e-06,0.26875,0.28125,treat,full,covered,positive,51
82,3,0.3333333333333333,0.6666666666666666,0.6666666666666666,0.0,2.3333333333333335,3.3333333333333335,0.2648276670015007,0.2817855035152184,0.0,1.253913216732887e-06,0.26875,0.28125,treat,full,covered,positive,52
83,3,0.3333333333333333,0.6666666666666666,0.6666666666666666,0.0,2.3333333333333335,3.3333333333333335,0.2668533471008318,0.2815131278876801,0.0,9.294741196686138e-07,0.26875,0.28125,treat,full,covered,positive,53
84,3,0.3333333333333333,0.6666666666666666,0.6666666666666666,0.0,2.6666666666666665,3.6666666666666665,0.26776215076254967,0.28158591526340415,0.0,7.088023840846627e-07,0.27058823529411763,0.2823529411764706,treat,full,covered,positive,54
85,3,0.0,1.0,1.0,0.0,2.3333333333333335,3.3333333333333335,0.2658188987869919,0.2818039506769366,0.0,5.326631289008805e-07,0.24375,0.28125,treat,full,covered,positive,55
86,3,0.6666666666666666,0.3333333333333333,0.3333333333333333,0.0,2.3333333333333335,3.3333333333333335,0.26254324320057726,0.2814714521245737,0.0,4.2181496921343474e-07,0.29375,0.28125,treat,full,covered,positive,56
87,3,0.3333333333333333,0.6666666666666666,0.6666666666666666,0.0,2.0,3.0,0.2724077355758288,0.2812875788628381,0.0,3.175684567282236e-07,0.26666666666666666,0.27999999999999997,treat,full,covered,positive,57
88,3,0.6666666666666666,0.3333333333333333,0.3333333333333333,0.0,2.3333333333333335,3.3333333333333335,0.27231497887992046,0.2809206404749492,0.0,2.466790021965621e-07,0.29375,0.28125,treat,full,covered,positive,58
89,3,0.0,1.0,1.0,0.0,2.3333333333333335,3.3333333333333335,0.2774731508605167,0.2810284101616088,0.0,1.859558101420613e-07,0.24375,0.28125,treat,full,covered,positive,59
90,3,0.3333333333333333,0.6666666666666666,0.6666666666666666,0.0,3.0,4.0,0.26625114037551023,0.2814038612589474,0.0,1.379208432006654e-07,0.27222222222222225,0.2833333333333333,treat,full,covered,positive,60
91,3,0.6666666666666666,0.3333333333333333,0.3333333333333333,0.0,2.6666666666666665,3.6666666666666665,0.2702498819380511,0.2822174993496046,0.0,1.0388033919788447e-07,0.29411764705882354,0.2823529411764706,treat,full,covered,positive,61
92,3,0.3333333333333333,0.6666666666666666,0.6666666666666666,0.0,2.3333333333333335,3.3333333333333335,0.2779805742958567,0.2821724466459785,0.0,7.695517945804195e-08,0.26875,0.28125,treat,full,covered,positive,62
93,3,0.3333333333333333,0.6666666666666666,0.6666666666666666,0.0,2.3333333333333335,3.3333333333333335,0.2740914625327575,0.2818034219042193,0.0,5.8348049425756234e-08,0.26875,0.28125,treat,full,covered,positive,63
94,3,0.3333333333333333,0.6666666666666666,0.6666666666666666,0.0,2.6666666666666665,3.6666666666666665,0.2738360388399758,0.28166094224443006,0.0,4.3270362256644226e-08,0.27058823529411763,0.2823529411764706,treat,full,covered,positive,64
95,3,0.0,1.0,1.0,0.0,2.3333333333333335,3.3333333333333335,0.26926959882428964,0.2818232053220773,0.0,3.267766997818462e-08,0.24375,0.28125,treat,full,covered,positive,65
96,3,0.3333333333333333,0.6666666666666666,0.6666666666666666,0.0,2.3333333333333335,3.3333333333333335,0.2598130314279361,0.2815303661859643,0.0,2.5827425896663245e-08,0.26875,0.28125,treat,full,covered,positive,66
97,3,0.0,1.0,1.0,0.0,2.0,3.0,0.2609179858710768,0.2813156292342262,0.0,1.940035886080345e-08,0.24000000000000002,0.27999999999999997,treat,full,covered,positive,67
98,3,0.0,1.0,1.0,0.0,2.6666666666666665,3.6666666666666665,0.2542814331201279,0.2810756997837717,0.0,1.4727338186446107e-08,0.24705882352941178,0.2823529411764706,treat,full,covered,positive,68
99,3,0.3333333333333333,0.6666666666666666,0.6666666666666666,0.0,3.0,4.0,0.25383406645074597,0.2817554006632972,0.0,1.0964508473141452e-08,0.27222222222222225,0.2833333333333333,treat,full,covered,positive,69
100,3,0.0,1.0,1.0,0.0,2.0,3.0,0.2580359269136914,0.2821450631620373,0.0,8.259352284722017e-09,0.24000000000000002,0.27999999999999997,treat,full,covered,positive,70
