condition_id,n_seeds,n_trials_total,p_open,p_covered,mean_junction_pause_duration,mean_commit_latency,mean_reorientation_count,mean_junction_deliberation_proxy,p_commit_bound,p_commit_timeout,mode_at_junction_distribution,reward_idx,threat_idx,explore_rate,exploit_rate,exploit_safe_rate,absence_check_rate,dominant_mode
R0_T1,50,5000,0.3182,0.6818,4.1816,3.1816,1.0604,4.058909740695234,1.0,0.0,{'explore': 1.0},0,1,1.0,0.0,0.0,0.0,explore
R1_T1,50,5000,0.482,0.518,5.4836,4.4836,1.7324,5.260535867118802,0.8196,0.1804,{'explore': 1.0},1,1,1.0,0.0,0.0,0.0,explore
R2_T1,50,5000,0.6796,0.3204,4.1758,3.1758,1.0616,4.057184816688305,1.0,0.0,{'explore': 1.0},2,1,1.0,0.0,0.0,0.0,explore
R0_T2,50,5000,0.2324,0.7676,2.8724,1.8724,0.413,2.758593355203038,1.0,0.0,"{'explore': 0.5934, 'exploit': 0.4066}",0,2,0.5934,0.4066,0.0,0.0,explore
R1_T2,50,5000,0.4422,0.5578,5.4748,4.4748,1.7276,5.253475205517453,0.8198,0.1802,{'explore': 1.0},1,2,1.0,0.0,0.0,0.0,explore
R2_T2,50,5000,0.6486,0.3514,4.4732,3.4732,1.222,4.312317934259827,0.8828,0.1172,{'explore': 1.0},2,2,1.0,0.0,0.0,0.0,explore
R0_T3,50,5000,0.008,0.992,2.0,1.0,0.0,1.791759469228055,1.0,0.0,"{'exploit_safe': 0.9458, 'exploit': 0.0406, 'explore': 0.0136}",0,3,0.0136,0.0406,0.9458,0.0,exploit_safe
R1_T3,50,5000,0.008,0.992,2.0542,1.0542,0.0266,1.8486325134203587,0.9982,0.0018,"{'exploit_safe': 0.9726, 'explore': 0.0274}",1,3,0.0274,0.0,0.9726,0.0,exploit_safe
R2_T3,50,5000,0.0132,0.9868,2.063,1.063,0.0318,1.8559805179761548,0.9978,0.0022,"{'exploit_safe': 0.98, 'explore': 0.02}",2,3,0.02,0.0,0.98,0.0,exploit_safe
