seed,trial,p_open,p_covered,p_target,p_timeout,commit_latency,junction_pause_duration,h_risk,h_opp,q_neg,q_pos,X_risk,X_opp,protocol,ablation,target_path,expected_direction,rel_trial
42,1,0.0,1.0,0.0,0.0,6.0,7.0,0.10150215756666665,0.09802905188888887,0.0,0.0,0.26666666666666666,0.2888888888888889,shock,full,open,negative,-29
42,2,0.0,1.0,0.0,0.0,4.0,5.0,0.19322321966671913,0.20729145966507892,0.0,0.0,0.2571428571428571,0.2857142857142857,shock,full,open,negative,-28
42,3,0.0,1.0,0.0,0.0,4.0,5.0,0.22657029268889656,0.24820489112571087,0.0,0.0,0.2571428571428571,0.2857142857142857,shock,full,open,negative,-27
42,4,0.0,1.0,0.0,1.0,6.0,7.0,0.2476994304480966,0.2701818687514503,0.0,0.0,0.26666666666666666,0.2888888888888889,shock,full,open,negative,-26
42,5,1.0,0.0,1.0,0.0,4.0,5.0,0.26095686482561226,0.2803216005012904,0.0,0.0,0.31428571428571433,0.2857142857142857,shock,full,open,negative,-25
42,6,0.0,1.0,0.0,0.0,6.0,7.0,0.28472694003269344,0.2842107548100958,0.0,0.0,0.26666666666666666,0.2888888888888889,shock,full,open,negative,-24
42,7,1.0,0.0,1.0,0.0,3.0,4.0,0.2760579389279822,0.28595598424621943,0.0,0.0,0.31666666666666665,0.2833333333333333,shock,full,open,negative,-23
42,8,1.0,0.0,1.0,1.0,6.0,7.0,0.2946920807703813,0.2860054290873157,0.0,0.0,0.3111111111111111,0.2888888888888889,shock,full,open,negative,-22
42,9,0.0,1.0,0.0,0.0,3.0,4.0,0.29995878377795904,0.2867537241188765,0.0,0.0,0.25,0.2833333333333333,shock,full,open,negative,-21
42,10,1.0,0.0,1.0,0.0,4.0,5.0,0.28349670612373284,0.28550471269279915,0.0,0.0,0.31428571428571433,0.2857142857142857,shock,full,open,negative,-20
42,11,0.0,1.0,0.0,0.0,3.0,4.0,0.29338102403100713,0.2852656327790637,0.0,0.0,0.25,0.2833333333333333,shock,full,open,negative,-19
42,12,1.0,0.0,1.0,0.0,3.0,4.0,0.2797211214587292,0.28436023648307174,0.0,0.0,0.31666666666666665,0.2833333333333333,shock,full,open,negative,-18
42,13,1.0,0.0,1.0,0.0,6.0,7.0,0.2963888412480697,0.28526628990597735,0.0,0.0,0.3111111111111111,0.2888888888888889,shock,full,open,negative,-17
42,14,0.0,1.0,0.0,0.0,4.0,5.0,0.30084248840310523,0.2867206674548524,0.0,0.0,0.2571428571428571,0.2857142857142857,shock,full,open,negative,-16
42,15,1.0,0.0,1.0,0.0,4.0,5.0,0.28375854102006265,0.2861956349810154,0.0,0.0,0.31428571428571433,0.2857142857142857,shock,full,open,negative,-15
42,16,0.0,1.0,0.0,0.0,6.0,7.0,0.2946869304394722,0.2867765892938514,0.0,0.0,0.26666666666666666,0.2888888888888889,shock,full,open,negative,-14
42,17,1.0,0.0,1.0,0.0,4.0,5.0,0.28088975819587414,0.2873613620366283,0.0,0.0,0.31428571428571433,0.2857142857142857,shock,full,open,negative,-13
42,18,1.0,0.0,1.0,1.0,6.0,7.0,0.2978782630879075,0.28728579002943816,0.0,0.0,0.3111111111111111,0.2888888888888889,shock,full,open,negative,-12
42,19,0.0,1.0,0.0,0.0,4.0,5.0,0.30147432637538035,0.28757737361350244,0.0,0.0,0.2571428571428571,0.2857142857142857,shock,full,open,negative,-11
42,20,1.0,0.0,1.0,0.0,6.0,7.0,0.2848626737468108,0.2873801459537602,0.0,0.0,0.3111111111111111,0.2888888888888889,shock,full,open,negative,-10
42,21,0.0,1.0,0.0,0.0,6.0,7.0,0.2964974842275036,0.288304370963186,0.0,0.0,0.26666666666666666,0.2888888888888889,shock,full,open,negative,-9
42,22,1.0,0.0,1.0,0.0,4.0,5.0,0.28165782577990334,0.2880094728983144,0.0,0.0,0.31428571428571433,0.2857142857142857,shock,full,open,negative,-8
42,23,1.0,0.0,1.0,1.0,6.0,7.0,0.29821376236012975,0.28756889105718153,0.0,0.0,0.3111111111111111,0.2888888888888889,shock,full,open,negative,-7
42,24,0.0,1.0,0.0,0.0,3.0,4.0,0.3015241852876393,0.2874486891989339,0.0,0.0,0.25,0.2833333333333333,shock,full,open,negative,-6
42,25,1.0,0.0,1.0,1.0,6.0,7.0,0.2850726404657521,0.28669683956095615,0.0,0.0,0.3111111111111111,0.2888888888888889,shock,full,open,negative,-5
42,26,1.0,0.0,1.0,1.0,6.0,7.0,0.30102327408087404,0.28803964406634913,0.0,0.0,0.3111111111111111,0.2888888888888889,shock,full,open,negative,-4
42,27,1.0,0.0,1.0,0.0,4.0,5.0,0.3085227790230549,0.287897171264734,0.0,0.0,0.31428571428571433,0.2857142857142857,shock,full,open,negative,-3
42,28,0.0,1.0,0.0,0.0,3.0,4.0,0.30592334549839545,0.286464661672943,0.0,0.0,0.25,0.2833333333333333,shock,full,open,negative,-2
42,29,1.0,0.0,1.0,0.0,6.0,7.0,0.28711030064729615,0.28624104490670554,0.0,0.0,0.3111111111111111,0.2888888888888889,shock,full,open,negative,-1
42,30,1.0,0.0,1.0,0.0,3.0,4.0,0.3032553189468516,0.28685845629013573,0.0,0.0,0.31666666666666665,0.2833333333333333,shock,full,open,negative,0
42,31,0.0,1.0,0.0,0.0,5.0,6.0,0.3201811844500822,0.2859753531679194,1.3058235524093758,0.0,0.2625,0.2875,shock,full,open,negative,1
42,32,0.0,1.0,0.0,0.0,1.0,2.0,0.330241234510793,0.2860925542321827,1.1558102298222468,0.0,0.22499999999999998,0.275,shock,full,open,negative,2
42,33,0.0,1.0,0.0,0.0,1.0,2.0,0.33184511386744725,0.28227782483173514,1.066082554990323,0.0,0.22499999999999998,0.275,shock,full,open,negative,3
42,34,0.0,1.0,0.0,0.0,1.0,2.0,0.33277306186710565,0.27977498087210145,0.983320604654523,0.0,0.22499999999999998,0.275,shock,full,open,negative,4
42,35,0.0,1.0,0.0,0.0,1.0,2.0,0.3330347571678909,0.27813286495018574,0.9069836168052796,0.0,0.22499999999999998,0.275,shock,full,open,negative,5
42,36,0.0,1.0,0.0,0.0,1.0,2.0,0.33265130094509987,0.2770554726938169,0.8365728097828309,0.0,0.22499999999999998,0.275,shock,full,open,negative,6
42,37,0.0,1.0,0.0,0.0,1.0,2.0,0.33165456934801246,0.2763485956344133,0.7716281232654196,0.0,0.22499999999999998,0.275,shock,full,open,negative,7
42,38,0.0,1.0,0.0,0.0,1.0,2.0,0.3300861571043314,0.2758848135957386,0.7117252122605782,0.0,0.22499999999999998,0.275,shock,full,open,negative,8
42,39,0.0,1.0,0.0,0.0,1.0,2.0,0.3279959638996609,0.27558052620016416,0.6564726744583989,0.0,0.22499999999999998,0.275,shock,full,open,negative,9
42,40,0.0,1.0,0.0,0.0,1.0,2.0,0.3254404989860669,0.2753808832399277,0.6055094928304722,0.0,0.22499999999999998,0.275,shock,full,open,negative,10
42,41,0.0,1.0,0.0,0.0,2.0,3.0,0.32470849381890715,0.27565928589160077,0.552974059804406,0.0,0.24,0.27999999999999997,shock,full,open,negative,11
42,42,0.0,1.0,0.0,0.0,2.0,3.0,0.32435840172434555,0.2774368517261313,0.4998447527481293,0.0,0.24,0.27999999999999997,shock,full,open,negative,12
42,43,0.0,1.0,0.0,0.0,3.0,4.0,0.32479003475561496,0.27900631987711544,0.44736270900559,0.0,0.25,0.2833333333333333,shock,full,open,negative,13
42,44,0.0,1.0,0.0,0.0,3.0,4.0,0.3246811388178129,0.2810337809751475,0.39629284725528063,0.0,0.25,0.2833333333333333,shock,full,open,negative,14
42,45,0.0,1.0,0.0,0.0,3.0,4.0,0.3227666589664831,0.2821112569285467,0.35105299933199124,0.0,0.25,0.2833333333333333,shock,full,open,negative,15
42,46,0.0,1.0,0.0,0.0,3.0,4.0,0.31954995896148336,0.28268387182669713,0.3109776247376993,0.0,0.25,0.2833333333333333,shock,full,open,negative,16
42,47,1.0,0.0,1.0,0.0,4.0,5.0,0.32161848449877045,0.28344053990792767,0.27276875443275045,0.0,0.31428571428571433,0.2857142857142857,shock,full,open,negative,17
42,48,0.0,1.0,0.0,0.0,1.0,2.0,0.3357280148638258,0.2839698392121731,0.24394637126882543,0.0,0.22499999999999998,0.275,shock,full,open,negative,18
42,49,0.0,1.0,0.0,0.0,3.0,4.0,0.3219718321596436,0.28142919833800223,0.2205831980216069,0.0,0.25,0.2833333333333333,shock,full,open,negative,19
42,50,0.0,1.0,0.0,0.0,3.0,4.0,0.3117690315355964,0.2823213979272796,0.1954019453140554,0.0,0.25,0.2833333333333333,shock,full,open,negative,20
42,51,1.0,0.0,1.0,1.0,6.0,7.0,0.3115937761765762,0.28432191417454195,0.16805702661807234,0.0,0.3111111111111111,0.2888888888888889,shock,full,open,negative,21
42,52,0.0,1.0,0.0,0.0,1.0,2.0,0.3257421221029688,0.28592317728325506,0.14721303101828415,0.0,0.22499999999999998,0.275,shock,full,open,negative,22
42,53,0.0,1.0,0.0,0.0,3.0,4.0,0.30839651698865905,0.2825932930105312,0.1331141799878739,0.0,0.25,0.2833333333333333,shock,full,open,negative,23
42,54,0.0,1.0,0.0,0.0,4.0,5.0,0.2979174677656819,0.283394599585333,0.1167588475320539,0.0,0.2571428571428571,0.2857142857142857,shock,full,open,negative,24
42,55,0.0,1.0,0.0,0.0,3.0,4.0,0.28933721972204207,0.2842081070125218,0.10236778473867429,0.0,0.25,0.2833333333333333,shock,full,open,negative,25
42,56,1.0,0.0,1.0,1.0,6.0,7.0,0.291422333611398,0.2851958246012992,0.08804224286002037,0.0,0.3111111111111111,0.2888888888888889,shock,full,open,negative,26
42,57,1.0,0.0,1.0,0.0,3.0,4.0,0.3156103312905625,0.2863938516964682,0.07560568291424051,0.0,0.31666666666666665,0.2833333333333333,shock,full,open,negative,27
42,58,0.0,1.0,0.0,0.0,4.0,5.0,0.3188718442457336,0.2853221903782208,0.06631624372959198,0.0,0.2571428571428571,0.2857142857142857,shock,full,open,negative,28
42,59,0.0,1.0,0.0,0.0,3.0,4.0,0.29550353564965054,0.28517415803775603,0.05814246291635105,0.0,0.25,0.2833333333333333,shock,full,open,negative,29
42,60,1.0,0.0,1.0,1.0,6.0,7.0,0.28993792573776217,0.2856432926663736,0.050005896421700766,0.0,0.3111111111111111,0.2888888888888889,shock,full,open,negative,30
42,61,0.0,1.0,0.0,0.0,6.0,7.0,0.3057460007824274,0.28763147841326553,0.04169230423490509,0.0,0.26666666666666666,0.2888888888888889,shock,full,open,negative,31
42,62,0.0,1.0,0.0,0.0,3.0,4.0,0.28529960233665835,0.28747650952828635,0.03580298538009721,0.0,0.25,0.2833333333333333,shock,full,open,negative,32
42,63,1.0,0.0,1.0,0.0,4.0,5.0,0.2804803940523494,0.28587129945425804,0.03140398199176027,0.0,0.31428571428571433,0.2857142857142857,shock,full,open,negative,33
42,64,0.0,1.0,0.0,1.0,6.0,7.0,0.2974518303382611,0.2866349164314033,0.026731883727206023,0.0,0.26666666666666666,0.2888888888888889,shock,full,open,negative,34
42,65,0.0,1.0,0.0,0.0,3.0,4.0,0.2792240988231205,0.2870335337534637,0.02295582505766958,0.0,0.25,0.2833333333333333,shock,full,open,negative,35
42,66,0.0,1.0,0.0,0.0,3.0,4.0,0.2683819262913954,0.2852997715448078,0.0203352427237835,0.0,0.25,0.2833333333333333,shock,full,open,negative,36
42,67,0.0,1.0,0.0,1.0,6.0,7.0,0.2678646179673094,0.28570147596257583,0.017489490302786768,0.0,0.26666666666666666,0.2888888888888889,shock,full,open,negative,37
42,68,1.0,0.0,1.0,0.0,4.0,5.0,0.27188057636946544,0.2869052807512397,0.014871320048827356,0.0,0.31428571428571433,0.2857142857142857,shock,full,open,negative,38
42,69,0.0,1.0,0.0,0.0,4.0,5.0,0.29012521592975343,0.2862839349483762,0.012910172647470885,0.0,0.2571428571428571,0.2857142857142857,shock,full,open,negative,39
42,70,0.0,1.0,0.0,0.0,4.0,5.0,0.27478658276005213,0.2859867471770385,0.011207650513892872,0.0,0.2571428571428571,0.2857142857142857,shock,full,open,negative,40
42,71,1.0,0.0,1.0,0.0,3.0,4.0,0.27184437646948395,0.2855072140884452,0.009826256249381932,0.0,0.31666666666666665,0.2833333333333333,shock,full,open,negative,41
42,72,1.0,0.0,1.0,0.0,3.0,4.0,0.2938990524924983,0.2844886226957108,0.008704514230932233,0.0,0.31666666666666665,0.2833333333333333,shock,full,open,negative,42
42,73,0.0,1.0,0.0,0.0,6.0,7.0,0.29976155697050133,0.28532575749997735,0.007486388006291512,0.0,0.26666666666666666,0.2888888888888889,shock,full,open,negative,43
42,74,0.0,1.0,0.0,0.0,4.0,5.0,0.2785740802430295,0.28674589461548894,0.006365678480265557,0.0,0.2571428571428571,0.2857142857142857,shock,full,open,negative,44
42,75,0.0,1.0,0.0,0.0,3.0,4.0,0.26652757526721266,0.28588767614705496,0.0055810794484293,0.0,0.25,0.2833333333333333,shock,full,open,negative,45
42,76,1.0,0.0,1.0,1.0,6.0,7.0,0.2695684051149706,0.28597378925446654,0.004800052609070889,0.0,0.3111111111111111,0.2888888888888889,shock,full,open,negative,46
42,77,0.0,1.0,0.0,1.0,6.0,7.0,0.2912702431375198,0.28775951956303725,0.004002033120919822,0.0,0.26666666666666666,0.2888888888888889,shock,full,open,negative,47
42,78,0.0,1.0,0.0,0.0,4.0,5.0,0.2743718031018095,0.2877783377056824,0.003402930237350757,0.0,0.2571428571428571,0.2857142857142857,shock,full,open,negative,48
42,79,1.0,0.0,1.0,0.0,4.0,5.0,0.2715462567009871,0.2867015153832096,0.0029541706269014998,0.0,0.31428571428571433,0.2857142857142857,shock,full,open,negative,49
42,80,0.0,1.0,0.0,0.0,3.0,4.0,0.2877511592054343,0.28586543459921143,0.00259005556502215,0.0,0.25,0.2833333333333333,shock,full,open,negative,50
42,81,1.0,0.0,1.0,0.0,3.0,4.0,0.2770657489180986,0.28467899576217287,0.0022943809882892668,0.0,0.31666666666666665,0.2833333333333333,shock,full,open,negative,51
42,82,1.0,0.0,1.0,0.0,4.0,5.0,0.2956087015935071,0.28445243916971874,0.0020124774086165143,0.0,0.31428571428571433,0.2857142857142857,shock,full,open,negative,52
42,83,0.0,1.0,0.0,0.0,6.0,7.0,0.3001718958320344,0.28601514467857003,0.0017130729505857223,0.0,0.26666666666666666,0.2888888888888889,shock,full,open,negative,53
42,84,1.0,0.0,1.0,0.0,4.0,5.0,0.28349753983424825,0.2870383443334828,0.0014566265611004859,0.0,0.31428571428571433,0.2857142857142857,shock,full,open,negative,54
42,85,0.0,1.0,0.0,0.0,3.0,4.0,0.2935715159373565,0.2860342432249532,0.0012770906651030165,0.0,0.25,0.2833333333333333,shock,full,open,negative,55
42,86,0.0,1.0,0.0,0.0,6.0,7.0,0.2771360354662489,0.28604167809784814,0.0010983721761518668,0.0,0.26666666666666666,0.2888888888888889,shock,full,open,negative,56
42,87,1.0,0.0,1.0,0.0,4.0,5.0,0.27360610337555746,0.28704960025936355,0.0009339462661000856,0.0,0.31428571428571433,0.2857142857142857,shock,full,open,negative,57
42,88,0.0,1.0,0.0,0.0,3.0,4.0,0.28853968669698,0.2860398843593565,0.00081883311069315,0.0,0.25,0.2833333333333333,shock,full,open,negative,58
42,89,0.0,1.0,0.0,0.0,3.0,4.0,0.2705935229915048,0.2847717055171541,0.0007253570723067168,0.0,0.25,0.2833333333333333,shock,full,open,negative,59
42,90,0.0,1.0,0.0,0.0,4.0,5.0,0.2629815700292741,0.2844994602750035,0.0006362346657543857,0.0,0.2571428571428571,0.2857142857142857,shock,full,open,negative,60
42,91,1.0,0.0,1.0,1.0,6.0,7.0,0.2681322936943796,0.28603568394741835,0.000541579444053511,0.0,0.3111111111111111,0.2888888888888889,shock,full,open,negative,61
42,92,0.0,1.0,0.0,0.0,6.0,7.0,0.2900947502268767,0.28778349883524723,0.00045154064949530005,0.0,0.26666666666666666,0.2888888888888889,shock,full,open,negative,62
42,93,1.0,0.0,1.0,0.0,3.0,4.0,0.2785134340681443,0.28754408321205277,0.0003877574907185,0.0,0.31666666666666665,0.2833333333333333,shock,full,open,negative,63
42,94,0.0,1.0,0.0,0.0,3.0,4.0,0.2897703763313787,0.28557109845962997,0.00034349201877593327,0.0,0.25,0.2833333333333333,shock,full,open,negative,64
42,95,0.0,1.0,0.0,0.0,4.0,5.0,0.27266349868229617,0.2849049013175317,0.00030128820424982856,0.0,0.2571428571428571,0.2857142857142857,shock,full,open,negative,65
42,96,0.0,1.0,0.0,1.0,6.0,7.0,0.2678761408930359,0.28621278447545234,0.0002564643313863222,0.0,0.26666666666666666,0.2888888888888889,shock,full,open,negative,66
42,97,1.0,0.0,1.0,0.0,4.0,5.0,0.2695522478793344,0.28712218648294163,0.0002180717154774143,0.0,0.31428571428571433,0.2857142857142857,shock,full,open,negative,67
42,98,1.0,0.0,1.0,0.0,3.0,4.0,0.2930843130915545,0.28607626241011513,0.00019119337762781667,0.0,0.31666666666666665,0.2833333333333333,shock,full,open,negative,68
42,99,0.0,1.0,0.0,0.0,4.0,5.0,0.2977709457882112,0.2851611134853525,0.0001677020316665,0.0,0.2571428571428571,0.2857142857142857,shock,full,open,negative,69
42,100,1.0,0.0,1.0,0.0,3.0,4.0,0.28197617430332894,0.28509343110231355,0.00014703198807403331,0.0,0.31666666666666665,0.2833333333333333,shock,full,open,negative,70
43,1,0.0,1.0,0.0,1.0,6.0,7.0,0.10150215756666665,0.09802905188888887,0.0,0.0,0.26666666666666666,0.2888888888888889,shock,full,open,negative,-29
43,2,1.0,0.0,1.0,0.0,6.0,7.0,0.20712299623014416,0.2149458775078886,0.0,0.0,0.3111111111111111,0.2888888888888889,shock,full,open,negative,-28
43,3,0.0,1.0,0.0,0.0,3.0,4.0,0.26103397650984683,0.255167470085163,0.0,0.0,0.25,0.2833333333333333,shock,full,open,negative,-27
43,4,1.0,0.0,1.0,0.0,4.0,5.0,0.26375458231899396,0.26948460157532284,0.0,0.0,0.31428571428571433,0.2857142857142857,shock,full,open,negative,-26
43,5,1.0,0.0,1.0,0.0,4.0,5.0,0.29011683051254117,0.27795167810264065,0.0,0.0,0.31428571428571433,0.2857142857142857,shock,full,open,negative,-25
43,6,1.0,0.0,1.0,0.0,3.0,4.0,0.3033654996312832,0.28148027707163115,0.0,0.0,0.31666666666666665,0.2833333333333333,shock,full,open,negative,-24
43,7,1.0,0.0,1.0,0.0,6.0,7.0,0.3073407515244408,0.2839323128885441,0.0,0.0,0.3111111111111111,0.2888888888888889,shock,full,open,negative,-23
43,8,0.0,1.0,0.0,0.0,6.0,7.0,0.30520595211189305,0.2869686097910696,0.0,0.0,0.26666666666666666,0.2888888888888889,shock,full,open,negative,-22
43,9,0.0,1.0,0.0,0.0,6.0,7.0,0.281597575479567,0.2881449334217953,0.0,0.0,0.26666666666666666,0.2888888888888889,shock,full,open,negative,-21
43,10,0.0,1.0,0.0,0.0,3.0,4.0,0.26800025723881477,0.287704742327028,0.0,0.0,0.25,0.2833333333333333,shock,full,open,negative,-20
43,11,0.0,1.0,0.0,0.0,6.0,7.0,0.2651001474753567,0.286815441575541,0.0,0.0,0.26666666666666666,0.2888888888888889,shock,full,open,negative,-19
43,12,0.0,1.0,0.0,0.0,4.0,5.0,0.262624258007504,0.2873778438326006,0.0,0.0,0.2571428571428571,0.2857142857142857,shock,full,open,negative,-18
43,13,0.0,1.0,0.0,0.0,6.0,7.0,0.26344814758789453,0.28729298943567344,0.0,0.0,0.26666666666666666,0.2888888888888889,shock,full,open,negative,-17
43,14,1.0,0.0,1.0,0.0,4.0,5.0,0.26763773738796665,0.2875804277235709,0.0,0.0,0.31428571428571433,0.2857142857142857,shock,full,open,negative,-16
43,15,1.0,0.0,1.0,0.0,3.0,4.0,0.2920996484768494,0.28630591925530646,0.0,0.0,0.31666666666666665,0.2833333333333333,shock,full,open,negative,-15
43,16,0.0,1.0,0.0,0.0,4.0,5.0,0.2972455797277221,0.28527759226042115,0.0,0.0,0.2571428571428571,0.2857142857142857,shock,full,open,negative,-14
43,17,0.0,1.0,0.0,0.0,3.0,4.0,0.2750218390959367,0.28515180679101687,0.0,0.0,0.25,0.2833333333333333,shock,full,open,negative,-13
43,18,0.0,1.0,0.0,0.0,3.0,4.0,0.26329763119098376,0.2842997446861582,0.0,0.0,0.25,0.2833333333333333,shock,full,open,negative,-12
43,19,1.0,0.0,1.0,0.0,4.0,5.0,0.26490267666043443,0.28426008827009336,0.0,0.0,0.31428571428571433,0.2857142857142857,shock,full,open,negative,-11
43,20,1.0,0.0,1.0,1.0,6.0,7.0,0.2908949528537184,0.2859311239645371,0.0,0.0,0.3111111111111111,0.2888888888888889,shock,full,open,negative,-10
43,21,0.0,1.0,0.0,0.0,6.0,7.0,0.2988345127488863,0.2877429901555495,0.0,0.0,0.26666666666666666,0.2888888888888889,shock,full,open,negative,-9
43,22,0.0,1.0,0.0,0.0,3.0,4.0,0.2756621445889389,0.287526076942395,0.0,0.0,0.25,0.2833333333333333,shock,full,open,negative,-8
43,23,1.0,0.0,1.0,0.0,4.0,5.0,0.2711737868192189,0.2858964393610345,0.0,0.0,0.31428571428571433,0.2857142857142857,shock,full,open,negative,-7
43,24,1.0,0.0,1.0,0.0,4.0,5.0,0.2936654130254647,0.28580140923884934,0.0,0.0,0.31428571428571433,0.2857142857142857,shock,full,open,negative,-6
43,25,1.0,0.0,1.0,0.0,6.0,7.0,0.3034587913989799,0.2866043877163622,0.0,0.0,0.3111111111111111,0.2888888888888889,shock,full,open,negative,-5
43,26,0.0,1.0,0.0,0.0,6.0,7.0,0.3037020012218085,0.2880038263275075,0.0,0.0,0.26666666666666666,0.2888888888888889,shock,full,open,negative,-4
43,27,0.0,1.0,0.0,0.0,4.0,5.0,0.27899981820465636,0.2878819767732369,0.0,0.0,0.2571428571428571,0.2857142857142857,shock,full,open,negative,-3
43,28,0.0,1.0,0.0,0.0,3.0,4.0,0.2658776075035403,0.28645704664689964,0.0,0.0,0.25,0.2833333333333333,shock,full,open,negative,-2
43,29,0.0,1.0,0.0,1.0,6.0,7.0,0.26411695099291027,0.2862375176800061,0.0,0.0,0.26666666666666666,0.2888888888888889,shock,full,open,negative,-1
43,30,1.0,0.0,1.0,0.0,3.0,4.0,0.26689671661552505,0.2868568884238026,0.0,0.0,0.31666666666666665,0.2833333333333333,shock,full,open,negative,0
43,31,0.0,1.0,0.0,1.0,6.0,7.0,0.30002865704537907,0.2864227215890889,1.293072961209945,0.0,0.26666666666666666,0.2888888888888889,shock,full,open,negative,1
43,32,0.0,1.0,0.0,0.0,4.0,5.0,0.3221239315237702,0.28721124536245946,1.09950041537654,0.0,0.2571428571428571,0.2857142857142857,shock,full,open,negative,2
43,33,0.0,1.0,0.0,0.0,1.0,2.0,0.32941314343341693,0.2860503356781921,0.983320604654523,0.0,0.22499999999999998,0.275,shock,full,open,negative,3
43,34,0.0,1.0,0.0,0.0,1.0,2.0,0.3301135875008343,0.28225012523846194,0.9069836168052796,0.0,0.22499999999999998,0.275,shock,full,open,negative,4
43,35,0.0,1.0,0.0,0.0,1.0,2.0,0.330130929244716,0.2797568071689549,0.8365728097828309,0.0,0.22499999999999998,0.275,shock,full,open,negative,5
43,36,0.0,1.0,0.0,0.0,1.0,2.0,0.3294969690087058,0.27812094118355135,0.7716281232654196,0.0,0.22499999999999998,0.275,shock,full,open,negative,6
43,37,0.0,1.0,0.0,0.0,1.0,2.0,0.328253828852194,0.27704764951052807,0.7117252122605782,0.0,0.22499999999999998,0.275,shock,full,open,negative,7
43,38,0.0,1.0,0.0,0.0,1.0,2.0,0.3264524946347829,0.27634346284385747,0.6564726744583989,0.0,0.22499999999999998,0.275,shock,full,open,negative,8
43,39,0.0,1.0,0.0,0.0,2.0,3.0,0.32637868997519515,0.2762609152426503,0.5995155554853563,0.0,0.24,0.27999999999999997,shock,full,open,negative,9
43,40,0.0,1.0,0.0,0.0,2.0,3.0,0.32662897828084014,0.2777921078416326,0.5419145786083177,0.0,0.24,0.27999999999999997,shock,full,open,negative,10
43,41,0.0,1.0,0.0,0.0,2.0,3.0,0.3256063512856855,0.27869626175940565,0.48984785769316674,0.0,0.24,0.27999999999999997,shock,full,open,negative,11
43,42,0.0,1.0,0.0,0.0,2.0,3.0,0.3235279839187343,0.2792301556063115,0.4427836658367802,0.0,0.24,0.27999999999999997,shock,full,open,negative,12
43,43,0.0,1.0,0.0,0.0,3.0,4.0,0.32252842146655697,0.2800160026862405,0.39629284725528063,0.0,0.25,0.2833333333333333,shock,full,open,negative,13
43,44,0.0,1.0,0.0,0.0,4.0,5.0,0.3229506769802844,0.28208743358416466,0.3476015563100633,0.0,0.2571428571428571,0.2857142857142857,shock,full,open,negative,14
43,45,0.0,1.0,0.0,0.0,4.0,5.0,0.3220043353940664,0.2839795735836904,0.3017617864290635,0.0,0.2571428571428571,0.2857142857142857,shock,full,open,negative,15
43,46,0.0,1.0,0.0,0.0,4.0,5.0,0.31896786509272207,0.28488457827982966,0.2619671117572135,0.0,0.2571428571428571,0.2857142857142857,shock,full,open,negative,16
43,47,0.0,1.0,0.0,0.0,6.0,7.0,0.3173377883402561,0.2862039071780632,0.22299319792258285,0.0,0.26666666666666666,0.2888888888888889,shock,full,open,negative,17
43,48,0.0,1.0,0.0,0.0,6.0,7.0,0.3146571122876829,0.2878486719615248,0.18592007973819893,0.0,0.26666666666666666,0.2888888888888889,shock,full,open,negative,18
43,49,1.0,0.0,1.0,0.0,4.0,5.0,0.312565835642506,0.2878161576631835,0.15808791230752486,0.0,0.31428571428571433,0.2857142857142857,shock,full,open,negative,19
43,50,0.0,1.0,0.0,0.0,1.0,2.0,0.32356094260045043,0.2863840976012813,0.1413833949899601,0.0,0.22499999999999998,0.275,shock,full,open,negative,20
43,51,1.0,0.0,1.0,0.0,3.0,4.0,0.3124002954113755,0.28286797914634043,0.1278428584603541,0.0,0.31666666666666665,0.2833333333333333,shock,full,open,negative,21
43,52,0.0,1.0,0.0,0.0,4.0,5.0,0.3220575861607512,0.2835339165937188,0.11213519716978457,0.0,0.2571428571428571,0.2857142857142857,shock,full,open,negative,22
43,53,0.0,1.0,0.0,0.0,4.0,5.0,0.3037281753162221,0.2846714219230629,0.0973474278387453,0.0,0.2571428571428571,0.2857142857142857,shock,full,open,negative,23
43,54,0.0,1.0,0.0,1.0,6.0,7.0,0.2946695166367455,0.28611079844121273,0.0828646546419083,0.0,0.26666666666666666,0.2888888888888889,shock,full,open,negative,24
43,55,0.0,1.0,0.0,0.0,4.0,5.0,0.2868042252394596,0.28707892227977855,0.0704598463752263,0.0,0.2571428571428571,0.2857142857142857,shock,full,open,negative,25
43,56,1.0,0.0,1.0,0.0,3.0,4.0,0.2847939736086708,0.2860545796816149,0.061775347555388334,0.0,0.31666666666666665,0.2833333333333333,shock,full,open,negative,26
43,57,0.0,1.0,0.0,0.0,3.0,4.0,0.2996888538258739,0.2847795152139105,0.05472322095716627,0.0,0.25,0.2833333333333333,shock,full,open,negative,27
43,58,0.0,1.0,0.0,1.0,6.0,7.0,0.2873668584225909,0.28546049687591435,0.04706514966493339,0.0,0.26666666666666666,0.2888888888888889,shock,full,open,negative,28
43,59,0.0,1.0,0.0,0.0,4.0,5.0,0.27890763938024105,0.28680305334097594,0.04001951410222969,0.0,0.2571428571428571,0.2857142857142857,shock,full,open,negative,29
43,60,1.0,0.0,1.0,0.0,6.0,7.0,0.28026509243980596,0.28704191544735486,0.03406564804682341,0.0,0.3111111111111111,0.2888888888888889,shock,full,open,negative,30
43,61,1.0,0.0,1.0,0.0,3.0,4.0,0.30450230315866483,0.287214446439001,0.029253645759469815,0.0,0.31666666666666665,0.2833333333333333,shock,full,open,negative,31
43,62,1.0,0.0,1.0,0.0,6.0,7.0,0.3119862723629237,0.2865883399560628,0.0251598351089765,0.0,0.3111111111111111,0.2888888888888889,shock,full,open,negative,32
43,63,0.0,1.0,0.0,0.0,3.0,4.0,0.31159225311084104,0.2870128303244468,0.021605838897678153,0.0,0.25,0.2833333333333333,shock,full,open,negative,33
43,64,0.0,1.0,0.0,1.0,6.0,7.0,0.2886611948168242,0.28649495278467024,0.01858227683914311,0.0,0.26666666666666666,0.2888888888888889,shock,full,open,negative,34
43,65,0.0,1.0,0.0,0.0,4.0,5.0,0.2754949209976063,0.28724188705907644,0.015800516843351143,0.0,0.2571428571428571,0.2857142857142857,shock,full,open,negative,35
43,66,1.0,0.0,1.0,1.0,6.0,7.0,0.27566049348122684,0.28723360221569505,0.013449809619590488,0.0,0.3111111111111111,0.2888888888888889,shock,full,open,negative,36
43,67,1.0,0.0,1.0,1.0,6.0,7.0,0.29930748798270074,0.288247596916525,0.011213748671410133,0.0,0.3111111111111111,0.2888888888888889,shock,full,open,negative,37
43,68,1.0,0.0,1.0,0.0,6.0,7.0,0.30834603992207915,0.28864043923936383,0.00934943785987811,0.0,0.3111111111111111,0.2888888888888889,shock,full,open,negative,38
43,69,1.0,0.0,1.0,0.0,3.0,4.0,0.3141362624345297,0.28792499663881327,0.008028766774878815,0.0,0.31666666666666665,0.2833333333333333,shock,full,open,negative,39
43,70,0.0,1.0,0.0,1.0,6.0,7.0,0.3091510039662128,0.28691746182927963,0.006905205930409145,0.0,0.26666666666666666,0.2888888888888889,shock,full,open,negative,40
43,71,1.0,0.0,1.0,1.0,6.0,7.0,0.28877161300986154,0.2881251176534273,0.0057571999915264445,0.0,0.3111111111111111,0.2888888888888889,shock,full,open,negative,41
43,72,0.0,1.0,0.0,0.0,6.0,7.0,0.29892709012936003,0.28859298826336244,0.004800052609070889,0.0,0.26666666666666666,0.2888888888888889,shock,full,open,negative,42
43,73,0.0,1.0,0.0,0.0,6.0,7.0,0.2799846251084079,0.28877425092385206,0.004002033120919822,0.0,0.26666666666666666,0.2888888888888889,shock,full,open,negative,43
43,74,1.0,0.0,1.0,0.0,6.0,7.0,0.2768864953156964,0.28884447579241634,0.0033366861585376333,0.0,0.3111111111111111,0.2888888888888889,shock,full,open,negative,44
43,75,1.0,0.0,1.0,0.0,4.0,5.0,0.29874583685406975,0.2882385945151654,0.0028371854700762,0.0,0.31428571428571433,0.2857142857142857,shock,full,open,negative,45
43,76,0.0,1.0,0.0,0.0,4.0,5.0,0.30155314477983397,0.2869216547883892,0.002463033149129757,0.0,0.2571428571428571,0.2857142857142857,shock,full,open,negative,46
43,77,0.0,1.0,0.0,0.0,4.0,5.0,0.27876837892037704,0.28629176659958533,0.0021382219659926145,0.0,0.2571428571428571,0.2857142857142857,shock,full,open,negative,47
43,78,0.0,1.0,0.0,0.0,4.0,5.0,0.26778571497160053,0.28599049303153373,0.0018562450844271856,0.0,0.2571428571428571,0.2857142857142857,shock,full,open,negative,48
43,79,0.0,1.0,0.0,0.0,4.0,5.0,0.26247903786807114,0.2858463948178827,0.0016114537537549286,0.0,0.2571428571428571,0.2857142857142857,shock,full,open,negative,49
43,80,1.0,0.0,1.0,0.0,6.0,7.0,0.2680399375189288,0.28662403784786106,0.0013717112176554222,0.0,0.3111111111111111,0.2888888888888889,shock,full,open,negative,50
43,81,0.0,1.0,0.0,0.0,3.0,4.0,0.288293909835025,0.28702869817969967,0.0011779477669242335,0.0,0.25,0.2833333333333333,shock,full,open,negative,51
43,82,0.0,1.0,0.0,0.0,3.0,4.0,0.27051168328876707,0.2852972017226511,0.0010434760543856,0.0,0.25,0.2833333333333333,shock,full,open,negative,52
43,83,0.0,1.0,0.0,0.0,4.0,5.0,0.2629806093930399,0.2847659846813129,0.0009152673407780714,0.0,0.2571428571428571,0.2857142857142857,shock,full,open,negative,53
43,84,1.0,0.0,1.0,1.0,6.0,7.0,0.26816847453953696,0.2861521043591187,0.0007790992919117112,0.0,0.3111111111111111,0.2888888888888889,shock,full,open,negative,54
43,85,0.0,1.0,0.0,1.0,6.0,7.0,0.2901433552222315,0.2878286024880777,0.0006495722911085555,0.0,0.26666666666666666,0.2888888888888889,shock,full,open,negative,55
43,86,1.0,0.0,1.0,0.0,4.0,5.0,0.2790642659128076,0.2878076438526106,0.0005523315584780714,0.0,0.31428571428571433,0.2857142857142857,shock,full,open,negative,56
43,87,0.0,1.0,0.0,0.0,4.0,5.0,0.2917985396174202,0.2867155324224363,0.00047949312873277146,0.0,0.2571428571428571,0.2857142857142857,shock,full,open,negative,57
43,88,0.0,1.0,0.0,0.0,6.0,7.0,0.2762662404238211,0.28700368547243493,0.0004081569836793667,0.0,0.26666666666666666,0.2888888888888889,shock,full,open,negative,58
43,89,1.0,0.0,1.0,0.0,3.0,4.0,0.2723557579979116,0.2871974530627035,0.00035050205997544994,0.0,0.31666666666666665,0.2833333333333333,shock,full,open,negative,59
43,90,1.0,0.0,1.0,1.0,6.0,7.0,0.2930220744279057,0.2865804687432465,0.0003014521371745111,0.0,0.3111111111111111,0.2888888888888889,shock,full,open,negative,60
43,91,1.0,0.0,1.0,1.0,6.0,7.0,0.304151414414274,0.2879945596272467,0.0002513350447585889,0.0,0.3111111111111111,0.2888888888888889,shock,full,open,negative,61
43,92,1.0,0.0,1.0,1.0,6.0,7.0,0.30845714139347424,0.2885424074090165,0.00020955003111235556,0.0,0.3111111111111111,0.2888888888888889,shock,full,open,negative,62
43,93,0.0,1.0,0.0,0.0,4.0,5.0,0.3059971728201775,0.2881104519904953,0.0001781804686679143,0.0,0.2571428571428571,0.2857142857142857,shock,full,open,negative,63
43,94,0.0,1.0,0.0,0.0,3.0,4.0,0.2794358096430695,0.28657155161272935,0.00015621890971666668,0.0,0.25,0.2833333333333333,shock,full,open,negative,64
43,95,0.0,1.0,0.0,0.0,3.0,4.0,0.2656638215775046,0.2850542552939539,0.00013838533091938332,0.0,0.25,0.2833333333333333,shock,full,open,negative,65
43,96,1.0,0.0,1.0,0.0,6.0,7.0,0.26848000522716,0.28558775455568924,0.00011901942534137778,0.0,0.3111111111111111,0.2888888888888889,shock,full,open,negative,66
43,97,0.0,1.0,0.0,0.0,4.0,5.0,0.28901952140688464,0.2868570382042261,0.00010120226122297252,0.0,0.2571428571428571,0.2857142857142857,shock,full,open,negative,67
43,98,1.0,0.0,1.0,1.0,6.0,7.0,0.27943747108706835,0.28706549655233593,8.614598876836098e-05,0.0,0.3111111111111111,0.2888888888888889,shock,full,open,negative,68
43,99,0.0,1.0,0.0,0.0,4.0,5.0,0.29366402222305527,0.2874839213891864,7.324996599202508e-05,0.0,0.2571428571428571,0.2857142857142857,shock,full,open,negative,69
43,100,0.0,1.0,0.0,0.0,4.0,5.0,0.27462189232938766,0.2865606969717202,6.359016578713086e-05,0.0,0.2571428571428571,0.2857142857142857,shock,full,open,negative,70
44,1,1.0,0.0,1.0,0.0,4.0,5.0,0.08815157285714284,0.07927009999999998,0.0,0.0,0.31428571428571433,0.2857142857142857,shock,full,open,negative,-29
44,2,0.0,1.0,0.0,0.0,3.0,4.0,0.195479868369235,0.18190699474978334,0.0,0.0,0.25,0.2833333333333333,shock,full,open,negative,-28
44,3,0.0,1.0,0.0,0.0,4.0,5.0,0.22479215975699113,0.23232790188756516,0.0,0.0,0.2571428571428571,0.2857142857142857,shock,full,open,negative,-27
44,4,1.0,0.0,1.0,1.0,6.0,7.0,0.25136716940857906,0.2632466478864619,0.0,0.0,0.3111111111111111,0.2888888888888889,shock,full,open,negative,-26
44,5,1.0,0.0,1.0,0.0,4.0,5.0,0.2874578183463411,0.2773795623416437,0.0,0.0,0.31428571428571433,0.2857142857142857,shock,full,open,negative,-25
44,6,0.0,1.0,0.0,0.0,4.0,5.0,0.29573972911010377,0.28172781336279346,0.0,0.0,0.2571428571428571,0.2857142857142857,shock,full,open,negative,-24
44,7,0.0,1.0,0.0,0.0,4.0,5.0,0.27560362135448824,0.28380756834663123,0.0,0.0,0.2571428571428571,0.2857142857142857,shock,full,open,negative,-23
44,8,1.0,0.0,1.0,0.0,4.0,5.0,0.27168686915119705,0.2848023087081604,0.0,0.0,0.31428571428571433,0.2857142857142857,shock,full,open,negative,-22
44,9,1.0,0.0,1.0,0.0,3.0,4.0,0.2941289525727239,0.2849136088474323,0.0,0.0,0.31666666666666665,0.2833333333333333,shock,full,open,negative,-21
44,10,0.0,1.0,0.0,0.0,4.0,5.0,0.29827481469405775,0.28457143168119087,0.0,0.0,0.2571428571428571,0.2857142857142857,shock,full,open,negative,-20
44,11,1.0,0.0,1.0,0.0,4.0,5.0,0.28253043064481376,0.28516766217310396,0.0,0.0,0.31428571428571433,0.2857142857142857,shock,full,open,negative,-19
44,12,0.0,1.0,0.0,0.0,3.0,4.0,0.29289675557500877,0.2850967131093347,0.0,0.0,0.25,0.2833333333333333,shock,full,open,negative,-18
44,13,1.0,0.0,1.0,1.0,6.0,7.0,0.281076475481464,0.2856074207182412,0.0,0.0,0.3111111111111111,0.2888888888888889,shock,full,open,negative,-17
44,14,0.0,1.0,0.0,0.0,3.0,4.0,0.29390659293352606,0.2865768078117272,0.0,0.0,0.25,0.2833333333333333,shock,full,open,negative,-16
44,15,0.0,1.0,0.0,1.0,6.0,7.0,0.27709978062482843,0.28629299021230176,0.0,0.0,0.26666666666666666,0.2888888888888889,shock,full,open,negative,-15
44,16,1.0,0.0,1.0,0.0,3.0,4.0,0.2726676361571694,0.28688154618561,0.0,0.0,0.31666666666666665,0.2833333333333333,shock,full,open,negative,-14
44,17,0.0,1.0,0.0,0.0,4.0,5.0,0.2873899318796051,0.28556954227690096,0.0,0.0,0.2571428571428571,0.2857142857142857,shock,full,open,negative,-13
44,18,1.0,0.0,1.0,0.0,3.0,4.0,0.27674914895349706,0.28529812343341737,0.0,0.0,0.31666666666666665,0.2833333333333333,shock,full,open,negative,-12
44,19,0.0,1.0,0.0,0.0,3.0,4.0,0.2887861944689954,0.28437750334891204,0.0,0.0,0.25,0.2833333333333333,shock,full,open,negative,-11
44,20,0.0,1.0,0.0,0.0,6.0,7.0,0.27472804793837097,0.2852742877972332,0.0,0.0,0.26666666666666666,0.2888888888888889,shock,full,open,negative,-10
44,21,0.0,1.0,0.0,1.0,6.0,7.0,0.2697898109409659,0.28748851836641975,0.0,0.0,0.26666666666666666,0.2888888888888889,shock,full,open,negative,-9
44,22,1.0,0.0,1.0,0.0,4.0,5.0,0.27032797839738554,0.287663374407861,0.0,0.0,0.31428571428571433,0.2857142857142857,shock,full,open,negative,-8
44,23,1.0,0.0,1.0,0.0,6.0,7.0,0.29326477658040856,0.28741771192388804,0.0,0.0,0.3111111111111111,0.2888888888888889,shock,full,open,negative,-7
44,24,0.0,1.0,0.0,1.0,6.0,7.0,0.2997526310159244,0.28831892478970284,0.0,0.0,0.26666666666666666,0.2888888888888889,shock,full,open,negative,-6
44,25,0.0,1.0,0.0,0.0,4.0,5.0,0.27732442846891764,0.28801564687803555,0.0,0.0,0.2571428571428571,0.2857142857142857,shock,full,open,negative,-5
44,26,0.0,1.0,0.0,0.0,6.0,7.0,0.26986932274734743,0.2875715879106177,0.0,0.0,0.26666666666666666,0.2888888888888889,shock,full,open,negative,-4
44,27,0.0,1.0,0.0,0.0,6.0,7.0,0.2679074412515428,0.28837853949972686,0.0,0.0,0.26666666666666666,0.2888888888888889,shock,full,open,negative,-3
44,28,0.0,1.0,0.0,1.0,6.0,7.0,0.26714736816307816,0.28869116907897896,0.0,0.0,0.26666666666666666,0.2888888888888889,shock,full,open,negative,-2
44,29,0.0,1.0,0.0,0.0,6.0,7.0,0.2668529002754695,0.28881228818344873,0.0,0.0,0.26666666666666666,0.2888888888888889,shock,full,open,negative,-1
44,30,1.0,0.0,1.0,0.0,3.0,4.0,0.26811285698147824,0.28800138417972293,0.0,0.0,0.31666666666666665,0.2833333333333333,shock,full,open,negative,0
44,31,1.0,0.0,1.0,0.0,4.0,5.0,0.2985291461914909,0.28613750861694587,1.3187446675327996,0.0,0.31428571428571433,0.2857142857142857,shock,full,open,negative,1
44,32,0.0,1.0,0.0,0.0,2.0,3.0,0.32657729792296497,0.2853836907922818,1.1677233331668788,0.0,0.24,0.27999999999999997,shock,full,open,negative,2
44,33,0.0,1.0,0.0,0.0,1.0,2.0,0.33022719317270977,0.2831435845784103,1.066082554990323,0.0,0.22499999999999998,0.275,shock,full,open,negative,3
44,34,0.0,1.0,0.0,0.0,1.0,2.0,0.33135590863449793,0.28034300584189503,0.983320604654523,0.0,0.22499999999999998,0.275,shock,full,open,negative,4
44,35,0.0,1.0,0.0,0.0,1.0,2.0,0.33180266028269356,0.27850554613286727,0.9069836168052796,0.0,0.22499999999999998,0.275,shock,full,open,negative,5
44,36,0.0,1.0,0.0,0.0,1.0,2.0,0.3315882534416964,0.27729998881777423,0.8365728097828309,0.0,0.22499999999999998,0.275,shock,full,open,negative,6
44,37,0.0,1.0,0.0,0.0,1.0,2.0,0.33074453228733086,0.27650902266334165,0.7716281232654196,0.0,0.22499999999999998,0.275,shock,full,open,negative,7
44,38,0.0,1.0,0.0,0.0,1.0,2.0,0.3293133139663318,0.2759900697694185,0.7117252122605782,0.0,0.22499999999999998,0.275,shock,full,open,negative,8
44,39,0.0,1.0,0.0,0.0,1.0,2.0,0.3273449562929819,0.27564958477571544,0.6564726744583989,0.0,0.22499999999999998,0.275,shock,full,open,negative,9
44,40,0.0,1.0,0.0,0.0,2.0,3.0,0.32710771044035714,0.2758272291244951,0.5995155554853563,0.0,0.24,0.27999999999999997,shock,full,open,negative,10
44,41,0.0,1.0,0.0,0.0,2.0,3.0,0.3272037219945896,0.2775360205257231,0.5419145786083177,0.0,0.24,0.27999999999999997,shock,full,open,negative,11
44,42,0.0,1.0,0.0,0.0,2.0,3.0,0.3260535207523731,0.27854504476023434,0.48984785769316674,0.0,0.24,0.27999999999999997,shock,full,open,negative,12
44,43,0.0,1.0,0.0,0.0,2.0,3.0,0.3238713095211942,0.2791408634804708,0.4427836658367802,0.0,0.24,0.27999999999999997,shock,full,open,negative,13
44,44,0.0,1.0,0.0,0.0,3.0,4.0,0.32278155686978116,0.2799657285941315,0.39629284725528063,0.0,0.25,0.2833333333333333,shock,full,open,negative,14
44,45,1.0,0.0,1.0,0.0,3.0,4.0,0.3264042529706637,0.2815436501031272,0.35105299933199124,0.0,0.31666666666666665,0.2833333333333333,shock,full,open,negative,15
44,46,0.0,1.0,0.0,0.0,1.0,2.0,0.3404168979825381,0.2819343228220056,0.31721621460661564,0.0,0.22499999999999998,0.275,shock,full,open,negative,16
44,47,0.0,1.0,0.0,0.0,1.0,2.0,0.3263203333510625,0.2795496092035179,0.2925901361888692,0.0,0.22499999999999998,0.275,shock,full,open,negative,17
44,48,0.0,1.0,0.0,0.0,5.0,6.0,0.3207744292194034,0.2801302280894284,0.25940034709616766,0.0,0.2625,0.2875,shock,full,open,negative,18
44,49,0.0,1.0,0.0,0.0,3.0,4.0,0.31483192954743106,0.28339918642601863,0.22508489594041522,0.0,0.25,0.2833333333333333,shock,full,open,negative,19
44,50,0.0,1.0,0.0,1.0,6.0,7.0,0.31174735466631065,0.28482113825431904,0.1935860888569335,0.0,0.26666666666666666,0.2888888888888889,shock,full,open,negative,20
44,51,1.0,0.0,1.0,0.0,4.0,5.0,0.3116469225660165,0.2865318265842437,0.1646063226858859,0.0,0.31428571428571433,0.2857142857142857,shock,full,open,negative,21
44,52,0.0,1.0,0.0,0.0,1.0,2.0,0.32339810183523804,0.28567546461385956,0.14721303101828415,0.0,0.22499999999999998,0.275,shock,full,open,negative,22
44,53,0.0,1.0,0.0,0.0,4.0,5.0,0.30800602450582687,0.282922785559158,0.13180544310622624,0.0,0.2571428571428571,0.2857142857142857,shock,full,open,negative,23
44,54,1.0,0.0,1.0,0.0,4.0,5.0,0.30314469644763237,0.2843791198437386,0.11442367058141283,0.0,0.31428571428571433,0.2857142857142857,shock,full,open,negative,24
44,55,0.0,1.0,0.0,0.0,6.0,7.0,0.317577259687388,0.2859831180952098,0.09740039522456129,0.0,0.26666666666666666,0.2888888888888889,shock,full,open,negative,25
44,56,0.0,1.0,0.0,1.0,6.0,7.0,0.30158659181986963,0.2877631337470799,0.08120736154907013,0.0,0.26666666666666666,0.2888888888888889,shock,full,open,negative,26
44,57,0.0,1.0,0.0,0.0,3.0,4.0,0.28851477083267457,0.2875350308491547,0.06973627463515146,0.0,0.25,0.2833333333333333,shock,full,open,negative,27
44,58,0.0,1.0,0.0,0.0,3.0,4.0,0.2787132598371912,0.28556628766283904,0.061775347555388334,0.0,0.25,0.2833333333333333,shock,full,open,negative,28
44,59,0.0,1.0,0.0,1.0,6.0,7.0,0.2776831570989589,0.28582492436077794,0.05313038829665016,0.0,0.26666666666666666,0.2888888888888889,shock,full,open,negative,29
44,60,0.0,1.0,0.0,1.0,6.0,7.0,0.2784384530183663,0.2877018462531295,0.044297342343438,0.0,0.26666666666666666,0.2888888888888889,shock,full,open,negative,30
44,61,0.0,1.0,0.0,0.0,4.0,5.0,0.27447619975454296,0.2877538717107494,0.03766604651690573,0.0,0.2571428571428571,0.2857142857142857,shock,full,open,negative,31
44,62,1.0,0.0,1.0,0.0,4.0,5.0,0.2757557576236124,0.28668981337367777,0.03269885671778453,0.0,0.31428571428571433,0.2857142857142857,shock,full,open,negative,32
44,63,0.0,1.0,0.0,1.0,6.0,7.0,0.29544371508774186,0.2869924511457687,0.02783411466806127,0.0,0.26666666666666666,0.2888888888888889,shock,full,open,negative,33
44,64,1.0,0.0,1.0,1.0,6.0,7.0,0.2866440555275676,0.28815417005109123,0.023206630815370055,0.0,0.3111111111111111,0.2888888888888889,shock,full,open,negative,34
44,65,0.0,1.0,0.0,0.0,6.0,7.0,0.30070712431754487,0.28860424375747173,0.019348476508895377,0.0,0.26666666666666666,0.2888888888888889,shock,full,open,negative,35
44,66,1.0,0.0,1.0,0.0,3.0,4.0,0.2861695800658007,0.28790890760277943,0.016615373851061297,0.0,0.31666666666666665,0.2833333333333333,shock,full,open,negative,36
44,67,1.0,0.0,1.0,1.0,6.0,7.0,0.3015745639933125,0.2869100095005363,0.01429018693273051,0.0,0.3111111111111111,0.2888888888888889,shock,full,open,negative,37
44,68,0.0,1.0,0.0,0.0,3.0,4.0,0.3052048979593442,0.2871558137196528,0.012271601755296265,0.0,0.25,0.2833333333333333,shock,full,open,negative,38
44,69,0.0,1.0,0.0,0.0,4.0,5.0,0.282259858128092,0.28570864697626125,0.010763827553542715,0.0,0.2571428571428571,0.2857142857142857,shock,full,open,negative,39
44,70,1.0,0.0,1.0,0.0,3.0,4.0,0.27559097998938425,0.28536783856067766,0.009437136501906399,0.0,0.31666666666666665,0.2833333333333333,shock,full,open,negative,40
44,71,1.0,0.0,1.0,1.0,6.0,7.0,0.2956773302934652,0.28573300412733227,0.008116485727663776,0.0,0.3111111111111111,0.2888888888888889,shock,full,open,negative,41
44,72,1.0,0.0,1.0,0.0,4.0,5.0,0.30747817059372284,0.28691865553275314,0.0069014508049210855,0.0,0.31428571428571433,0.2857142857142857,shock,full,open,negative,42
44,73,0.0,1.0,0.0,0.0,4.0,5.0,0.30635625600203503,0.2862903320649123,0.005991325660198101,0.0,0.2571428571428571,0.2857142857142857,shock,full,open,negative,43
44,74,0.0,1.0,0.0,0.0,4.0,5.0,0.28162945533628336,0.28598980689804676,0.005201222783614228,0.0,0.2571428571428571,0.2857142857142857,shock,full,open,negative,44
44,75,1.0,0.0,1.0,1.0,6.0,7.0,0.2769390265616637,0.2866866816171379,0.004427415692931911,0.0,0.3111111111111111,0.2888888888888889,shock,full,open,negative,45
44,76,0.0,1.0,0.0,0.0,4.0,5.0,0.2932240984517733,0.2873232216773108,0.0037646331950737144,0.0,0.2571428571428571,0.2857142857142857,shock,full,open,negative,46
44,77,0.0,1.0,0.0,0.0,4.0,5.0,0.2749640253985435,0.2864838347976991,0.0032681741999516715,0.0,0.2571428571428571,0.2857142857142857,shock,full,open,negative,47
44,78,1.0,0.0,1.0,0.0,6.0,7.0,0.273737305809422,0.28690247773226807,0.002781954617611389,0.0,0.3111111111111111,0.2888888888888889,shock,full,open,negative,48
44,79,1.0,0.0,1.0,0.0,6.0,7.0,0.29703688005937706,0.2881193125072357,0.0023194484367811334,0.0,0.3111111111111111,0.2888888888888889,shock,full,open,negative,49
44,80,0.0,1.0,0.0,0.0,4.0,5.0,0.3014847144484632,0.2879309679667817,0.0019722278604441855,0.0,0.2571428571428571,0.2857142857142857,shock,full,open,negative,50
44,81,1.0,0.0,1.0,1.0,6.0,7.0,0.2851790977896905,0.2875345993516823,0.001678811491574,0.0,0.3111111111111111,0.2888888888888889,shock,full,open,negative,51
44,82,1.0,0.0,1.0,0.0,3.0,4.0,0.3026315655786704,0.28743344639909824,0.0014416680582130168,0.0,0.31666666666666665,0.2833333333333333,shock,full,open,negative,52
44,83,1.0,0.0,1.0,0.0,3.0,4.0,0.3093958086353126,0.2855123015211165,0.0012770906651030165,0.0,0.31666666666666665,0.2833333333333333,shock,full,open,negative,53
44,84,1.0,0.0,1.0,0.0,6.0,7.0,0.31032947099680963,0.28579991835825175,0.0010983721761518668,0.0,0.3111111111111111,0.2888888888888889,shock,full,open,negative,54
44,85,1.0,0.0,1.0,0.0,3.0,4.0,0.3137505180124203,0.28666237378031434,0.0009432197065219499,0.0,0.31666666666666665,0.2833333333333333,shock,full,open,negative,55
44,86,0.0,1.0,0.0,0.0,6.0,7.0,0.30785730520710053,0.2863326237693291,0.0008112237525111445,0.0,0.26666666666666666,0.2888888888888889,shock,full,open,negative,56
44,87,1.0,0.0,1.0,0.0,6.0,7.0,0.28721123147062794,0.2878985394062554,0.0006763559882429778,0.0,0.3111111111111111,0.2888888888888889,shock,full,open,negative,57
44,88,0.0,1.0,0.0,0.0,3.0,4.0,0.2967330602424105,0.2875952192046011,0.00058081614828405,0.0,0.25,0.2833333333333333,shock,full,open,negative,58
44,89,0.0,1.0,0.0,0.0,3.0,4.0,0.27491854183135134,0.2855982742226458,0.0005145115596402166,0.0,0.25,0.2833333333333333,shock,full,open,negative,59
44,90,1.0,0.0,1.0,0.0,3.0,4.0,0.26997209944012185,0.2845370157844905,0.00045577614497371665,0.0,0.31666666666666665,0.2833333333333333,shock,full,open,negative,60
44,91,1.0,0.0,1.0,0.0,6.0,7.0,0.2919306777088464,0.28534817283957487,0.00039199396712566665,0.0,0.3111111111111111,0.2888888888888889,shock,full,open,negative,61
44,92,1.0,0.0,1.0,0.0,3.0,4.0,0.305454921089562,0.2864615710958845,0.00033662217840041664,0.0,0.31666666666666665,0.2833333333333333,shock,full,open,negative,62
44,93,0.0,1.0,0.0,1.0,6.0,7.0,0.3039160505840622,0.28623961337306997,0.0002895146325424,0.0,0.26666666666666666,0.2888888888888889,shock,full,open,negative,63
44,94,0.0,1.0,0.0,1.0,6.0,7.0,0.28114875887122975,0.2878625052730545,0.00024138217698615558,0.0,0.26666666666666666,0.2888888888888889,shock,full,open,negative,64
44,95,1.0,0.0,1.0,0.0,4.0,5.0,0.2751829595759955,0.2878220259882429,0.00020524735403361428,0.0,0.31428571428571433,0.2857142857142857,shock,full,open,negative,65
44,96,0.0,1.0,0.0,0.0,6.0,7.0,0.290969687905343,0.2874870124527242,0.00017471186949422223,0.0,0.26666666666666666,0.2888888888888889,shock,full,open,negative,66
44,97,0.0,1.0,0.0,0.0,4.0,5.0,0.2736269297127308,0.2876627355737642,0.00014855756700715714,0.0,0.2571428571428571,0.2857142857142857,shock,full,open,negative,67
44,98,0.0,1.0,0.0,1.0,6.0,7.0,0.26827540997637567,0.28741743287504007,0.00012645605290035553,0.0,0.26666666666666666,0.2888888888888889,shock,full,open,negative,68
44,99,1.0,0.0,1.0,0.0,6.0,7.0,0.27175290777690253,0.28831881668046155,0.00010543245111346806,0.0,0.3111111111111111,0.2888888888888889,shock,full,open,negative,69
44,100,1.0,0.0,1.0,1.0,6.0,7.0,0.2958782329729234,0.2886680312351347,8.790407017179691e-05,0.0,0.3111111111111111,0.2888888888888889,shock,full,open,negative,70
42,1,0.0,1.0,1.0,0.0,6.0,7.0,0.10150215756666665,0.09802905188888887,0.0,0.0,0.26666666666666666,0.2888888888888889,treat,full,covered,positive,-29
42,2,0.0,1.0,1.0,0.0,4.0,5.0,0.19322321966671913,0.20729145966507892,0.0,0.0,0.2571428571428571,0.2857142857142857,treat,full,covered,positive,-28
42,3,0.0,1.0,1.0,0.0,4.0,5.0,0.22657029268889656,0.24820489112571087,0.0,0.0,0.2571428571428571,0.2857142857142857,treat,full,covered,positive,-27
42,4,0.0,1.0,1.0,1.0,6.0,7.0,0.2476994304480966,0.2701818687514503,0.0,0.0,0.26666666666666666,0.2888888888888889,treat,full,covered,positive,-26
42,5,1.0,0.0,0.0,0.0,4.0,5.0,0.26095686482561226,0.2803216005012904,0.0,0.0,0.31428571428571433,0.2857142857142857,treat,full,covered,positive,-25
42,6,0.0,1.0,1.0,0.0,6.0,7.0,0.28472694003269344,0.2842107548100958,0.0,0.0,0.26666666666666666,0.2888888888888889,treat,full,covered,positive,-24
42,7,1.0,0.0,0.0,0.0,3.0,4.0,0.2760579389279822,0.28595598424621943,0.0,0.0,0.31666666666666665,0.2833333333333333,treat,full,covered,positive,-23
42,8,1.0,0.0,0.0,1.0,6.0,7.0,0.2946920807703813,0.2860054290873157,0.0,0.0,0.3111111111111111,0.2888888888888889,treat,full,covered,positive,-22
42,9,0.0,1.0,1.0,0.0,3.0,4.0,0.29995878377795904,0.2867537241188765,0.0,0.0,0.25,0.2833333333333333,treat,full,covered,positive,-21
42,10,1.0,0.0,0.0,0.0,4.0,5.0,0.28349670612373284,0.28550471269279915,0.0,0.0,0.31428571428571433,0.2857142857142857,treat,full,covered,positive,-20
42,11,0.0,1.0,1.0,0.0,3.0,4.0,0.29338102403100713,0.2852656327790637,0.0,0.0,0.25,0.2833333333333333,treat,full,covered,positive,-19
42,12,1.0,0.0,0.0,0.0,3.0,4.0,0.2797211214587292,0.28436023648307174,0.0,0.0,0.31666666666666665,0.2833333333333333,treat,full,covered,positive,-18
42,13,1.0,0.0,0.0,0.0,6.0,7.0,0.2963888412480697,0.28526628990597735,0.0,0.0,0.3111111111111111,0.2888888888888889,treat,full,covered,positive,-17
42,14,0.0,1.0,1.0,0.0,4.0,5.0,0.30084248840310523,0.2867206674548524,0.0,0.0,0.2571428571428571,0.2857142857142857,treat,full,covered,positive,-16
42,15,1.0,0.0,0.0,0.0,4.0,5.0,0.28375854102006265,0.2861956349810154,0.0,0.0,0.31428571428571433,0.2857142857142857,treat,full,covered,positive,-15
42,16,0.0,1.0,1.0,0.0,6.0,7.0,0.2946869304394722,0.2867765892938514,0.0,0.0,0.26666666666666666,0.2888888888888889,treat,full,covered,positive,-14
42,17,1.0,0.0,0.0,0.0,4.0,5.0,0.28088975819587414,0.2873613620366283,0.0,0.0,0.31428571428571433,0.2857142857142857,treat,full,covered,positive,-13
42,18,1.0,0.0,0.0,1.0,6.0,7.0,0.2978782630879075,0.28728579002943816,0.0,0.0,0.3111111111111111,0.2888888888888889,treat,full,covered,positive,-12
42,19,0.0,1.0,1.0,0.0,4.0,5.0,0.30147432637538035,0.28757737361350244,0.0,0.0,0.2571428571428571,0.2857142857142857,treat,full,covered,positive,-11
42,20,1.0,0.0,0.0,0.0,6.0,7.0,0.2848626737468108,0.2873801459537602,0.0,0.0,0.3111111111111111,0.2888888888888889,treat,full,covered,positive,-10
42,21,0.0,1.0,1.0,0.0,6.0,7.0,0.2964974842275036,0.288304370963186,0.0,0.0,0.26666666666666666,0.2888888888888889,treat,full,covered,positive,-9
42,22,1.0,0.0,0.0,0.0,4.0,5.0,0.28165782577990334,0.2880094728983144,0.0,0.0,0.31428571428571433,0.2857142857142857,treat,full,covered,positive,-8
42,23,1.0,0.0,0.0,1.0,6.0,7.0,0.29821376236012975,0.28756889105718153,0.0,0.0,0.3111111111111111,0.2888888888888889,treat,full,covered,positive,-7
42,24,0.0,1.0,1.0,0.0,3.0,4.0,0.3015241852876393,0.2874486891989339,0.0,0.0,0.25,0.2833333333333333,treat,full,covered,positive,-6
42,25,1.0,0.0,0.0,1.0,6.0,7.0,0.2850726404657521,0.28669683956095615,0.0,0.0,0.3111111111111111,0.2888888888888889,treat,full,covered,positive,-5
42,26,1.0,0.0,0.0,1.0,6.0,7.0,0.30102327408087404,0.28803964406634913,0.0,0.0,0.3111111111111111,0.2888888888888889,treat,full,covered,positive,-4
42,27,1.0,0.0,0.0,0.0,4.0,5.0,0.3085227790230549,0.287897171264734,0.0,0.0,0.31428571428571433,0.2857142857142857,treat,full,covered,positive,-3
42,28,0.0,1.0,1.0,0.0,3.0,4.0,0.30592334549839545,0.286464661672943,0.0,0.0,0.25,0.2833333333333333,treat,full,covered,positive,-2
42,29,1.0,0.0,0.0,0.0,6.0,7.0,0.28711030064729615,0.28624104490670554,0.0,0.0,0.3111111111111111,0.2888888888888889,treat,full,covered,positive,-1
42,30,0.0,1.0,1.0,0.0,3.0,4.0,0.2965886522801849,0.28685845629013573,0.0,0.0,0.25,0.2833333333333333,treat,full,covered,positive,0
42,31,1.0,0.0,0.0,0.0,1.0,2.0,0.2815464744664522,0.27963951311925317,0.0,1.947684375,0.32499999999999996,0.275,treat,full,covered,positive,1
42,32,0.0,1.0,1.0,0.0,2.0,3.0,0.2875117255211872,0.2791352506115852,0.0,1.5477574583132807,0.24,0.27999999999999997,treat,full,covered,positive,2
42,33,0.0,1.0,1.0,0.0,3.0,4.0,0.2697811081046812,0.27957528159204553,0.0,1.1687072569539911,0.25,0.2833333333333333,treat,full,covered,positive,3
42,34,0.0,1.0,1.0,0.0,2.0,3.0,0.2583345249070682,0.28036039614893404,0.0,0.8803645851101727,0.24,0.27999999999999997,treat,full,covered,positive,4
42,35,0.0,1.0,1.0,0.0,2.0,3.0,0.2508263536123747,0.28030841728691,0.0,0.6812093340083478,0.24,0.27999999999999997,treat,full,covered,positive,5
42,36,0.0,1.0,1.0,0.0,2.0,3.0,0.24639285354457113,0.28025999090737785,0.0,0.5271067971027299,0.24,0.27999999999999997,treat,full,covered,positive,6
42,37,1.0,0.0,0.0,0.0,3.0,4.0,0.25329664092044124,0.280541843619913,0.0,0.398016844082973,0.31666666666666665,0.2833333333333333,treat,full,covered,positive,7
42,38,1.0,0.0,0.0,0.0,2.0,3.0,0.2829157071815379,0.2812985352320568,0.0,0.2998183948315819,0.31999999999999995,0.27999999999999997,treat,full,covered,positive,8
42,39,1.0,0.0,0.0,0.0,2.0,3.0,0.29810209593362635,0.28088761038418303,0.0,0.23199375863252647,0.31999999999999995,0.27999999999999997,treat,full,covered,positive,9
42,40,0.0,1.0,1.0,0.0,3.0,4.0,0.29935310280586847,0.2809638694032142,0.0,0.17517782765352796,0.25,0.2833333333333333,treat,full,covered,positive,10
42,41,1.0,0.0,0.0,0.0,2.0,3.0,0.2828167996718098,0.2816424548619095,0.0,0.13195807131774373,0.31999999999999995,0.27999999999999997,treat,full,covered,positive,11
42,42,0.0,1.0,1.0,0.0,2.0,3.0,0.2900436920382071,0.28104323236414475,0.0,0.10210664013493558,0.24,0.27999999999999997,treat,full,covered,positive,12
42,43,0.0,1.0,1.0,0.0,3.0,4.0,0.2712066796956256,0.2810496255090755,0.0,0.07710043370680032,0.25,0.2833333333333333,treat,full,covered,positive,13
42,44,0.0,1.0,1.0,0.0,2.0,3.0,0.2591290828290542,0.2817257187756382,0.0,0.05807826633079059,0.24,0.27999999999999997,treat,full,covered,positive,14
42,45,0.0,1.0,1.0,0.0,2.0,3.0,0.25129553211972827,0.28105483826113054,0.0,0.04493985536981382,0.24,0.27999999999999997,treat,full,covered,positive,15
42,46,1.0,0.0,0.0,0.0,2.0,3.0,0.25466989876137835,0.28064215572454093,0.0,0.034773603419168894,0.31999999999999995,0.27999999999999997,treat,full,covered,positive,16
42,47,0.0,1.0,1.0,0.0,2.0,3.0,0.2734232285196064,0.2803900600162839,0.0,0.0269071514539377,0.24,0.27999999999999997,treat,full,covered,positive,17
42,48,0.0,1.0,1.0,0.0,3.0,4.0,0.26184887007959184,0.28066759433578325,0.0,0.020317513573765652,0.25,0.2833333333333333,treat,full,covered,positive,18
42,49,0.0,1.0,1.0,0.0,2.0,3.0,0.25391340526498996,0.28152939703929947,0.0,0.015304790229896439,0.24,0.27999999999999997,treat,full,covered,positive,19
42,50,1.0,0.0,0.0,0.0,3.0,4.0,0.2575309326493363,0.281314988253442,0.0,0.011556603595586116,0.31666666666666665,0.2833333333333333,treat,full,covered,positive,20
42,51,0.0,1.0,1.0,0.0,3.0,4.0,0.27857284637809593,0.2822551957779455,0.0,0.008495165586283033,0.25,0.2833333333333333,treat,full,covered,positive,21
42,52,0.0,1.0,1.0,0.0,2.0,3.0,0.26323469641549535,0.28242391832163555,0.0,0.00639924402138346,0.24,0.27999999999999997,treat,full,covered,positive,22
42,53,0.0,1.0,1.0,0.0,3.0,4.0,0.2561124269538983,0.28181780138653584,0.0,0.004832050969381584,0.25,0.2833333333333333,treat,full,covered,positive,23
42,54,0.0,1.0,1.0,0.0,2.0,3.0,0.2507161359321168,0.28217934695622526,0.0,0.00363989058986244,0.24,0.27999999999999997,treat,full,covered,positive,24
42,55,0.0,1.0,1.0,0.0,2.0,3.0,0.24632777110655563,0.28128973539280344,0.0,0.0028164779530212,0.24,0.27999999999999997,treat,full,covered,positive,25
42,56,1.0,0.0,0.0,0.0,2.0,3.0,0.25173648556071004,0.28076303470730185,0.0,0.00217933695093684,0.31999999999999995,0.27999999999999997,treat,full,covered,positive,26
42,57,0.0,1.0,1.0,0.0,3.0,4.0,0.27324790097949503,0.28087919259830135,0.0,0.0016456111364396332,0.25,0.2833333333333333,treat,full,covered,positive,27
42,58,1.0,0.0,0.0,0.0,2.0,3.0,0.26826677984260816,0.2816560446406355,0.0,0.0012396070587943199,0.31999999999999995,0.27999999999999997,treat,full,covered,positive,28
42,59,0.0,1.0,1.0,0.0,2.0,3.0,0.28145205082926167,0.2809786569980395,0.0,0.0009591843120854799,0.24,0.27999999999999997,treat,full,covered,positive,29
42,60,0.0,1.0,1.0,0.0,2.0,3.0,0.26447702149417074,0.2805782954474359,0.0,0.0007421985362408,0.24,0.27999999999999997,treat,full,covered,positive,30
42,61,0.0,1.0,1.0,0.0,3.0,4.0,0.256811892498554,0.2807750490438194,0.0,0.0005604320048636833,0.25,0.2833333333333333,treat,full,covered,positive,31
42,62,0.0,1.0,1.0,0.0,3.0,4.0,0.253620118961324,0.2819733920203931,0.0,0.000411969022022,0.25,0.2833333333333333,treat,full,covered,positive,32
42,63,0.0,1.0,1.0,0.0,3.0,4.0,0.25192387964092505,0.28261049388559306,0.0,0.00030283508727706665,0.25,0.2833333333333333,treat,full,covered,positive,33
42,64,1.0,0.0,0.0,0.0,3.0,4.0,0.2576890951869195,0.2829491666033748,0.0,0.0002226116168540667,0.31666666666666665,0.2833333333333333,treat,full,covered,positive,34
42,65,1.0,0.0,0.0,0.0,3.0,4.0,0.2853235671018984,0.2831291804800339,0.0,0.00016363999430831668,0.31666666666666665,0.2833333333333333,treat,full,covered,positive,35
42,66,0.0,1.0,1.0,0.0,3.0,4.0,0.2933429918242001,0.2832248541856029,0.0,0.00012029043279795,0.25,0.2833333333333333,treat,full,covered,positive,36
42,67,0.0,1.0,1.0,0.0,2.0,3.0,0.2714669985654789,0.2829641201633114,0.0,9.061245776718084e-05,0.24,0.27999999999999997,treat,full,covered,positive,37
42,68,0.0,1.0,1.0,0.0,2.0,3.0,0.25858094798292963,0.28175037589532337,0.0,7.011419252027102e-05,0.24,0.27999999999999997,treat,full,covered,positive,38
42,69,1.0,0.0,0.0,0.0,2.0,3.0,0.25897186397444016,0.2810336255680842,0.0,5.425302562039079e-05,0.31999999999999995,0.27999999999999997,treat,full,covered,positive,39
42,70,0.0,1.0,1.0,0.0,2.0,3.0,0.2759634959582672,0.2806103695710417,0.0,4.197995702675748e-05,0.24,0.27999999999999997,treat,full,covered,positive,40
42,71,0.0,1.0,1.0,0.0,3.0,4.0,0.26327911533347387,0.2807931043684852,0.0,3.1698946214257236e-05,0.25,0.2833333333333333,treat,full,covered,positive,41
42,72,0.0,1.0,1.0,0.0,3.0,4.0,0.25705706633193665,0.28198333109217055,0.0,2.3301638303458526e-05,0.25,0.2833333333333333,treat,full,covered,positive,42
42,73,0.0,1.0,1.0,0.0,2.0,3.0,0.2512426410238344,0.2822721015139954,0.0,1.7552673704514482e-05,0.24,0.27999999999999997,treat,full,covered,positive,43
42,74,1.0,0.0,0.0,0.0,3.0,4.0,0.2560272138589384,0.2817287168341925,0.0,1.3253974017199898e-05,0.31666666666666665,0.2833333333333333,treat,full,covered,positive,44
42,75,0.0,1.0,1.0,0.0,3.0,4.0,0.2777737085604082,0.28248056973870367,0.0,9.742888818598097e-06,0.25,0.2833333333333333,treat,full,covered,positive,45
42,76,1.0,0.0,0.0,0.0,2.0,3.0,0.27078928821022824,0.282549245118631,0.0,7.339129813324431e-06,0.31999999999999995,0.27999999999999997,treat,full,covered,positive,46
42,77,0.0,1.0,1.0,0.0,2.0,3.0,0.2829415667952577,0.281505310335572,0.0,5.6788787473883765e-06,0.24,0.27999999999999997,treat,full,covered,positive,47
42,78,1.0,0.0,0.0,0.0,2.0,3.0,0.2733565657769318,0.2808888740170272,0.0,4.394208121103003e-06,0.31999999999999995,0.27999999999999997,treat,full,covered,positive,48
42,79,0.0,1.0,1.0,0.0,2.0,3.0,0.2844575185256205,0.2805248729721988,0.0,3.4001544795171943e-06,0.24,0.27999999999999997,treat,full,covered,positive,49
42,80,0.0,1.0,1.0,0.0,3.0,4.0,0.26806149977002286,0.2807449665921988,0.0,2.567446981846192e-06,0.25,0.2833333333333333,treat,full,covered,positive,50
42,81,0.0,1.0,1.0,0.0,2.0,3.0,0.2573760823892072,0.28158188554977054,0.0,1.9340081817035976e-06,0.24,0.27999999999999997,treat,full,covered,positive,51
42,82,0.0,1.0,1.0,0.0,2.0,3.0,0.25026040289000295,0.28093408877235765,0.0,1.4964986639712797e-06,0.24,0.27999999999999997,treat,full,covered,positive,52
42,83,1.0,0.0,0.0,0.0,2.0,3.0,0.2540586653025179,0.2805515706967988,0.0,1.1579621391751939e-06,0.31999999999999995,0.27999999999999997,treat,full,covered,positive,53
42,84,1.0,0.0,0.0,0.0,2.0,3.0,0.28106230127448384,0.2803256973257472,0.0,8.960090296404868e-07,0.31999999999999995,0.27999999999999997,treat,full,covered,positive,54
42,85,0.0,1.0,1.0,0.0,2.0,3.0,0.28900767827956997,0.2801923212201072,0.0,6.93314706963681e-07,0.24,0.27999999999999997,treat,full,covered,positive,55
42,86,0.0,1.0,1.0,0.0,3.0,4.0,0.270623373489871,0.28055773013741686,0.0,5.235199643388668e-07,0.25,0.2833333333333333,treat,full,covered,positive,56
42,87,0.0,1.0,1.0,0.0,2.0,3.0,0.2588039707338989,0.28147752813204974,0.0,3.9435746929756836e-07,0.24,0.27999999999999997,treat,full,covered,positive,57
42,88,1.0,0.0,0.0,0.0,3.0,4.0,0.2602844647949099,0.281281339603148,0.0,2.9777820402451637e-07,0.31666666666666665,0.2833333333333333,treat,full,covered,positive,58
42,89,0.0,1.0,1.0,0.0,2.0,3.0,0.2788104472648638,0.281880839964605,0.0,2.24310564926368e-07,0.24,0.27999999999999997,treat,full,covered,positive,59
42,90,0.0,1.0,1.0,0.0,3.0,4.0,0.26488203262175736,0.28150841600258775,0.0,1.693762699270633e-07,0.25,0.2833333333333333,treat,full,covered,positive,60
42,91,1.0,0.0,0.0,0.0,3.0,4.0,0.26457558896520605,0.28236349737155236,0.0,1.2450712248769524e-07,0.31666666666666665,0.2833333333333333,treat,full,covered,positive,61
42,92,0.0,1.0,1.0,0.0,2.0,3.0,0.2812021522661367,0.2824839925250727,0.0,9.378880860021595e-08,0.24,0.27999999999999997,treat,full,covered,positive,62
42,93,0.0,1.0,1.0,0.0,2.0,3.0,0.2643294588916311,0.28146677282845206,0.0,7.257199224568314e-08,0.24,0.27999999999999997,treat,full,covered,positive,63
42,94,0.0,1.0,1.0,0.0,2.0,3.0,0.2543663021809192,0.2808661147290223,0.0,5.615482419610741e-08,0.24,0.27999999999999997,treat,full,covered,positive,64
42,95,0.0,1.0,1.0,0.0,2.0,3.0,0.248483157774811,0.28051143210837043,0.0,4.345153251161166e-08,0.24,0.27999999999999997,treat,full,covered,positive,65
42,96,0.0,1.0,1.0,0.0,3.0,4.0,0.2478068769920336,0.28073739902681627,0.0,3.281012867961516e-08,0.25,0.2833333333333333,treat,full,covered,positive,66
42,97,0.0,1.0,1.0,0.0,2.0,3.0,0.24608694679803897,0.2815776687999071,0.0,2.47152357021583e-08,0.24,0.27999999999999997,treat,full,covered,positive,67
42,98,0.0,1.0,1.0,0.0,3.0,4.0,0.24645773976157145,0.281337721640691,0.0,1.8662404220567616e-08,0.25,0.2833333333333333,treat,full,covered,positive,68
42,99,0.0,1.0,1.0,0.0,3.0,4.0,0.2481174976766293,0.2822727834509913,0.0,1.3718582002105025e-08,0.25,0.2833333333333333,treat,full,covered,positive,69
42,100,0.0,1.0,1.0,0.0,2.0,3.0,0.24626007463479302,0.2824334321209302,0.0,1.03339426368074e-08,0.24,0.27999999999999997,treat,full,covered,positive,70
43,1,0.0,1.0,1.0,1.0,6.0,7.0,0.10150215756666665,0.09802905188888887,0.0,0.0,0.26666666666666666,0.2888888888888889,treat,full,covered,positive,-29
43,2,1.0,0.0,0.0,0.0,6.0,7.0,0.20712299623014416,0.2149458775078886,0.0,0.0,0.3111111111111111,0.2888888888888889,treat,full,covered,positive,-28
43,3,0.0,1.0,1.0,0.0,3.0,4.0,0.26103397650984683,0.255167470085163,0.0,0.0,0.25,0.2833333333333333,treat,full,covered,positive,-27
43,4,1.0,0.0,0.0,0.0,4.0,5.0,0.26375458231899396,0.26948460157532284,0.0,0.0,0.31428571428571433,0.2857142857142857,treat,full,covered,positive,-26
43,5,1.0,0.0,0.0,0.0,4.0,5.0,0.29011683051254117,0.27795167810264065,0.0,0.0,0.31428571428571433,0.2857142857142857,treat,full,covered,positive,-25
43,6,1.0,0.0,0.0,0.0,3.0,4.0,0.3033654996312832,0.28148027707163115,0.0,0.0,0.31666666666666665,0.2833333333333333,treat,full,covered,positive,-24
43,7,1.0,0.0,0.0,0.0,6.0,7.0,0.3073407515244408,0.2839323128885441,0.0,0.0,0.3111111111111111,0.2888888888888889,treat,full,covered,positive,-23
43,8,0.0,1.0,1.0,0.0,6.0,7.0,0.30520595211189305,0.2869686097910696,0.0,0.0,0.26666666666666666,0.2888888888888889,treat,full,covered,positive,-22
43,9,0.0,1.0,1.0,0.0,6.0,7.0,0.281597575479567,0.2881449334217953,0.0,0.0,0.26666666666666666,0.2888888888888889,treat,full,covered,positive,-21
43,10,0.0,1.0,1.0,0.0,3.0,4.0,0.26800025723881477,0.287704742327028,0.0,0.0,0.25,0.2833333333333333,treat,full,covered,positive,-20
43,11,0.0,1.0,1.0,0.0,6.0,7.0,0.2651001474753567,0.286815441575541,0.0,0.0,0.26666666666666666,0.2888888888888889,treat,full,covered,positive,-19
43,12,0.0,1.0,1.0,0.0,4.0,5.0,0.262624258007504,0.2873778438326006,0.0,0.0,0.2571428571428571,0.2857142857142857,treat,full,covered,positive,-18
43,13,0.0,1.0,1.0,0.0,6.0,7.0,0.26344814758789453,0.28729298943567344,0.0,0.0,0.26666666666666666,0.2888888888888889,treat,full,covered,positive,-17
43,14,1.0,0.0,0.0,0.0,4.0,5.0,0.26763773738796665,0.2875804277235709,0.0,0.0,0.31428571428571433,0.2857142857142857,treat,full,covered,positive,-16
43,15,1.0,0.0,0.0,0.0,3.0,4.0,0.2920996484768494,0.28630591925530646,0.0,0.0,0.31666666666666665,0.2833333333333333,treat,full,covered,positive,-15
43,16,0.0,1.0,1.0,0.0,4.0,5.0,0.2972455797277221,0.28527759226042115,0.0,0.0,0.2571428571428571,0.2857142857142857,treat,full,covered,positive,-14
43,17,0.0,1.0,1.0,0.0,3.0,4.0,0.2750218390959367,0.28515180679101687,0.0,0.0,0.25,0.2833333333333333,treat,full,covered,positive,-13
43,18,0.0,1.0,1.0,0.0,3.0,4.0,0.26329763119098376,0.2842997446861582,0.0,0.0,0.25,0.2833333333333333,treat,full,covered,positive,-12
43,19,1.0,0.0,0.0,0.0,4.0,5.0,0.26490267666043443,0.28426008827009336,0.0,0.0,0.31428571428571433,0.2857142857142857,treat,full,covered,positive,-11
43,20,1.0,0.0,0.0,1.0,6.0,7.0,0.2908949528537184,0.2859311239645371,0.0,0.0,0.3111111111111111,0.2888888888888889,treat,full,covered,positive,-10
43,21,0.0,1.0,1.0,0.0,6.0,7.0,0.2988345127488863,0.2877429901555495,0.0,0.0,0.26666666666666666,0.2888888888888889,treat,full,covered,positive,-9
43,22,0.0,1.0,1.0,0.0,3.0,4.0,0.2756621445889389,0.287526076942395,0.0,0.0,0.25,0.2833333333333333,treat,full,covered,positive,-8
43,23,1.0,0.0,0.0,0.0,4.0,5.0,0.2711737868192189,0.2858964393610345,0.0,0.0,0.31428571428571433,0.2857142857142857,treat,full,covered,positive,-7
43,24,1.0,0.0,0.0,0.0,4.0,5.0,0.2936654130254647,0.28580140923884934,0.0,0.0,0.31428571428571433,0.2857142857142857,treat,full,covered,positive,-6
43,25,1.0,0.0,0.0,0.0,6.0,7.0,0.3034587913989799,0.2866043877163622,0.0,0.0,0.3111111111111111,0.2888888888888889,treat,full,covered,positive,-5
43,26,0.0,1.0,1.0,0.0,6.0,7.0,0.3037020012218085,0.2880038263275075,0.0,0.0,0.26666666666666666,0.2888888888888889,treat,full,covered,positive,-4
43,27,0.0,1.0,1.0,0.0,4.0,5.0,0.27899981820465636,0.2878819767732369,0.0,0.0,0.2571428571428571,0.2857142857142857,treat,full,covered,positive,-3
43,28,0.0,1.0,1.0,0.0,3.0,4.0,0.2658776075035403,0.28645704664689964,0.0,0.0,0.25,0.2833333333333333,treat,full,covered,positive,-2
43,29,0.0,1.0,1.0,1.0,6.0,7.0,0.26411695099291027,0.2862375176800061,0.0,0.0,0.26666666666666666,0.2888888888888889,treat,full,covered,positive,-1
43,30,0.0,1.0,1.0,0.0,3.0,4.0,0.2602300499488584,0.2868568884238026,0.0,0.0,0.25,0.2833333333333333,treat,full,covered,positive,0
43,31,0.0,1.0,1.0,0.0,1.0,2.0,0.250273834618132,0.27963849782187533,0.0,1.947684375,0.22499999999999998,0.275,treat,full,covered,positive,1
43,32,1.0,0.0,0.0,0.0,3.0,4.0,0.2542084795249797,0.2793441433508705,0.0,1.510385175331347,0.31666666666666665,0.2833333333333333,treat,full,covered,positive,2
43,33,1.0,0.0,0.0,0.0,3.0,4.0,0.28347382523390147,0.2803164090325192,0.0,1.1102718941062917,0.31666666666666665,0.2833333333333333,treat,full,covered,positive,3
43,34,0.0,1.0,1.0,0.0,2.0,3.0,0.29173529099746265,0.28093547292810606,0.0,0.836346355854664,0.24,0.27999999999999997,treat,full,covered,positive,4
43,35,1.0,0.0,0.0,0.0,2.0,3.0,0.27854917198109175,0.2807354080299359,0.0,0.6471488673079303,0.31999999999999995,0.27999999999999997,treat,full,covered,positive,5
43,36,0.0,1.0,1.0,0.0,2.0,3.0,0.28752370056311494,0.28056645415975084,0.0,0.5007514572475934,0.24,0.27999999999999997,treat,full,covered,positive,6
43,37,0.0,1.0,1.0,0.0,3.0,4.0,0.26978785040536246,0.280751689977722,0.0,0.3781160018788243,0.25,0.2833333333333333,treat,full,covered,positive,7
43,38,0.0,1.0,1.0,0.0,3.0,4.0,0.26051607500727625,0.28175022032679986,0.0,0.2779500066966709,0.25,0.2833333333333333,treat,full,covered,positive,8
43,39,0.0,1.0,1.0,0.0,2.0,3.0,0.2531705573506381,0.2821056629973979,0.0,0.20937436716585514,0.24,0.27999999999999997,treat,full,covered,positive,9
43,40,0.0,1.0,1.0,0.0,2.0,3.0,0.24777708240997837,0.2813779538868103,0.0,0.16200989411406455,0.24,0.27999999999999997,treat,full,covered,positive,10
43,41,0.0,1.0,1.0,0.0,3.0,4.0,0.2474093358024464,0.28125874418603725,0.0,0.12233321049914159,0.25,0.2833333333333333,treat,full,covered,positive,11
43,42,1.0,0.0,0.0,0.0,2.0,3.0,0.2538653728669164,0.28183501284272017,0.0,0.09215124272177935,0.31999999999999995,0.27999999999999997,treat,full,covered,positive,12
43,43,1.0,0.0,0.0,0.0,2.0,3.0,0.2809481640241855,0.28114155495008286,0.0,0.07130487498504846,0.31999999999999995,0.27999999999999997,treat,full,covered,positive,13
43,44,0.0,1.0,1.0,0.0,3.0,4.0,0.2896949348013898,0.28110358919998096,0.0,0.053842108402462334,0.25,0.2833333333333333,treat,full,covered,positive,14
43,45,0.0,1.0,1.0,0.0,3.0,4.0,0.2710955158457855,0.28211959182035834,0.0,0.039578897260802194,0.25,0.2833333333333333,treat,full,covered,positive,15
43,46,0.0,1.0,1.0,0.0,2.0,3.0,0.2590671244412117,0.2823475444851538,0.0,0.02981401823150992,0.24,0.27999999999999997,treat,full,covered,positive,16
43,47,1.0,0.0,0.0,0.0,3.0,4.0,0.26043262806905865,0.28178699071426366,0.0,0.022512480414144765,0.31666666666666665,0.2833333333333333,treat,full,covered,positive,17
43,48,0.0,1.0,1.0,0.0,3.0,4.0,0.28011492629364865,0.28250418383830694,0.0,0.016548741790291966,0.25,0.2833333333333333,treat,full,covered,positive,18
43,49,0.0,1.0,1.0,0.0,2.0,3.0,0.2640941915268045,0.282564227932819,0.0,0.01246584729718958,0.24,0.27999999999999997,treat,full,covered,positive,19
43,50,0.0,1.0,1.0,0.0,2.0,3.0,0.2542273791546628,0.2815252709850992,0.0,0.00964583500835116,0.24,0.27999999999999997,treat,full,covered,positive,20
43,51,0.0,1.0,1.0,0.0,2.0,3.0,0.24840112511703683,0.28090629705658987,0.0,0.00746376325573226,0.24,0.27999999999999997,treat,full,covered,positive,21
43,52,0.0,1.0,1.0,0.0,2.0,3.0,0.24496078037035912,0.28053815373682356,0.0,0.005775317729298559,0.24,0.27999999999999997,treat,full,covered,positive,22
43,53,1.0,0.0,0.0,0.0,2.0,3.0,0.25092929120089336,0.28031946027856947,0.0,0.004468830766937,0.31999999999999995,0.27999999999999997,treat,full,covered,positive,23
43,54,0.0,1.0,1.0,0.0,3.0,4.0,0.2727934268227516,0.2806289831179632,0.0,0.0033744014085450836,0.25,0.2833333333333333,treat,full,covered,positive,24
43,55,0.0,1.0,1.0,0.0,3.0,4.0,0.26211336154410997,0.2818937845637719,0.0,0.0024804951111350834,0.25,0.2833333333333333,treat,full,covered,positive,25
43,56,1.0,0.0,0.0,0.0,3.0,4.0,0.2631042036390301,0.282567567977208,0.0,0.00182339184093035,0.31666666666666665,0.2833333333333333,treat,full,covered,positive,26
43,57,0.0,1.0,1.0,0.0,2.0,3.0,0.2803820595576165,0.2825979768279102,0.0,0.00137352582691894,0.24,0.27999999999999997,treat,full,covered,positive,27
43,58,0.0,1.0,1.0,0.0,3.0,4.0,0.26576689654924884,0.2819130378090718,0.0,0.0010371454473772834,0.25,0.2833333333333333,treat,full,covered,positive,28
43,59,1.0,0.0,0.0,0.0,2.0,3.0,0.26409716018111756,0.2822328489127547,0.0,0.0007812616170955799,0.31999999999999995,0.27999999999999997,treat,full,covered,positive,29
43,60,0.0,1.0,1.0,0.0,2.0,3.0,0.27898993211534806,0.2813191013871013,0.0,0.00060452534650898,0.24,0.27999999999999997,treat,full,covered,positive,30
43,61,0.0,1.0,1.0,0.0,3.0,4.0,0.2649830878695797,0.28119228040636446,0.0,0.0004564753706614833,0.25,0.2833333333333333,treat,full,covered,positive,31
43,62,1.0,0.0,0.0,0.0,3.0,4.0,0.264629293867164,0.2821952539071894,0.0,0.0003355513432433,0.31666666666666665,0.2833333333333333,treat,full,covered,positive,32
43,63,0.0,1.0,1.0,0.0,2.0,3.0,0.28123208528077537,0.2823902257462755,0.0,0.00025276434053078,0.24,0.27999999999999997,treat,full,covered,positive,33
43,64,1.0,0.0,0.0,0.0,2.0,3.0,0.2723471340374451,0.2814116191021204,0.0,0.00019558422838248003,0.31999999999999995,0.27999999999999997,treat,full,covered,positive,34
43,65,0.0,1.0,1.0,0.0,2.0,3.0,0.2838614591777709,0.28083365568426083,0.0,0.00015133934759797998,0.24,0.27999999999999997,treat,full,covered,positive,35
43,66,1.0,0.0,0.0,0.0,3.0,4.0,0.2743925674992235,0.28091883298960757,0.0,0.00011427591115805,0.31666666666666665,0.2833333333333333,treat,full,covered,positive,36
43,67,1.0,0.0,0.0,0.0,3.0,4.0,0.29420047713102154,0.2820500998094877,0.0,8.400329558611094e-05,0.31666666666666665,0.2833333333333333,treat,full,covered,positive,37
43,68,1.0,0.0,0.0,0.0,2.0,3.0,0.3057139077820439,0.2823093145132666,0.0,6.327805874954459e-05,0.31999999999999995,0.27999999999999997,treat,full,covered,positive,38
43,69,0.0,1.0,1.0,0.0,2.0,3.0,0.30356420540621903,0.28136367934905254,0.0,4.896335562240267e-05,0.24,0.27999999999999997,treat,full,covered,positive,39
43,70,0.0,1.0,1.0,0.0,2.0,3.0,0.27753402765031837,0.28080526553601065,0.0,3.788691121664862e-05,0.24,0.27999999999999997,treat,full,covered,positive,40
43,71,0.0,1.0,1.0,0.0,2.0,3.0,0.26216346798723655,0.28047551541742965,0.0,2.9316169680197625e-05,0.24,0.27999999999999997,treat,full,covered,positive,41
43,72,1.0,0.0,0.0,0.0,3.0,4.0,0.26217596052047365,0.28071717611589647,0.0,2.21365563882856e-05,0.31666666666666665,0.2833333333333333,treat,full,covered,positive,42
43,73,1.0,0.0,0.0,0.0,3.0,4.0,0.28770807130162773,0.281942985331465,0.0,1.627240308739178e-05,0.31666666666666665,0.2833333333333333,treat,full,covered,positive,43
43,74,0.0,1.0,1.0,0.0,2.0,3.0,0.2940952943660209,0.28224961450833763,0.0,1.2257686694026508e-05,0.24,0.27999999999999997,treat,full,covered,positive,44
43,75,1.0,0.0,0.0,0.0,2.0,3.0,0.2799427303701917,0.2813283847679495,0.0,9.484764301685103e-06,0.31999999999999995,0.27999999999999997,treat,full,covered,positive,45
43,76,0.0,1.0,1.0,0.0,2.0,3.0,0.28834658285629444,0.28078440295806756,0.0,7.339129813324431e-06,0.24,0.27999999999999997,treat,full,covered,positive,46
43,77,1.0,0.0,0.0,0.0,2.0,3.0,0.27654817371081336,0.2804631848019597,0.0,5.6788787473883765e-06,0.31999999999999995,0.27999999999999997,treat,full,covered,positive,47
43,78,1.0,0.0,0.0,0.0,2.0,3.0,0.29434213109449825,0.2802735075350228,0.0,4.394208121103003e-06,0.31999999999999995,0.27999999999999997,treat,full,covered,positive,48
43,79,0.0,1.0,1.0,0.0,2.0,3.0,0.29684928498999025,0.2801615044069194,0.0,3.4001544795171943e-06,0.24,0.27999999999999997,treat,full,covered,positive,49
43,80,0.0,1.0,1.0,0.0,3.0,4.0,0.2750384286174131,0.28054037902969337,0.0,2.567446981846192e-06,0.25,0.2833333333333333,treat,full,covered,positive,50
43,81,0.0,1.0,1.0,0.0,3.0,4.0,0.2633064475428667,0.2818490410451537,0.0,1.8873094559647667e-06,0.25,0.2833333333333333,treat,full,covered,positive,51
43,82,1.0,0.0,0.0,0.0,3.0,4.0,0.2637382584552953,0.28254451897287364,0.0,1.3873458761795803e-06,0.31666666666666665,0.2833333333333333,treat,full,covered,positive,52
43,83,0.0,1.0,1.0,0.0,2.0,3.0,0.28073545694603047,0.2825848870619767,0.0,1.0450608306056126e-06,0.24,0.27999999999999997,treat,full,covered,positive,53
43,84,0.0,1.0,1.0,0.0,3.0,4.0,0.2659658696690947,0.28190481577307397,0.0,7.891224623903109e-07,0.25,0.2833333333333333,treat,full,covered,positive,54
43,85,0.0,1.0,1.0,0.0,2.0,3.0,0.25620806002623236,0.282228341250456,0.0,5.944306968829859e-07,0.24,0.27999999999999997,treat,full,covered,positive,55
43,86,1.0,0.0,0.0,0.0,2.0,3.0,0.25757069736489,0.28131581370113906,0.0,4.599591419128951e-07,0.31999999999999995,0.27999999999999997,treat,full,covered,positive,56
43,87,0.0,1.0,1.0,0.0,2.0,3.0,0.27513612108699387,0.28077697507489263,0.0,3.5590761604105537e-07,0.24,0.27999999999999997,treat,full,covered,positive,57
43,88,1.0,0.0,0.0,0.0,2.0,3.0,0.26874752814065905,0.28045879614207997,0.0,2.7539452880363786e-07,0.31999999999999995,0.27999999999999997,treat,full,covered,positive,58
43,89,0.0,1.0,1.0,0.0,3.0,4.0,0.2828256180904079,0.2807077634223731,0.0,2.079496258341337e-07,0.25,0.2833333333333333,treat,full,covered,positive,59
43,90,0.0,1.0,1.0,0.0,3.0,4.0,0.26744487930358457,0.2819379976946846,0.0,1.528620836091746e-07,0.25,0.2833333333333333,treat,full,covered,positive,60
43,91,0.0,1.0,1.0,0.0,3.0,4.0,0.25927092410197633,0.2825917947233325,0.0,1.1236767804514495e-07,0.25,0.2833333333333333,treat,full,covered,positive,61
43,92,0.0,1.0,1.0,0.0,3.0,4.0,0.25492694917567843,0.2829392493047327,0.0,8.260056889934689e-08,0.25,0.2833333333333333,treat,full,covered,positive,62
43,93,0.0,1.0,1.0,0.0,3.0,4.0,0.25261838279687177,0.2831239009262087,0.0,6.071900835892146e-08,0.25,0.2833333333333333,treat,full,covered,positive,63
43,94,1.0,0.0,0.0,0.0,3.0,4.0,0.25805818263861896,0.28322203237131394,0.0,4.4634050651434727e-08,0.31666666666666665,0.2833333333333333,treat,full,covered,positive,64
43,95,0.0,1.0,1.0,0.0,2.0,3.0,0.2775696045494972,0.2829625064060821,0.0,3.3621967562646586e-08,0.24,0.27999999999999997,treat,full,covered,positive,65
43,96,0.0,1.0,1.0,0.0,2.0,3.0,0.2621844757904326,0.2817493304420659,0.0,2.6016037581219263e-08,0.24,0.27999999999999997,treat,full,covered,positive,66
43,97,0.0,1.0,1.0,0.0,2.0,3.0,0.2530997111094925,0.2810329621498361,0.0,2.0130713949631068e-08,0.24,0.27999999999999997,treat,full,covered,positive,67
43,98,0.0,1.0,1.0,0.0,2.0,3.0,0.24773524841304423,0.2806099538287619,0.0,1.5576762712489848e-08,0.24,0.27999999999999997,treat,full,covered,positive,68
43,99,0.0,1.0,1.0,0.0,3.0,4.0,0.2473857820322191,0.2807928696528989,0.0,1.1761969244054794e-08,0.25,0.2833333333333333,treat,full,covered,positive,69
43,100,0.0,1.0,1.0,0.0,2.0,3.0,0.2458522449154016,0.2816085859697232,0.0,8.860064068232744e-09,0.24,0.27999999999999997,treat,full,covered,positive,70
44,1,1.0,0.0,0.0,0.0,4.0,5.0,0.08815157285714284,0.07927009999999998,0.0,0.0,0.31428571428571433,0.2857142857142857,treat,full,covered,positive,-29
44,2,0.0,1.0,1.0,0.0,3.0,4.0,0.195479868369235,0.18190699474978334,0.0,0.0,0.25,0.2833333333333333,treat,full,covered,positive,-28
44,3,0.0,1.0,1.0,0.0,4.0,5.0,0.22479215975699113,0.23232790188756516,0.0,0.0,0.2571428571428571,0.2857142857142857,treat,full,covered,positive,-27
44,4,1.0,0.0,0.0,1.0,6.0,7.0,0.25136716940857906,0.2632466478864619,0.0,0.0,0.3111111111111111,0.2888888888888889,treat,full,covered,positive,-26
44,5,1.0,0.0,0.0,0.0,4.0,5.0,0.2874578183463411,0.2773795623416437,0.0,0.0,0.31428571428571433,0.2857142857142857,treat,full,covered,positive,-25
44,6,0.0,1.0,1.0,0.0,4.0,5.0,0.29573972911010377,0.28172781336279346,0.0,0.0,0.2571428571428571,0.2857142857142857,treat,full,covered,positive,-24
44,7,0.0,1.0,1.0,0.0,4.0,5.0,0.27560362135448824,0.28380756834663123,0.0,0.0,0.2571428571428571,0.2857142857142857,treat,full,covered,positive,-23
44,8,1.0,0.0,0.0,0.0,4.0,5.0,0.27168686915119705,0.2848023087081604,0.0,0.0,0.31428571428571433,0.2857142857142857,treat,full,covered,positive,-22
44,9,1.0,0.0,0.0,0.0,3.0,4.0,0.2941289525727239,0.2849136088474323,0.0,0.0,0.31666666666666665,0.2833333333333333,treat,full,covered,positive,-21
44,10,0.0,1.0,1.0,0.0,4.0,5.0,0.29827481469405775,0.28457143168119087,0.0,0.0,0.2571428571428571,0.2857142857142857,treat,full,covered,positive,-20
44,11,1.0,0.0,0.0,0.0,4.0,5.0,0.28253043064481376,0.28516766217310396,0.0,0.0,0.31428571428571433,0.2857142857142857,treat,full,covered,positive,-19
44,12,0.0,1.0,1.0,0.0,3.0,4.0,0.29289675557500877,0.2850967131093347,0.0,0.0,0.25,0.2833333333333333,treat,full,covered,positive,-18
44,13,1.0,0.0,0.0,1.0,6.0,7.0,0.281076475481464,0.2856074207182412,0.0,0.0,0.3111111111111111,0.2888888888888889,treat,full,covered,positive,-17
44,14,0.0,1.0,1.0,0.0,3.0,4.0,0.29390659293352606,0.2865768078117272,0.0,0.0,0.25,0.2833333333333333,treat,full,covered,positive,-16
44,15,0.0,1.0,1.0,1.0,6.0,7.0,0.27709978062482843,0.28629299021230176,0.0,0.0,0.26666666666666666,0.2888888888888889,treat,full,covered,positive,-15
44,16,1.0,0.0,0.0,0.0,3.0,4.0,0.2726676361571694,0.28688154618561,0.0,0.0,0.31666666666666665,0.2833333333333333,treat,full,covered,positive,-14
44,17,0.0,1.0,1.0,0.0,4.0,5.0,0.2873899318796051,0.28556954227690096,0.0,0.0,0.2571428571428571,0.2857142857142857,treat,full,covered,positive,-13
44,18,1.0,0.0,0.0,0.0,3.0,4.0,0.27674914895349706,0.28529812343341737,0.0,0.0,0.31666666666666665,0.2833333333333333,treat,full,covered,positive,-12
44,19,0.0,1.0,1.0,0.0,3.0,4.0,0.2887861944689954,0.28437750334891204,0.0,0.0,0.25,0.2833333333333333,treat,full,covered,positive,-11
44,20,0.0,1.0,1.0,0.0,6.0,7.0,0.27472804793837097,0.2852742877972332,0.0,0.0,0.26666666666666666,0.2888888888888889,treat,full,covered,positive,-10
44,21,0.0,1.0,1.0,1.0,6.0,7.0,0.2697898109409659,0.28748851836641975,0.0,0.0,0.26666666666666666,0.2888888888888889,treat,full,covered,positive,-9
44,22,1.0,0.0,0.0,0.0,4.0,5.0,0.27032797839738554,0.287663374407861,0.0,0.0,0.31428571428571433,0.2857142857142857,treat,full,covered,positive,-8
44,23,1.0,0.0,0.0,0.0,6.0,7.0,0.29326477658040856,0.28741771192388804,0.0,0.0,0.3111111111111111,0.2888888888888889,treat,full,covered,positive,-7
44,24,0.0,1.0,1.0,1.0,6.0,7.0,0.2997526310159244,0.28831892478970284,0.0,0.0,0.26666666666666666,0.2888888888888889,treat,full,covered,positive,-6
44,25,0.0,1.0,1.0,0.0,4.0,5.0,0.27732442846891764,0.28801564687803555,0.0,0.0,0.2571428571428571,0.2857142857142857,treat,full,covered,positive,-5
44,26,0.0,1.0,1.0,0.0,6.0,7.0,0.26986932274734743,0.2875715879106177,0.0,0.0,0.26666666666666666,0.2888888888888889,treat,full,covered,positive,-4
44,27,0.0,1.0,1.0,0.0,6.0,7.0,0.2679074412515428,0.28837853949972686,0.0,0.0,0.26666666666666666,0.2888888888888889,treat,full,covered,positive,-3
44,28,0.0,1.0,1.0,1.0,6.0,7.0,0.26714736816307816,0.28869116907897896,0.0,0.0,0.26666666666666666,0.2888888888888889,treat,full,covered,positive,-2
44,29,0.0,1.0,1.0,0.0,6.0,7.0,0.2668529002754695,0.28881228818344873,0.0,0.0,0.26666666666666666,0.2888888888888889,treat,full,covered,positive,-1
44,30,0.0,1.0,1.0,0.0,3.0,4.0,0.2614461903148116,0.28800138417972293,0.0,0.0,0.25,0.2833333333333333,treat,full,covered,positive,0
44,31,0.0,1.0,1.0,0.0,1.0,2.0,0.25098537231075774,0.2803796346875035,0.0,1.947684375,0.22499999999999998,0.275,treat,full,covered,positive,1
44,32,0.0,1.0,1.0,0.0,3.0,4.0,0.24796585478405628,0.27996043759545214,0.0,1.510385175331347,0.25,0.2833333333333333,treat,full,covered,positive,2
44,33,0.0,1.0,1.0,0.0,2.0,3.0,0.24617555480964212,0.2805760868717076,0.0,1.1377439562604537,0.24,0.27999999999999997,treat,full,covered,positive,3
44,34,0.0,1.0,1.0,0.0,2.0,3.0,0.2436466033595456,0.2804859409737383,0.0,0.8803645851101727,0.24,0.27999999999999997,treat,full,covered,positive,4
44,35,1.0,0.0,0.0,0.0,3.0,4.0,0.2517504213242967,0.28067473824155287,0.0,0.6647607955995983,0.31666666666666665,0.2833333333333333,treat,full,covered,positive,5
44,36,1.0,0.0,0.0,0.0,2.0,3.0,0.28205390477396286,0.2813060557874992,0.0,0.5007514572475934,0.31999999999999995,0.27999999999999997,treat,full,covered,positive,6
44,37,0.0,1.0,1.0,0.0,3.0,4.0,0.29031749935318624,0.28125183996962116,0.0,0.3781160018788243,0.25,0.2833333333333333,treat,full,covered,positive,7
44,38,0.0,1.0,1.0,0.0,2.0,3.0,0.26978070723782943,0.2817680972173493,0.0,0.2848274750900027,0.24,0.27999999999999997,treat,full,covered,positive,8
44,39,1.0,0.0,0.0,0.0,3.0,4.0,0.2664646901715482,0.28152510899922584,0.0,0.2150724167598812,0.31666666666666665,0.2833333333333333,treat,full,covered,positive,9
44,40,0.0,1.0,1.0,0.0,2.0,3.0,0.28225506349028506,0.2819753027035641,0.0,0.16200989411406455,0.24,0.27999999999999997,treat,full,covered,positive,10
44,41,0.0,1.0,1.0,0.0,3.0,4.0,0.2668214528311708,0.2816215956199695,0.0,0.12233321049914159,0.25,0.2833333333333333,treat,full,covered,positive,11
44,42,0.0,1.0,1.0,0.0,2.0,3.0,0.2566849286617072,0.2820501155638323,0.0,0.09215124272177935,0.24,0.27999999999999997,treat,full,covered,positive,12
44,43,1.0,0.0,0.0,0.0,3.0,4.0,0.2590913818067162,0.2816420545036795,0.0,0.06958314142038728,0.31666666666666665,0.2833333333333333,treat,full,covered,positive,13
44,44,0.0,1.0,1.0,0.0,2.0,3.0,0.2781454694090495,0.28207076832253414,0.0,0.052415635363538514,0.24,0.27999999999999997,treat,full,covered,positive,14
44,45,1.0,0.0,0.0,0.0,3.0,4.0,0.27117429720471403,0.28163830036004794,0.0,0.039578897260802194,0.31666666666666665,0.2833333333333333,treat,full,covered,positive,15
44,46,1.0,0.0,0.0,0.0,3.0,4.0,0.2924901563474372,0.2824178098968783,0.0,0.029094126416295687,0.31666666666666665,0.2833333333333333,treat,full,covered,positive,16
44,47,0.0,1.0,1.0,0.0,3.0,4.0,0.29715161117943845,0.2828430076650585,0.0,0.021386856393437532,0.25,0.2833333333333333,treat,full,covered,positive,17
44,48,0.0,1.0,1.0,0.0,2.0,3.0,0.2735897742294699,0.2827558327772142,0.0,0.01611030550515414,0.24,0.27999999999999997,treat,full,covered,positive,18
44,49,0.0,1.0,1.0,0.0,3.0,4.0,0.2619426402108236,0.2820116980440512,0.0,0.012164845890090667,0.25,0.2833333333333333,treat,full,covered,positive,19
44,50,1.0,0.0,0.0,0.0,3.0,4.0,0.26301347532294694,0.2826278384571453,0.0,0.00894227956450845,0.31666666666666665,0.2833333333333333,treat,full,covered,positive,20
44,51,0.0,1.0,1.0,0.0,3.0,4.0,0.2814864943391024,0.2829578479382742,0.0,0.006573397191571833,0.25,0.2833333333333333,treat,full,covered,positive,21
44,52,0.0,1.0,1.0,0.0,2.0,3.0,0.26485864998191166,0.28281693402396246,0.0,0.004951613038157341,0.24,0.27999999999999997,treat,full,covered,positive,22
44,53,1.0,0.0,0.0,0.0,2.0,3.0,0.26267878422781904,0.28166819152877504,0.0,0.0038314637788025804,0.31999999999999995,0.27999999999999997,treat,full,covered,positive,23
44,54,0.0,1.0,1.0,0.0,3.0,4.0,0.27940873684150264,0.2813899780769962,0.0,0.0028931274076513503,0.25,0.2833333333333333,treat,full,covered,positive,24
44,55,0.0,1.0,1.0,0.0,2.0,3.0,0.26370058910992833,0.2819407053765651,0.0,0.00217933695093684,0.24,0.27999999999999997,treat,full,covered,positive,25
44,56,1.0,0.0,0.0,0.0,3.0,4.0,0.26304140490515254,0.2815430376120425,0.0,0.0016456111364396332,0.31666666666666665,0.2833333333333333,treat,full,covered,positive,26
44,57,1.0,0.0,0.0,0.0,3.0,4.0,0.2881680039308659,0.2823812291521314,0.0,0.0012096754015189332,0.31666666666666665,0.2833333333333333,treat,full,covered,positive,27
44,58,0.0,1.0,1.0,0.0,3.0,4.0,0.29485464217702334,0.28282717722416834,0.0,0.0008892225779451,0.25,0.2833333333333333,treat,full,covered,positive,28
44,59,0.0,1.0,1.0,0.0,3.0,4.0,0.2738375958931995,0.2830643430070252,0.0,0.0006536603060081,0.25,0.2833333333333333,treat,full,covered,positive,29
44,60,0.0,1.0,1.0,0.0,3.0,4.0,0.2626682757990779,0.28319043141886874,0.0,0.0004805003901699833,0.25,0.2833333333333333,treat,full,covered,positive,30
44,61,0.0,1.0,1.0,0.0,3.0,4.0,0.2567324411589378,0.2832574458359319,0.0,0.00035321194025611665,0.25,0.2833333333333333,treat,full,covered,positive,31
44,62,0.0,1.0,1.0,0.0,2.0,3.0,0.2510617076322596,0.28298236846409264,0.0,0.0002660677268745,0.24,0.27999999999999997,treat,full,covered,positive,32
44,63,1.0,0.0,0.0,0.0,3.0,4.0,0.25592534303989384,0.28212880539666557,0.0,0.0002009069842108,0.31666666666666665,0.2833333333333333,treat,full,covered,positive,33
44,64,1.0,0.0,0.0,0.0,3.0,4.0,0.2843862368971309,0.2826931536496396,0.0,0.00014768509486324998,0.31666666666666665,0.2833333333333333,treat,full,covered,positive,34
44,65,0.0,1.0,1.0,0.0,3.0,4.0,0.2928448561228482,0.282993109626913,0.0,0.00010856211560015775,0.25,0.2833333333333333,treat,full,covered,positive,35
44,66,0.0,1.0,1.0,0.0,3.0,4.0,0.2727695131827825,0.2831525304614293,0.0,7.980313080680539e-05,0.25,0.2833333333333333,treat,full,covered,positive,36
44,67,0.0,1.0,1.0,0.0,2.0,3.0,0.26000014517054126,0.2829237941271194,0.0,6.011415581206735e-05,0.24,0.27999999999999997,treat,full,covered,positive,37
44,68,0.0,1.0,1.0,0.0,3.0,4.0,0.25429127950456815,0.2820956731117475,0.0,4.539202816686129e-05,0.25,0.2833333333333333,treat,full,covered,positive,38
44,69,0.0,1.0,1.0,0.0,2.0,3.0,0.24970109947785407,0.28233471706666047,0.0,3.419293737302538e-05,0.24,0.27999999999999997,treat,full,covered,positive,39
44,70,0.0,1.0,1.0,0.0,3.0,4.0,0.24849261397931732,0.28176398057394364,0.0,2.581898980992635e-05,0.25,0.2833333333333333,treat,full,covered,positive,40
44,71,0.0,1.0,1.0,0.0,2.0,3.0,0.2464691498098738,0.2821498421931454,0.0,1.9448945932980038e-05,0.24,0.27999999999999997,treat,full,covered,positive,41
44,72,0.0,1.0,1.0,0.0,2.0,3.0,0.2438199682712324,0.28126947543750164,0.0,1.5049223617408107e-05,0.24,0.27999999999999997,treat,full,covered,positive,42
44,73,0.0,1.0,1.0,0.0,3.0,4.0,0.24518136419997819,0.28116420296462213,0.0,1.136362597299676e-05,0.25,0.2833333333333333,treat,full,covered,positive,43
44,74,0.0,1.0,1.0,0.0,2.0,3.0,0.2446235885202404,0.2818155491573831,0.0,8.559999782270807e-06,0.24,0.27999999999999997,treat,full,covered,positive,44
44,75,1.0,0.0,0.0,0.0,2.0,3.0,0.2507301827853167,0.2810720694185332,0.0,6.623564656525299e-06,0.31999999999999995,0.27999999999999997,treat,full,covered,positive,45
44,76,1.0,0.0,0.0,0.0,3.0,4.0,0.27934798959750023,0.28105305535034875,0.0,5.00143484329974e-06,0.31666666666666665,0.2833333333333333,treat,full,covered,positive,46
44,77,0.0,1.0,1.0,0.0,3.0,4.0,0.29016732493968517,0.28212149731303343,0.0,3.676514194798956e-06,0.25,0.2833333333333333,treat,full,covered,positive,47
44,78,1.0,0.0,0.0,0.0,3.0,4.0,0.27801322999993794,0.2826893131703671,0.0,2.702575770364413e-06,0.31666666666666665,0.2833333333333333,treat,full,covered,positive,48
44,79,0.0,1.0,1.0,0.0,3.0,4.0,0.2894579789643971,0.2829910745013176,0.0,1.9866415325944914e-06,0.25,0.2833333333333333,treat,full,covered,positive,49
44,80,0.0,1.0,1.0,0.0,3.0,4.0,0.27096958779881825,0.28315144306511647,0.0,1.4603640801890319e-06,0.25,0.2833333333333333,treat,full,covered,positive,50
44,81,1.0,0.0,0.0,0.0,2.0,3.0,0.26699693706657995,0.2829231631329455,0.0,1.1000640322164343e-06,0.31999999999999995,0.27999999999999997,treat,full,covered,positive,51
44,82,0.0,1.0,1.0,0.0,2.0,3.0,0.2807022213684448,0.2817260997088929,0.0,8.512085781584626e-07,0.24,0.27999999999999997,treat,full,covered,positive,52
44,83,0.0,1.0,1.0,0.0,3.0,4.0,0.2659471570617612,0.28142129290150075,0.0,6.42745177632298e-07,0.25,0.2833333333333333,treat,full,covered,positive,53
44,84,0.0,1.0,1.0,0.0,3.0,4.0,0.2584749730960595,0.2823171963684485,0.0,4.724767678158273e-07,0.25,0.2833333333333333,treat,full,covered,positive,54
44,85,0.0,1.0,1.0,0.0,3.0,4.0,0.254503948177143,0.28279331641302824,0.0,3.4731384053012553e-07,0.25,0.2833333333333333,treat,full,covered,positive,55
44,86,1.0,0.0,0.0,0.0,2.0,3.0,0.257819632689112,0.28272355693259654,0.0,2.616248023634559e-07,0.31999999999999995,0.27999999999999997,treat,full,covered,positive,56
44,87,1.0,0.0,0.0,0.0,2.0,3.0,0.2832831149065937,0.2816082333815719,0.0,2.0244028484604706e-07,0.31999999999999995,0.27999999999999997,treat,full,covered,positive,57
44,88,0.0,1.0,1.0,0.0,2.0,3.0,0.29031904652119456,0.28094964585397986,0.0,1.5664443339594128e-07,0.24,0.27999999999999997,treat,full,covered,positive,58
44,89,0.0,1.0,1.0,0.0,2.0,3.0,0.2697128937803002,0.28056075644569545,0.0,1.2120847652726773e-07,0.24,0.27999999999999997,treat,full,covered,positive,59
44,90,1.0,0.0,0.0,0.0,3.0,4.0,0.2664265092011888,0.28076517007956986,0.0,9.152417606575833e-08,0.31666666666666665,0.2833333333333333,treat,full,covered,positive,60
44,91,1.0,0.0,0.0,0.0,2.0,3.0,0.29023378290875484,0.2815931472747938,0.0,6.894339263339897e-08,0.31999999999999995,0.27999999999999997,treat,full,covered,positive,61
44,92,1.0,0.0,0.0,0.0,2.0,3.0,0.3024233464697907,0.28094073757637933,0.0,5.3347082986302026e-08,0.31999999999999995,0.27999999999999997,treat,full,covered,positive,62
44,93,1.0,0.0,0.0,0.0,2.0,3.0,0.30962116185694677,0.2805554961535992,0.0,4.1278955886031076e-08,0.31999999999999995,0.27999999999999997,treat,full,covered,positive,63
44,94,0.0,1.0,1.0,0.0,3.0,4.0,0.3058386755905465,0.28076220838038596,0.0,3.11696222456344e-08,0.25,0.2833333333333333,treat,full,covered,positive,64
44,95,0.0,1.0,1.0,0.0,3.0,4.0,0.2796749615945156,0.28196693209682894,0.0,2.291253654661044e-08,0.25,0.2833333333333333,treat,full,covered,positive,65
44,96,1.0,0.0,0.0,0.0,2.0,3.0,0.27184897238852274,0.28226296252084027,0.0,1.7259570872564935e-08,0.31999999999999995,0.27999999999999997,treat,full,covered,positive,66
44,97,0.0,1.0,1.0,0.0,2.0,3.0,0.2835672997056989,0.28133625675293567,0.0,1.3355126930620982e-08,0.24,0.27999999999999997,treat,full,covered,positive,67
44,98,0.0,1.0,1.0,0.0,3.0,4.0,0.2675602804012541,0.28120179955602737,0.0,1.0084418380621477e-08,0.25,0.2833333333333333,treat,full,covered,positive,68
44,99,1.0,0.0,0.0,0.0,3.0,4.0,0.26599891964338956,0.2822005488860014,0.0,7.412974173264541e-09,0.31666666666666665,0.2833333333333333,treat,full,covered,positive,69
44,100,0.0,1.0,1.0,0.0,2.0,3.0,0.2819954611908797,0.28239317139545844,0.0,5.584050149125905e-09,0.24,0.27999999999999997,treat,full,covered,positive,70
