seed,condition_id,reward_idx,threat_idx,n_trials,p_open,p_covered,p_commit_timeout,mean_commit_latency,mean_junction_pause_duration,mean_reorientation_count,mean_junction_deliberation_proxy
42,R0_T1,0,1,100,0.26,0.74,0.0,3.06,4.06,0.96,3.9037726492318128
43,R0_T1,0,1,100,0.33,0.67,0.0,2.84,3.84,0.75,3.6027145190709238
44,R0_T1,0,1,100,0.31,0.69,0.0,3.44,4.44,1.26,4.3681340379426326
45,R0_T1,0,1,100,0.24,0.76,0.0,3.29,4.29,1.1,4.147929352104182
46,R0_T1,0,1,100,0.33,0.67,0.0,3.13,4.13,0.97,3.9421926309679325
47,R0_T1,0,1,100,0.33,0.67,0.0,2.91,3.91,0.83,3.7135679633933614
48,R0_T1,0,1,100,0.32,0.68,0.0,3.3,4.3,1.12,4.173727537056711
49,R0_T1,0,1,100,0.33,0.67,0.0,3.27,4.27,1.1,4.136332982199123
50,R0_T1,0,1,100,0.28,0.72,0.0,3.11,4.11,0.96,3.927896648821825
51,R0_T1,0,1,100,0.34,0.66,0.0,3.19,4.19,1.09,4.092114815510474
52,R0_T1,0,1,100,0.31,0.69,0.0,3.16,4.16,1.1,4.0871537232392035
53,R0_T1,0,1,100,0.31,0.69,0.0,3.36,4.36,1.24,4.309048946081349
54,R0_T1,0,1,100,0.34,0.66,0.0,3.28,4.28,1.22,4.259697704565335
55,R0_T1,0,1,100,0.29,0.71,0.0,3.26,4.26,1.12,4.150534797246594
56,R0_T1,0,1,100,0.3,0.7,0.0,3.36,4.36,1.23,4.3039158712539844
57,R0_T1,0,1,100,0.26,0.74,0.0,3.22,4.22,1.02,4.037075907781745
58,R0_T1,0,1,100,0.38,0.62,0.0,3.05,4.05,0.9,3.8428413894519173
59,R0_T1,0,1,100,0.35,0.65,0.0,3.34,4.34,1.2,4.264752963935242
60,R0_T1,0,1,100,0.32,0.68,0.0,3.21,4.21,1.13,4.143711185415533
61,R0_T1,0,1,100,0.29,0.71,0.0,3.09,4.09,0.93,3.8911672040894008
62,R0_T1,0,1,100,0.33,0.67,0.0,3.26,4.26,1.11,4.140534797246594
63,R0_T1,0,1,100,0.35,0.65,0.0,3.06,4.06,0.95,3.893772649231812
64,R0_T1,0,1,100,0.29,0.71,0.0,3.2,4.2,1.13,4.137913000463003
65,R0_T1,0,1,100,0.34,0.66,0.0,2.87,3.87,0.79,3.655242148755878
66,R0_T1,0,1,100,0.4,0.6,0.0,3.24,4.24,1.15,4.171371889927852
67,R0_T1,0,1,100,0.33,0.67,0.0,3.26,4.26,1.12,4.150534797246594
68,R0_T1,0,1,100,0.45,0.55,0.0,3.25,4.25,1.08,4.109603537466699
69,R0_T1,0,1,100,0.3,0.7,0.0,3.15,4.15,1.04,4.031089388631943
70,R0_T1,0,1,100,0.3,0.7,0.0,3.27,4.27,1.16,4.1987664447854405
71,R0_T1,0,1,100,0.32,0.68,0.0,3.27,4.27,1.16,4.19876644478544
72,R0_T1,0,1,100,0.31,0.69,0.0,3.19,4.19,1.08,4.077247890337839
73,R0_T1,0,1,100,0.39,0.61,0.0,3.23,4.23,1.08,4.102874092734274
74,R0_T1,0,1,100,0.24,0.76,0.0,3.03,4.03,0.84,3.776111944719493
75,R0_T1,0,1,100,0.26,0.74,0.0,3.42,4.42,1.23,4.331404593210208
76,R0_T1,0,1,100,0.33,0.67,0.0,3.27,4.27,1.19,4.221466057026489
77,R0_T1,0,1,100,0.43,0.57,0.0,3.27,4.27,1.22,4.251466057026488
78,R0_T1,0,1,100,0.27,0.73,0.0,3.06,4.06,1.0,3.94620611181813
79,R0_T1,0,1,100,0.28,0.72,0.0,3.29,4.29,1.15,4.200362814690499
80,R0_T1,0,1,100,0.32,0.68,0.0,2.93,3.93,0.8,3.6902974081257853
81,R0_T1,0,1,100,0.38,0.62,0.0,3.22,4.22,1.03,4.049509370368062
82,R0_T1,0,1,100,0.23,0.77,0.0,3.18,4.18,1.13,4.128750093144262
83,R0_T1,0,1,100,0.29,0.71,0.0,3.19,4.19,1.08,4.082114815510474
84,R0_T1,0,1,100,0.35,0.65,0.0,3.01,4.01,1.02,3.942082112228117
85,R0_T1,0,1,100,0.29,0.71,0.0,3.11,4.11,0.97,3.940330111408142
86,R0_T1,0,1,100,0.3,0.7,0.0,3.18,4.18,1.04,4.036316630557945
87,R0_T1,0,1,100,0.35,0.65,0.0,3.22,4.22,1.14,4.159509370368062
88,R0_T1,0,1,100,0.26,0.74,0.0,3.25,4.25,1.09,4.117170074880382
89,R0_T1,0,1,100,0.34,0.66,0.0,3.11,4.11,1.02,3.9854631862355068
90,R0_T1,0,1,100,0.31,0.69,0.0,3.05,4.05,0.91,3.8504079268656004
91,R0_T1,0,1,100,0.35,0.65,0.0,3.17,4.17,1.08,4.0705184456054155
42,R1_T1,1,1,100,0.5,0.5,0.15,4.35,5.35,1.58,5.061474120142712
43,R1_T1,1,1,100,0.46,0.54,0.21,4.55,5.55,1.72,5.271360587335747
44,R1_T1,1,1,100,0.62,0.38,0.17,4.48,5.48,1.83,5.358581306982476
45,R1_T1,1,1,100,0.39,0.61,0.16,4.44,5.44,1.61,5.1204949435867135
46,R1_T1,1,1,100,0.51,0.49,0.25,4.68,5.68,2.03,5.622864496961208
47,R1_T1,1,1,100,0.51,0.49,0.18,4.5,5.5,1.72,5.247351813787471
48,R1_T1,1,1,100,0.53,0.47,0.18,4.5,5.5,1.66,5.192955091001771
49,R1_T1,1,1,100,0.51,0.49,0.23,4.48,5.48,1.8,5.326713547911043
50,R1_T1,1,1,100,0.5,0.5,0.22,4.65,5.65,1.98,5.566303820932263
51,R1_T1,1,1,100,0.48,0.52,0.14,4.44,5.44,1.61,5.124230461729581
52,R1_T1,1,1,100,0.54,0.46,0.22,4.53,5.53,1.78,5.32138352610215
53,R1_T1,1,1,100,0.44,0.56,0.14,4.46,5.46,1.69,5.206736486677445
54,R1_T1,1,1,100,0.57,0.43,0.18,4.58,5.58,1.87,5.4316567815075585
55,R1_T1,1,1,100,0.44,0.56,0.17,4.4,5.4,1.57,5.069879616476687
56,R1_T1,1,1,100,0.47,0.53,0.14,4.38,5.38,1.74,5.237373591528825
57,R1_T1,1,1,100,0.42,0.58,0.29,4.6,5.6,2.05,5.617898324598289
58,R1_T1,1,1,100,0.46,0.54,0.18,4.47,5.47,1.69,5.210791137758527
59,R1_T1,1,1,100,0.54,0.46,0.25,4.66,5.66,1.82,5.402887435727612
60,R1_T1,1,1,100,0.48,0.52,0.2,4.67,5.67,1.87,5.458809845880126
61,R1_T1,1,1,100,0.48,0.52,0.15,4.42,5.42,1.71,5.219856677710285
62,R1_T1,1,1,100,0.51,0.49,0.18,4.51,5.51,1.75,5.285141983011421
63,R1_T1,1,1,100,0.48,0.52,0.22,4.62,5.62,1.91,5.482272108617585
64,R1_T1,1,1,100,0.45,0.55,0.18,4.39,5.39,1.67,5.165824965395607
65,R1_T1,1,1,100,0.43,0.57,0.16,4.26,5.26,1.54,4.994321055770144
66,R1_T1,1,1,100,0.43,0.57,0.2,4.48,5.48,1.61,5.13671354791104
67,R1_T1,1,1,100,0.51,0.49,0.15,4.48,5.48,1.59,5.112978029768174
68,R1_T1,1,1,100,0.49,0.51,0.2,4.44,5.44,1.76,5.274230461729583
69,R1_T1,1,1,100,0.45,0.55,0.1,4.38,5.38,1.58,5.075505832457391
70,R1_T1,1,1,100,0.47,0.53,0.18,4.36,5.36,1.64,5.127396530295227
71,R1_T1,1,1,100,0.5,0.5,0.15,4.63,5.63,1.77,5.350062277841533
72,R1_T1,1,1,100,0.45,0.55,0.23,4.52,5.52,1.75,5.287328875021069
73,R1_T1,1,1,100,0.49,0.51,0.17,4.27,5.27,1.61,5.06464018870836
74,R1_T1,1,1,100,0.4,0.6,0.17,4.46,5.46,1.56,5.078604245748877
75,R1_T1,1,1,100,0.45,0.55,0.16,4.53,5.53,1.63,5.173251285173583
76,R1_T1,1,1,100,0.45,0.55,0.21,4.48,5.48,1.72,5.248581306982475
77,R1_T1,1,1,100,0.57,0.43,0.18,4.54,5.54,1.93,5.481041454397532
78,R1_T1,1,1,100,0.43,0.57,0.14,4.32,5.32,1.47,4.943045685042334
79,R1_T1,1,1,100,0.53,0.47,0.14,4.45,5.45,1.64,5.160152871882096
80,R1_T1,1,1,100,0.48,0.52,0.15,4.5,5.5,1.67,5.201087331930337
81,R1_T1,1,1,100,0.49,0.51,0.21,4.59,5.59,1.8,5.3619759144457735
82,R1_T1,1,1,100,0.45,0.55,0.21,4.52,5.52,1.98,5.522932152235369
83,R1_T1,1,1,100,0.54,0.46,0.16,4.34,5.34,1.6,5.0830227462759305
84,R1_T1,1,1,100,0.47,0.53,0.15,4.55,5.55,1.61,5.157625069192878
85,R1_T1,1,1,100,0.42,0.58,0.2,4.53,5.53,1.91,5.4588545623878835
86,R1_T1,1,1,100,0.52,0.48,0.21,4.62,5.62,1.82,5.394139867689018
87,R1_T1,1,1,100,0.48,0.52,0.17,4.38,5.38,1.79,5.2873735915288265
88,R1_T1,1,1,100,0.43,0.57,0.15,4.52,5.52,1.71,5.245461115949635
89,R1_T1,1,1,100,0.5,0.5,0.16,4.42,5.42,1.72,5.227988918638852
90,R1_T1,1,1,100,0.51,0.49,0.18,4.38,5.38,1.86,5.35924135060026
91,R1_T1,1,1,100,0.47,0.53,0.14,4.47,5.47,1.69,5.216394414972826
42,R2_T1,2,1,100,0.63,0.37,0.0,3.13,4.13,0.98,3.9521926309679323
43,R2_T1,2,1,100,0.72,0.28,0.0,2.94,3.94,0.79,3.688529055664633
44,R2_T1,2,1,100,0.76,0.24,0.0,3.11,4.11,0.95,3.920330111408142
45,R2_T1,2,1,100,0.61,0.39,0.0,3.24,4.24,1.2,4.226238815100486
46,R2_T1,2,1,100,0.76,0.24,0.0,3.32,4.32,1.18,4.233156594030183
47,R2_T1,2,1,100,0.68,0.32,0.0,3.11,4.11,1.06,4.027896648821825
48,R2_T1,2,1,100,0.67,0.33,0.0,2.92,3.92,0.78,3.6693661483458913
49,R2_T1,2,1,100,0.67,0.33,0.0,3.16,4.16,1.05,4.037153723239204
50,R2_T1,2,1,100,0.68,0.32,0.0,3.39,4.39,1.29,4.381310426111572
51,R2_T1,2,1,100,0.67,0.33,0.0,3.2,4.2,1.04,4.045479537876687
52,R2_T1,2,1,100,0.72,0.28,0.0,3.11,4.11,1.11,4.073029723649191
53,R2_T1,2,1,100,0.66,0.34,0.0,3.33,4.33,1.18,4.2462551667416655
54,R2_T1,2,1,100,0.71,0.29,0.0,3.33,4.33,1.3,4.356521316396395
55,R2_T1,2,1,100,0.67,0.33,0.0,3.25,4.25,1.1,4.129603537466698
56,R2_T1,2,1,100,0.66,0.34,0.0,3.05,4.05,0.95,3.892841389451918
57,R2_T1,2,1,100,0.63,0.37,0.0,3.04,4.04,0.98,3.9170432044993877
58,R2_T1,2,1,100,0.73,0.27,0.0,3.02,4.02,0.89,3.8178802971806465
59,R2_T1,2,1,100,0.71,0.29,0.0,3.2,4.2,1.01,4.022779925635639
60,R2_T1,2,1,100,0.72,0.28,0.0,3.13,4.13,1.04,4.017059556140567
61,R2_T1,2,1,100,0.62,0.38,0.0,3.17,4.17,1.02,4.012951908191733
62,R2_T1,2,1,100,0.7,0.3,0.0,3.14,4.14,1.02,4.002857741093096
63,R2_T1,2,1,100,0.62,0.38,0.0,3.09,4.09,1.0,3.961167204089401
64,R2_T1,2,1,100,0.69,0.31,0.0,3.14,4.14,1.03,4.005557353334144
65,R2_T1,2,1,100,0.71,0.29,0.0,2.99,3.99,0.93,3.842919204909376
66,R2_T1,2,1,100,0.7,0.3,0.0,3.11,4.11,0.89,3.8530297236491906
67,R2_T1,2,1,100,0.64,0.36,0.0,3.16,4.16,1.0,3.98958718582552
68,R2_T1,2,1,100,0.73,0.27,0.0,3.25,4.25,1.16,4.189603537466698
69,R2_T1,2,1,100,0.64,0.36,0.0,3.13,4.13,1.1,4.072192630967932
70,R2_T1,2,1,100,0.66,0.34,0.0,3.13,4.13,1.04,4.01462609355425
71,R2_T1,2,1,100,0.77,0.23,0.0,3.41,4.41,1.29,4.388039870843996
72,R2_T1,2,1,100,0.68,0.32,0.0,3.27,4.27,1.19,4.2238995196128055
73,R2_T1,2,1,100,0.69,0.31,0.0,3.06,4.06,0.98,3.923772649231813
74,R2_T1,2,1,100,0.69,0.31,0.0,3.3,4.3,1.13,4.1764271492977585
75,R2_T1,2,1,100,0.65,0.35,0.0,3.19,4.19,1.15,4.149681352924157
76,R2_T1,2,1,100,0.71,0.29,0.0,3.13,4.13,1.0,3.979493018726884
77,R2_T1,2,1,100,0.66,0.34,0.0,3.22,4.22,1.18,4.187342057436476
78,R2_T1,2,1,100,0.67,0.33,0.0,3.04,4.04,0.96,3.894609741913071
79,R2_T1,2,1,100,0.66,0.34,0.0,3.21,4.21,1.05,4.061277722829216
80,R2_T1,2,1,100,0.72,0.28,0.0,3.22,4.22,1.01,4.029509370368062
81,R2_T1,2,1,100,0.64,0.36,0.0,3.21,4.21,1.07,4.073977335070264
82,R2_T1,2,1,100,0.68,0.32,0.0,3.34,4.34,1.19,4.259619889107878
83,R2_T1,2,1,100,0.73,0.27,0.0,3.3,4.3,1.19,4.2388606118840775
84,R2_T1,2,1,100,0.68,0.32,0.0,3.13,4.13,0.99,3.9646260935542497
85,R2_T1,2,1,100,0.65,0.35,0.0,3.25,4.25,1.18,4.202303149707747
86,R2_T1,2,1,100,0.64,0.36,0.0,3.13,4.13,1.0,3.9770595561405666
87,R2_T1,2,1,100,0.76,0.24,0.0,3.34,4.34,1.2,4.269619889107878
88,R2_T1,2,1,100,0.61,0.39,0.0,3.32,4.32,1.14,4.200456981789134
89,R2_T1,2,1,100,0.63,0.37,0.0,3.13,4.13,1.0,3.979493018726884
90,R2_T1,2,1,100,0.63,0.37,0.0,3.04,4.04,0.94,3.8794766670857057
91,R2_T1,2,1,100,0.66,0.34,0.0,3.26,4.26,1.17,4.200534797246593
42,R0_T2,0,2,100,0.21,0.79,0.0,1.87,2.87,0.37,2.719217127116719
43,R0_T2,0,2,100,0.28,0.72,0.0,1.81,2.81,0.35,2.6558050807151825
44,R0_T2,0,2,100,0.26,0.74,0.0,1.86,2.86,0.42,2.7549927930393614
45,R0_T2,0,2,100,0.19,0.81,0.0,1.99,2.99,0.53,2.9496322798083354
46,R0_T2,0,2,100,0.24,0.76,0.0,1.8,2.8,0.34,2.6425200400454623
47,R0_T2,0,2,100,0.19,0.81,0.0,1.93,2.93,0.36,2.7489827423823754
48,R0_T2,0,2,100,0.27,0.73,0.0,1.75,2.75,0.34,2.611509112153344
49,R0_T2,0,2,100,0.21,0.79,0.0,1.86,2.86,0.42,2.7568160086073004
50,R0_T2,0,2,100,0.22,0.78,0.0,1.82,2.82,0.42,2.7272669058169634
51,R0_T2,0,2,100,0.22,0.78,0.0,1.83,2.83,0.34,2.661491239894321
52,R0_T2,0,2,100,0.22,0.78,0.0,1.86,2.86,0.47,2.803169577471421
53,R0_T2,0,2,100,0.27,0.73,0.0,1.81,2.81,0.38,2.687628296283122
54,R0_T2,0,2,100,0.21,0.79,0.0,1.82,2.82,0.42,2.7290901213849024
55,R0_T2,0,2,100,0.22,0.78,0.0,1.88,2.88,0.44,2.78703252108262
56,R0_T2,0,2,100,0.19,0.81,0.0,2.1,3.1,0.57,3.054939176262292
57,R0_T2,0,2,100,0.18,0.82,0.0,1.99,2.99,0.49,2.9096322798083354
58,R0_T2,0,2,100,0.26,0.74,0.0,1.95,2.95,0.5,2.8900831770179978
59,R0_T2,0,2,100,0.25,0.75,0.0,1.71,2.71,0.39,2.6283135782271274
60,R0_T2,0,2,100,0.23,0.77,0.0,1.83,2.83,0.38,2.7033144554622606
61,R0_T2,0,2,100,0.24,0.76,0.0,1.93,2.93,0.44,2.8235130956785572
62,R0_T2,0,2,100,0.16,0.84,0.0,2.0,3.0,0.49,2.918386967181874
63,R0_T2,0,2,100,0.24,0.76,0.0,1.8,2.8,0.37,2.668873608909583
64,R0_T2,0,2,100,0.23,0.77,0.0,2.05,3.05,0.48,2.9339282483701736
65,R0_T2,0,2,100,0.24,0.76,0.0,1.86,2.86,0.38,2.7131695774714215
66,R0_T2,0,2,100,0.23,0.77,0.0,1.95,2.95,0.53,2.9146135303141794
67,R0_T2,0,2,100,0.2,0.8,0.0,1.92,2.92,0.4,2.7784048394408973
68,R0_T2,0,2,100,0.24,0.76,0.0,1.74,2.74,0.26,2.531870502619503
69,R0_T2,0,2,100,0.23,0.77,0.0,1.84,2.84,0.36,2.6902459272678603
70,R0_T2,0,2,100,0.22,0.78,0.0,1.94,2.94,0.5,2.8813284896444586
71,R0_T2,0,2,100,0.23,0.77,0.0,1.79,2.79,0.37,2.6674117838078018
72,R0_T2,0,2,100,0.23,0.77,0.0,1.84,2.84,0.42,2.7429530649961023
73,R0_T2,0,2,100,0.28,0.72,0.0,1.81,2.81,0.33,2.641274727419001
74,R0_T2,0,2,100,0.21,0.79,0.0,1.87,2.87,0.45,2.791924264844961
75,R0_T2,0,2,100,0.23,0.77,0.0,1.9,2.9,0.35,2.721834758101457
76,R0_T2,0,2,100,0.27,0.73,0.0,1.81,2.81,0.44,2.7403354340113633
77,R0_T2,0,2,100,0.26,0.74,0.0,1.92,2.92,0.45,2.824758408305018
78,R0_T2,0,2,100,0.19,0.81,0.0,1.92,2.92,0.36,2.7420512705767766
79,R0_T2,0,2,100,0.24,0.76,0.0,1.81,2.81,0.38,2.6858050807151823
80,R0_T2,0,2,100,0.23,0.77,0.0,1.77,2.77,0.29,2.5771952713324824
81,R0_T2,0,2,100,0.26,0.74,0.0,1.78,2.78,0.31,2.6004803120022024
82,R0_T2,0,2,100,0.24,0.76,0.0,1.99,2.99,0.54,2.9578090642403954
83,R0_T2,0,2,100,0.26,0.74,0.0,1.78,2.78,0.35,2.6313642341625054
84,R0_T2,0,2,100,0.21,0.79,0.0,2.0,3.0,0.52,2.941094104910116
85,R0_T2,0,2,100,0.21,0.79,0.0,1.96,2.96,0.41,2.8124842955274163
86,R0_T2,0,2,100,0.24,0.76,0.0,1.91,2.91,0.47,2.837826936499419
87,R0_T2,0,2,100,0.27,0.73,0.0,1.81,2.81,0.37,2.681274727419001
88,R0_T2,0,2,100,0.25,0.75,0.0,1.91,2.91,0.44,2.8096501520673587
89,R0_T2,0,2,100,0.24,0.76,0.0,1.87,2.87,0.43,2.771924264844961
90,R0_T2,0,2,100,0.26,0.74,0.0,1.71,2.71,0.3,2.5474296560668255
91,R0_T2,0,2,100,0.26,0.74,0.0,1.96,2.96,0.53,2.9270146488235973
42,R1_T2,1,2,100,0.48,0.52,0.16,4.41,5.41,1.68,5.182066508486336
43,R1_T2,1,2,100,0.4,0.6,0.18,4.55,5.55,1.66,5.209492828264313
44,R1_T2,1,2,100,0.53,0.47,0.21,4.6,5.6,1.84,5.404162806455422
45,R1_T2,1,2,100,0.4,0.6,0.15,4.26,5.26,1.53,4.978717778555843
46,R1_T2,1,2,100,0.41,0.59,0.28,4.77,5.77,2.03,5.65188532040521
47,R1_T2,1,2,100,0.49,0.51,0.17,4.41,5.41,1.68,5.180198749414902
48,R1_T2,1,2,100,0.48,0.52,0.19,4.66,5.66,1.87,5.454755194799045
49,R1_T2,1,2,100,0.49,0.51,0.18,4.47,5.47,1.7,5.224526655901393
50,R1_T2,1,2,100,0.49,0.51,0.16,4.41,5.41,1.76,5.267669785700638
51,R1_T2,1,2,100,0.51,0.49,0.13,4.29,5.29,1.54,5.00648500901339
52,R1_T2,1,2,100,0.51,0.49,0.23,4.53,5.53,1.79,5.331383526102151
53,R1_T2,1,2,100,0.44,0.56,0.18,4.46,5.46,1.68,5.196736486677444
54,R1_T2,1,2,100,0.46,0.54,0.2,4.49,5.49,1.78,5.3089004399206905
55,R1_T2,1,2,100,0.43,0.57,0.17,4.38,5.38,1.52,5.011770314314523
56,R1_T2,1,2,100,0.45,0.55,0.17,4.44,5.44,1.71,5.222362702658148
57,R1_T2,1,2,100,0.4,0.6,0.21,4.51,5.51,1.8,5.337009742082854
58,R1_T2,1,2,100,0.36,0.64,0.18,4.63,5.63,1.8,5.3781945187701
59,R1_T2,1,2,100,0.54,0.46,0.19,4.57,5.57,1.84,5.401337648569344
60,R1_T2,1,2,100,0.44,0.56,0.2,4.66,5.66,1.94,5.528490712941911
61,R1_T2,1,2,100,0.41,0.59,0.19,4.35,5.35,1.69,5.178945156428446
62,R1_T2,1,2,100,0.44,0.56,0.18,4.37,5.37,1.64,5.131451181376309
63,R1_T2,1,2,100,0.43,0.57,0.23,4.68,5.68,1.85,5.444732256032641
64,R1_T2,1,2,100,0.36,0.64,0.18,4.46,5.46,1.7,5.218604245748878
65,R1_T2,1,2,100,0.42,0.58,0.17,4.19,5.19,1.49,4.917806257274006
66,R1_T2,1,2,100,0.37,0.63,0.17,4.41,5.41,1.55,5.057669785700636
67,R1_T2,1,2,100,0.41,0.59,0.2,4.48,5.48,1.61,5.132978029768173
68,R1_T2,1,2,100,0.45,0.55,0.16,4.54,5.54,1.83,5.377305936254666
69,R1_T2,1,2,100,0.41,0.59,0.15,4.35,5.35,1.73,5.215209638285579
70,R1_T2,1,2,100,0.43,0.57,0.22,4.5,5.5,1.75,5.282955091001773
71,R1_T2,1,2,100,0.43,0.57,0.15,4.5,5.5,1.68,5.2129550910017715
72,R1_T2,1,2,100,0.43,0.57,0.15,4.52,5.52,1.69,5.231064393163934
73,R1_T2,1,2,100,0.49,0.51,0.21,4.5,5.5,1.83,5.366690609144639
74,R1_T2,1,2,100,0.38,0.62,0.15,4.4,5.4,1.52,5.02174737554812
75,R1_T2,1,2,100,0.46,0.54,0.21,4.61,5.61,1.8,5.3700852166079365
76,R1_T2,1,2,100,0.45,0.55,0.16,4.44,5.44,1.72,5.234230461729582
77,R1_T2,1,2,100,0.46,0.54,0.18,4.54,5.54,1.94,5.489173695326099
78,R1_T2,1,2,100,0.38,0.62,0.18,4.45,5.45,1.53,5.044549594667796
79,R1_T2,1,2,100,0.44,0.56,0.14,4.52,5.52,1.71,5.252932152235369
80,R1_T2,1,2,100,0.49,0.51,0.17,4.5,5.5,1.66,5.192955091001771
81,R1_T2,1,2,100,0.44,0.56,0.17,4.49,5.49,1.7,5.23450371713499
82,R1_T2,1,2,100,0.37,0.63,0.17,4.38,5.38,1.88,5.3811091096716925
83,R1_T2,1,2,100,0.46,0.54,0.18,4.44,5.44,1.74,5.254230461729581
84,R1_T2,1,2,100,0.48,0.52,0.2,4.35,5.35,1.61,5.0914741201427125
85,R1_T2,1,2,100,0.39,0.61,0.19,4.34,5.34,1.66,5.139287228133064
86,R1_T2,1,2,100,0.44,0.56,0.17,4.54,5.54,1.78,5.331041454397532
87,R1_T2,1,2,100,0.51,0.49,0.17,4.45,5.45,1.78,5.300152871882098
88,R1_T2,1,2,100,0.41,0.59,0.18,4.46,5.46,1.85,5.3704720048203125
89,R1_T2,1,2,100,0.44,0.56,0.16,4.42,5.42,1.67,5.1798566777102835
90,R1_T2,1,2,100,0.49,0.51,0.21,4.52,5.52,1.9,5.446667670378235
91,R1_T2,1,2,100,0.43,0.57,0.12,4.54,5.54,1.74,5.294776972540399
42,R2_T2,2,2,100,0.59,0.41,0.1,3.28,4.28,1.04,4.049984069399216
43,R2_T2,2,2,100,0.69,0.31,0.09,3.32,4.32,0.96,3.9941526124927225
44,R2_T2,2,2,100,0.71,0.29,0.08,3.42,4.42,1.17,4.247045784858418
45,R2_T2,2,2,100,0.55,0.45,0.13,3.52,4.52,1.35,4.455332136084057
46,R2_T2,2,2,100,0.72,0.28,0.13,3.74,4.74,1.45,4.647360023906179
47,R2_T2,2,2,100,0.62,0.38,0.07,3.28,4.28,1.06,4.075826797855239
48,R2_T2,2,2,100,0.61,0.39,0.1,3.48,4.48,1.2,4.292849049902597
49,R2_T2,2,2,100,0.67,0.33,0.07,3.7,4.7,1.3,4.484876937724718
50,R2_T2,2,2,100,0.63,0.37,0.11,3.6,4.6,1.32,4.467826493815046
51,R2_T2,2,2,100,0.65,0.35,0.18,3.56,4.56,1.33,4.456579314949551
52,R2_T2,2,2,100,0.63,0.37,0.07,3.38,4.38,1.07,4.122877241764912
53,R2_T2,2,2,100,0.61,0.39,0.13,3.74,4.74,1.49,4.681517295450155
54,R2_T2,2,2,100,0.69,0.31,0.08,3.26,4.26,1.09,4.10250661899252
55,R2_T2,2,2,100,0.68,0.32,0.07,3.2,4.2,0.97,3.9550178970362957
56,R2_T2,2,2,100,0.67,0.33,0.13,3.5,4.5,1.27,4.372011957221338
57,R2_T2,2,2,100,0.62,0.38,0.13,3.42,4.42,1.24,4.308281692174384
58,R2_T2,2,2,100,0.66,0.34,0.1,3.22,4.22,0.98,3.9683380758990148
59,R2_T2,2,2,100,0.73,0.27,0.17,3.68,4.68,1.41,4.582792666177966
60,R2_T2,2,2,100,0.72,0.28,0.11,3.26,4.26,1.03,4.027899797852463
61,R2_T2,2,2,100,0.56,0.44,0.13,3.22,4.22,1.05,4.035416711671004
62,R2_T2,2,2,100,0.62,0.38,0.16,3.46,4.46,1.23,4.307843414127832
63,R2_T2,2,2,100,0.65,0.35,0.09,3.38,4.38,1.19,4.245798605992924
64,R2_T2,2,2,100,0.67,0.33,0.15,3.72,4.72,1.45,4.6235902954473795
65,R2_T2,2,2,100,0.72,0.28,0.06,3.34,4.34,1.05,4.090394155583453
66,R2_T2,2,2,100,0.68,0.32,0.11,3.56,4.56,1.15,4.270736586493528
67,R2_T2,2,2,100,0.57,0.43,0.09,3.56,4.56,1.25,4.376579314949551
68,R2_T2,2,2,100,0.69,0.31,0.08,3.54,4.54,1.28,4.391573679174787
69,R2_T2,2,2,100,0.63,0.37,0.14,3.4,4.4,1.18,4.233276056399619
70,R2_T2,2,2,100,0.64,0.36,0.14,3.44,4.44,1.28,4.3603659637211365
71,R2_T2,2,2,100,0.63,0.37,0.15,3.62,4.62,1.29,4.444068036905777
72,R2_T2,2,2,100,0.69,0.31,0.13,3.62,4.62,1.34,4.494068036905776
73,R2_T2,2,2,100,0.64,0.36,0.07,3.08,4.08,0.93,3.8658831815798704
74,R2_T2,2,2,100,0.71,0.29,0.12,3.56,4.56,1.23,4.356579314949552
75,R2_T2,2,2,100,0.59,0.41,0.21,3.82,4.82,1.56,4.779404832041086
76,R2_T2,2,2,100,0.69,0.31,0.13,3.42,4.42,1.21,4.287045784858418
77,R2_T2,2,2,100,0.69,0.31,0.13,3.66,4.66,1.41,4.576551123087236
78,R2_T2,2,2,100,0.59,0.41,0.1,3.3,4.3,1.04,4.06498970517398
79,R2_T2,2,2,100,0.69,0.31,0.11,3.46,4.46,1.23,4.307843414127832
80,R2_T2,2,2,100,0.72,0.28,0.12,3.4,4.4,1.18,4.244961513311665
81,R2_T2,2,2,100,0.68,0.32,0.13,3.44,4.44,1.22,4.300365963721137
82,R2_T2,2,2,100,0.65,0.35,0.16,3.78,4.78,1.52,4.732764474315651
83,R2_T2,2,2,100,0.7,0.3,0.08,3.26,4.26,1.05,4.062506618992521
84,R2_T2,2,2,100,0.56,0.44,0.12,3.3,4.3,1.05,4.072068340945969
85,R2_T2,2,2,100,0.55,0.45,0.13,3.76,4.76,1.38,4.580680202768897
86,R2_T2,2,2,100,0.61,0.39,0.1,3.44,4.44,1.19,4.270365963721137
87,R2_T2,2,2,100,0.62,0.38,0.15,3.62,4.62,1.39,4.538225308449753
88,R2_T2,2,2,100,0.62,0.38,0.14,3.5,4.5,1.28,4.382011957221338
89,R2_T2,2,2,100,0.62,0.38,0.11,3.2,4.2,1.01,3.9862538043522613
90,R2_T2,2,2,100,0.64,0.36,0.11,3.6,4.6,1.35,4.494905129587034
91,R2_T2,2,2,100,0.66,0.34,0.16,3.64,4.64,1.4,4.545702758856447
42,R0_T3,0,3,100,0.0,1.0,0.0,1.0,2.0,0.0,1.7917594692280547
43,R0_T3,0,3,100,0.01,0.99,0.0,1.0,2.0,0.0,1.7917594692280547
44,R0_T3,0,3,100,0.01,0.99,0.0,1.0,2.0,0.0,1.7917594692280547
45,R0_T3,0,3,100,0.0,1.0,0.0,1.0,2.0,0.0,1.7917594692280547
46,R0_T3,0,3,100,0.02,0.98,0.0,1.0,2.0,0.0,1.7917594692280547
47,R0_T3,0,3,100,0.02,0.98,0.0,1.0,2.0,0.0,1.7917594692280547
48,R0_T3,0,3,100,0.0,1.0,0.0,1.0,2.0,0.0,1.7917594692280547
49,R0_T3,0,3,100,0.01,0.99,0.0,1.0,2.0,0.0,1.7917594692280547
50,R0_T3,0,3,100,0.0,1.0,0.0,1.0,2.0,0.0,1.7917594692280547
51,R0_T3,0,3,100,0.02,0.98,0.0,1.0,2.0,0.0,1.7917594692280547
52,R0_T3,0,3,100,0.0,1.0,0.0,1.0,2.0,0.0,1.7917594692280547
53,R0_T3,0,3,100,0.0,1.0,0.0,1.0,2.0,0.0,1.7917594692280547
54,R0_T3,0,3,100,0.0,1.0,0.0,1.0,2.0,0.0,1.7917594692280547
55,R0_T3,0,3,100,0.0,1.0,0.0,1.0,2.0,0.0,1.7917594692280547
56,R0_T3,0,3,100,0.02,0.98,0.0,1.0,2.0,0.0,1.7917594692280547
57,R0_T3,0,3,100,0.0,1.0,0.0,1.0,2.0,0.0,1.7917594692280547
58,R0_T3,0,3,100,0.01,0.99,0.0,1.0,2.0,0.0,1.7917594692280547
59,R0_T3,0,3,100,0.0,1.0,0.0,1.0,2.0,0.0,1.7917594692280547
60,R0_T3,0,3,100,0.01,0.99,0.0,1.0,2.0,0.0,1.7917594692280547
61,R0_T3,0,3,100,0.01,0.99,0.0,1.0,2.0,0.0,1.7917594692280547
62,R0_T3,0,3,100,0.0,1.0,0.0,1.0,2.0,0.0,1.7917594692280547
63,R0_T3,0,3,100,0.01,0.99,0.0,1.0,2.0,0.0,1.7917594692280547
64,R0_T3,0,3,100,0.02,0.98,0.0,1.0,2.0,0.0,1.7917594692280547
65,R0_T3,0,3,100,0.02,0.98,0.0,1.0,2.0,0.0,1.7917594692280547
66,R0_T3,0,3,100,0.0,1.0,0.0,1.0,2.0,0.0,1.7917594692280547
67,R0_T3,0,3,100,0.01,0.99,0.0,1.0,2.0,0.0,1.7917594692280547
68,R0_T3,0,3,100,0.0,1.0,0.0,1.0,2.0,0.0,1.7917594692280547
69,R0_T3,0,3,100,0.0,1.0,0.0,1.0,2.0,0.0,1.7917594692280547
70,R0_T3,0,3,100,0.01,0.99,0.0,1.0,2.0,0.0,1.7917594692280547
71,R0_T3,0,3,100,0.02,0.98,0.0,1.0,2.0,0.0,1.7917594692280547
72,R0_T3,0,3,100,0.02,0.98,0.0,1.0,2.0,0.0,1.7917594692280547
73,R0_T3,0,3,100,0.02,0.98,0.0,1.0,2.0,0.0,1.7917594692280547
74,R0_T3,0,3,100,0.0,1.0,0.0,1.0,2.0,0.0,1.7917594692280547
75,R0_T3,0,3,100,0.02,0.98,0.0,1.0,2.0,0.0,1.7917594692280547
76,R0_T3,0,3,100,0.01,0.99,0.0,1.0,2.0,0.0,1.7917594692280547
77,R0_T3,0,3,100,0.0,1.0,0.0,1.0,2.0,0.0,1.7917594692280547
78,R0_T3,0,3,100,0.0,1.0,0.0,1.0,2.0,0.0,1.7917594692280547
79,R0_T3,0,3,100,0.02,0.98,0.0,1.0,2.0,0.0,1.7917594692280547
80,R0_T3,0,3,100,0.02,0.98,0.0,1.0,2.0,0.0,1.7917594692280547
81,R0_T3,0,3,100,0.02,0.98,0.0,1.0,2.0,0.0,1.7917594692280547
82,R0_T3,0,3,100,0.0,1.0,0.0,1.0,2.0,0.0,1.7917594692280547
83,R0_T3,0,3,100,0.01,0.99,0.0,1.0,2.0,0.0,1.7917594692280547
84,R0_T3,0,3,100,0.0,1.0,0.0,1.0,2.0,0.0,1.7917594692280547
85,R0_T3,0,3,100,0.01,0.99,0.0,1.0,2.0,0.0,1.7917594692280547
86,R0_T3,0,3,100,0.01,0.99,0.0,1.0,2.0,0.0,1.7917594692280547
87,R0_T3,0,3,100,0.0,1.0,0.0,1.0,2.0,0.0,1.7917594692280547
88,R0_T3,0,3,100,0.0,1.0,0.0,1.0,2.0,0.0,1.7917594692280547
89,R0_T3,0,3,100,0.0,1.0,0.0,1.0,2.0,0.0,1.7917594692280547
90,R0_T3,0,3,100,0.01,0.99,0.0,1.0,2.0,0.0,1.7917594692280547
91,R0_T3,0,3,100,0.0,1.0,0.0,1.0,2.0,0.0,1.7917594692280547
42,R1_T3,1,3,100,0.0,1.0,0.0,1.05,2.05,0.02,1.8445936126881124
43,R1_T3,1,3,100,0.01,0.99,0.0,1.05,2.05,0.03,1.8517167919635946
44,R1_T3,1,3,100,0.02,0.98,0.0,1.02,2.02,0.0,1.8056224128392535
45,R1_T3,1,3,100,0.01,0.99,0.0,1.05,2.05,0.01,1.8364168282560518
46,R1_T3,1,3,100,0.01,0.99,0.0,1.04,2.04,0.01,1.8294853564504523
47,R1_T3,1,3,100,0.0,1.0,0.0,1.07,2.07,0.03,1.8579583350543245
48,R1_T3,1,3,100,0.01,0.99,0.0,1.05,2.05,0.02,1.8417167919635946
49,R1_T3,1,3,100,0.0,1.0,0.0,1.08,2.08,0.06,1.895987955519996
50,R1_T3,1,3,100,0.01,0.99,0.0,1.04,2.04,0.02,1.8347853201579953
51,R1_T3,1,3,100,0.01,0.99,0.0,1.04,2.04,0.02,1.8376621408825131
52,R1_T3,1,3,100,0.01,0.99,0.0,1.03,2.03,0.0,1.812553884644853
53,R1_T3,1,3,100,0.02,0.98,0.0,1.06,2.06,0.04,1.8610268632487255
54,R1_T3,1,3,100,0.0,1.0,0.0,1.08,2.08,0.05,1.8830665912919846
55,R1_T3,1,3,100,0.01,0.99,0.0,1.08,2.08,0.04,1.8701897705674668
56,R1_T3,1,3,100,0.01,0.99,0.01,1.08,2.08,0.04,1.8701897705674668
57,R1_T3,1,3,100,0.01,0.99,0.0,1.04,2.04,0.0,1.8194853564504525
58,R1_T3,1,3,100,0.01,0.99,0.0,1.05,2.05,0.03,1.844095391443126
59,R1_T3,1,3,100,0.01,0.99,0.0,1.05,2.05,0.02,1.8398935763956552
60,R1_T3,1,3,100,0.01,0.99,0.0,1.04,2.04,0.01,1.827662140882513
61,R1_T3,1,3,100,0.0,1.0,0.0,1.05,2.05,0.01,1.8345936126881126
62,R1_T3,1,3,100,0.02,0.98,0.0,1.03,2.03,0.0,1.812553884644853
63,R1_T3,1,3,100,0.01,0.99,0.0,1.05,2.05,0.03,1.844095391443126
64,R1_T3,1,3,100,0.0,1.0,0.01,1.07,2.07,0.04,1.8679583350543245
65,R1_T3,1,3,100,0.01,0.99,0.01,1.05,2.05,0.03,1.844095391443126
66,R1_T3,1,3,100,0.0,1.0,0.0,1.07,2.07,0.04,1.8708796992823364
67,R1_T3,1,3,100,0.01,0.99,0.01,1.06,2.06,0.04,1.8610268632487255
68,R1_T3,1,3,100,0.0,1.0,0.01,1.07,2.07,0.04,1.8679583350543245
69,R1_T3,1,3,100,0.0,1.0,0.0,1.05,2.05,0.0,1.8264168282560518
70,R1_T3,1,3,100,0.01,0.99,0.0,1.06,2.06,0.03,1.853948227476737
71,R1_T3,1,3,100,0.0,1.0,0.01,1.07,2.07,0.06,1.8879583350543245
72,R1_T3,1,3,100,0.01,0.99,0.0,1.06,2.06,0.02,1.8410268632487254
73,R1_T3,1,3,100,0.01,0.99,0.0,1.05,2.05,0.02,1.8417167919635946
74,R1_T3,1,3,100,0.0,1.0,0.0,1.06,2.06,0.02,1.8486482637691941
75,R1_T3,1,3,100,0.01,0.99,0.0,1.08,2.08,0.04,1.8701897705674668
76,R1_T3,1,3,100,0.01,0.99,0.0,1.03,2.03,0.0,1.812553884644853
77,R1_T3,1,3,100,0.01,0.99,0.0,1.05,2.05,0.02,1.8398935763956552
78,R1_T3,1,3,100,0.01,0.99,0.0,1.03,2.03,0.01,1.822553884644853
79,R1_T3,1,3,100,0.01,0.99,0.0,1.05,2.05,0.03,1.8498935763956552
80,R1_T3,1,3,100,0.01,0.99,0.0,1.04,2.04,0.01,1.827662140882513
81,R1_T3,1,3,100,0.01,0.99,0.0,1.04,2.04,0.01,1.8247853201579955
82,R1_T3,1,3,100,0.0,1.0,0.01,1.09,2.09,0.09,1.9235544929336788
83,R1_T3,1,3,100,0.02,0.98,0.0,1.05,2.05,0.03,1.8498935763956552
84,R1_T3,1,3,100,0.01,0.99,0.0,1.06,2.06,0.03,1.8510268632487255
85,R1_T3,1,3,100,0.0,1.0,0.01,1.07,2.07,0.06,1.8879583350543245
86,R1_T3,1,3,100,0.02,0.98,0.0,1.04,2.04,0.02,1.8347853201579953
87,R1_T3,1,3,100,0.02,0.98,0.0,1.08,2.08,0.05,1.8801897705674668
88,R1_T3,1,3,100,0.01,0.99,0.0,1.03,2.03,0.0,1.812553884644853
89,R1_T3,1,3,100,0.0,1.0,0.0,1.05,2.05,0.02,1.8445936126881124
90,R1_T3,1,3,100,0.0,1.0,0.0,1.05,2.05,0.02,1.8445936126881124
91,R1_T3,1,3,100,0.0,1.0,0.01,1.07,2.07,0.06,1.8879583350543245
42,R2_T3,2,3,100,0.0,1.0,0.0,1.08,2.08,0.04,1.8701897705674668
43,R2_T3,2,3,100,0.01,0.99,0.01,1.09,2.09,0.05,1.883554492933679
44,R2_T3,2,3,100,0.02,0.98,0.0,1.05,2.05,0.02,1.8398935763956552
45,R2_T3,2,3,100,0.01,0.99,0.0,1.07,2.07,0.04,1.8719333044389146
46,R2_T3,2,3,100,0.0,1.0,0.01,1.09,2.09,0.07,1.9035544929336787
47,R2_T3,2,3,100,0.02,0.98,0.0,1.05,2.05,0.03,1.844095391443126
48,R2_T3,2,3,100,0.01,0.99,0.0,1.06,2.06,0.03,1.853948227476737
49,R2_T3,2,3,100,0.01,0.99,0.01,1.08,2.08,0.05,1.8801897705674668
50,R2_T3,2,3,100,0.01,0.99,0.0,1.07,2.07,0.03,1.856135119486385
51,R2_T3,2,3,100,0.01,0.99,0.0,1.06,2.06,0.02,1.8432582987618673
52,R2_T3,2,3,100,0.01,0.99,0.01,1.08,2.08,0.04,1.8701897705674668
53,R2_T3,2,3,100,0.02,0.98,0.0,1.09,2.09,0.05,1.883554492933679
54,R2_T3,2,3,100,0.01,0.99,0.0,1.05,2.05,0.02,1.8398935763956552
55,R2_T3,2,3,100,0.01,0.99,0.0,1.05,2.05,0.02,1.8398935763956552
56,R2_T3,2,3,100,0.02,0.98,0.01,1.08,2.08,0.04,1.8701897705674668
57,R2_T3,2,3,100,0.01,0.99,0.0,1.05,2.05,0.03,1.8498935763956552
58,R2_T3,2,3,100,0.01,0.99,0.0,1.05,2.05,0.03,1.844095391443126
59,R2_T3,2,3,100,0.01,0.99,0.0,1.05,2.05,0.02,1.8398935763956552
60,R2_T3,2,3,100,0.0,1.0,0.0,1.08,2.08,0.03,1.8601897705674668
61,R2_T3,2,3,100,0.01,0.99,0.0,1.07,2.07,0.03,1.8619333044389146
62,R2_T3,2,3,100,0.01,0.99,0.0,1.08,2.08,0.05,1.8801897705674668
63,R2_T3,2,3,100,0.02,0.98,0.0,1.05,2.05,0.02,1.8398935763956552
64,R2_T3,2,3,100,0.03,0.97,0.0,1.05,2.05,0.01,1.8298935763956552
65,R2_T3,2,3,100,0.03,0.97,0.0,1.04,2.04,0.0,1.8158389253145737
66,R2_T3,2,3,100,0.0,1.0,0.01,1.08,2.08,0.07,1.9001897705674669
67,R2_T3,2,3,100,0.02,0.98,0.0,1.05,2.05,0.02,1.8398935763956552
68,R2_T3,2,3,100,0.0,1.0,0.0,1.08,2.08,0.03,1.8630665912919846
69,R2_T3,2,3,100,0.02,0.98,0.0,1.08,2.08,0.01,1.8430665912919846
70,R2_T3,2,3,100,0.01,0.99,0.0,1.06,2.06,0.03,1.853948227476737
71,R2_T3,2,3,100,0.02,0.98,0.0,1.07,2.07,0.04,1.866135119486385
72,R2_T3,2,3,100,0.01,0.99,0.0,1.06,2.06,0.01,1.8332582987618673
73,R2_T3,2,3,100,0.01,0.99,0.0,1.05,2.05,0.02,1.8398935763956552
74,R2_T3,2,3,100,0.0,1.0,0.0,1.08,2.08,0.04,1.875987955519996
75,R2_T3,2,3,100,0.01,0.99,0.0,1.08,2.08,0.04,1.8701897705674668
76,R2_T3,2,3,100,0.01,0.99,0.0,1.05,2.05,0.01,1.8298935763956552
77,R2_T3,2,3,100,0.01,0.99,0.0,1.05,2.05,0.02,1.8398935763956552
78,R2_T3,2,3,100,0.01,0.99,0.01,1.05,2.05,0.05,1.864095391443126
79,R2_T3,2,3,100,0.02,0.98,0.0,1.05,2.05,0.03,1.8498935763956552
80,R2_T3,2,3,100,0.01,0.99,0.01,1.09,2.09,0.07,1.9035544929336787
81,R2_T3,2,3,100,0.01,0.99,0.0,1.05,2.05,0.02,1.834095391443126
82,R2_T3,2,3,100,0.01,0.99,0.01,1.08,2.08,0.07,1.9001897705674669
83,R2_T3,2,3,100,0.05,0.95,0.0,1.05,2.05,0.03,1.8498935763956552
84,R2_T3,2,3,100,0.04,0.96,0.0,1.05,2.05,0.02,1.8398935763956552
85,R2_T3,2,3,100,0.02,0.98,0.0,1.05,2.05,0.01,1.8298935763956552
86,R2_T3,2,3,100,0.01,0.99,0.0,1.05,2.05,0.03,1.8498935763956552
87,R2_T3,2,3,100,0.02,0.98,0.0,1.05,2.05,0.03,1.8498935763956552
88,R2_T3,2,3,100,0.01,0.99,0.0,1.04,2.04,0.0,1.8158389253145737
89,R2_T3,2,3,100,0.01,0.99,0.0,1.05,2.05,0.02,1.8398935763956552
90,R2_T3,2,3,100,0.01,0.99,0.01,1.05,2.05,0.04,1.854095391443126
91,R2_T3,2,3,100,0.01,0.99,0.01,1.08,2.08,0.06,1.8901897705674668
