protocol,ablation,seed,target_path,expected_direction,window,metric,metric_value
shock,full,42,open,negative,pre,p_target,0.5517241379310345
shock,full,42,open,negative,pre,p_open,0.5517241379310345
shock,full,42,open,negative,pre,p_covered,0.4482758620689655
shock,full,42,open,negative,pre,p_timeout,0.20689655172413793
shock,full,42,open,negative,pre,commit_latency,4.689655172413793
shock,full,42,open,negative,pre,junction_pause_duration,5.689655172413793
shock,full,42,open,negative,shock,p_target,1.0
shock,full,42,open,negative,shock,p_open,1.0
shock,full,42,open,negative,shock,p_covered,0.0
shock,full,42,open,negative,shock,p_timeout,0.0
shock,full,42,open,negative,shock,commit_latency,3.0
shock,full,42,open,negative,shock,junction_pause_duration,4.0
shock,full,42,open,negative,post_1_3,p_target,0.0
shock,full,42,open,negative,post_1_3,p_open,0.0
shock,full,42,open,negative,post_1_3,p_covered,1.0
shock,full,42,open,negative,post_1_3,p_timeout,0.0
shock,full,42,open,negative,post_1_3,commit_latency,2.3333333333333335
shock,full,42,open,negative,post_1_3,junction_pause_duration,3.3333333333333335
shock,full,42,open,negative,post_4_10,p_target,0.0
shock,full,42,open,negative,post_4_10,p_open,0.0
shock,full,42,open,negative,post_4_10,p_covered,1.0
shock,full,42,open,negative,post_4_10,p_timeout,0.0
shock,full,42,open,negative,post_4_10,commit_latency,1.0
shock,full,42,open,negative,post_4_10,junction_pause_duration,2.0
shock,full,42,open,negative,post_11_30,p_target,0.25
shock,full,42,open,negative,post_11_30,p_open,0.25
shock,full,42,open,negative,post_11_30,p_covered,0.75
shock,full,42,open,negative,post_11_30,p_timeout,0.15
shock,full,42,open,negative,post_11_30,commit_latency,3.3
shock,full,42,open,negative,post_11_30,junction_pause_duration,4.3
shock,full,42,open,negative,post_31_plus,p_target,0.375
shock,full,42,open,negative,post_31_plus,p_open,0.375
shock,full,42,open,negative,post_31_plus,p_covered,0.625
shock,full,42,open,negative,post_31_plus,p_timeout,0.15
shock,full,42,open,negative,post_31_plus,commit_latency,4.175
shock,full,42,open,negative,post_31_plus,junction_pause_duration,5.175
shock,full,42,open,negative,post_all,p_target,0.2857142857142857
shock,full,42,open,negative,post_all,p_open,0.2857142857142857
shock,full,42,open,negative,post_all,p_covered,0.7142857142857143
shock,full,42,open,negative,post_all,p_timeout,0.12857142857142856
shock,full,42,open,negative,post_all,commit_latency,3.5285714285714285
shock,full,42,open,negative,post_all,junction_pause_duration,4.5285714285714285
shock,full,43,open,negative,pre,p_target,0.41379310344827586
shock,full,43,open,negative,pre,p_open,0.41379310344827586
shock,full,43,open,negative,pre,p_covered,0.5862068965517241
shock,full,43,open,negative,pre,p_timeout,0.10344827586206896
shock,full,43,open,negative,pre,commit_latency,4.551724137931035
shock,full,43,open,negative,pre,junction_pause_duration,5.551724137931035
shock,full,43,open,negative,shock,p_target,1.0
shock,full,43,open,negative,shock,p_open,1.0
shock,full,43,open,negative,shock,p_covered,0.0
shock,full,43,open,negative,shock,p_timeout,0.0
shock,full,43,open,negative,shock,commit_latency,3.0
shock,full,43,open,negative,shock,junction_pause_duration,4.0
shock,full,43,open,negative,post_1_3,p_target,0.0
shock,full,43,open,negative,post_1_3,p_open,0.0
shock,full,43,open,negative,post_1_3,p_covered,1.0
shock,full,43,open,negative,post_1_3,p_timeout,0.3333333333333333
shock,full,43,open,negative,post_1_3,commit_latency,3.6666666666666665
shock,full,43,open,negative,post_1_3,junction_pause_duration,4.666666666666667
shock,full,43,open,negative,post_4_10,p_target,0.0
shock,full,43,open,negative,post_4_10,p_open,0.0
shock,full,43,open,negative,post_4_10,p_covered,1.0
shock,full,43,open,negative,post_4_10,p_timeout,0.0
shock,full,43,open,negative,post_4_10,commit_latency,1.2857142857142858
shock,full,43,open,negative,post_4_10,junction_pause_duration,2.2857142857142856
shock,full,43,open,negative,post_11_30,p_target,0.2
shock,full,43,open,negative,post_11_30,p_open,0.2
shock,full,43,open,negative,post_11_30,p_covered,0.8
shock,full,43,open,negative,post_11_30,p_timeout,0.1
shock,full,43,open,negative,post_11_30,commit_latency,3.95
shock,full,43,open,negative,post_11_30,junction_pause_duration,4.95
shock,full,43,open,negative,post_31_plus,p_target,0.45
shock,full,43,open,negative,post_31_plus,p_open,0.45
shock,full,43,open,negative,post_31_plus,p_covered,0.55
shock,full,43,open,negative,post_31_plus,p_timeout,0.275
shock,full,43,open,negative,post_31_plus,commit_latency,4.75
shock,full,43,open,negative,post_31_plus,junction_pause_duration,5.75
shock,full,43,open,negative,post_all,p_target,0.3142857142857143
shock,full,43,open,negative,post_all,p_open,0.3142857142857143
shock,full,43,open,negative,post_all,p_covered,0.6857142857142857
shock,full,43,open,negative,post_all,p_timeout,0.2
shock,full,43,open,negative,post_all,commit_latency,4.128571428571429
shock,full,43,open,negative,post_all,junction_pause_duration,5.128571428571429
shock,full,44,open,negative,pre,p_target,0.3793103448275862
shock,full,44,open,negative,pre,p_open,0.3793103448275862
shock,full,44,open,negative,pre,p_covered,0.6206896551724138
shock,full,44,open,negative,pre,p_timeout,0.20689655172413793
shock,full,44,open,negative,pre,commit_latency,4.517241379310345
shock,full,44,open,negative,pre,junction_pause_duration,5.517241379310345
shock,full,44,open,negative,shock,p_target,1.0
shock,full,44,open,negative,shock,p_open,1.0
shock,full,44,open,negative,shock,p_covered,0.0
shock,full,44,open,negative,shock,p_timeout,0.0
shock,full,44,open,negative,shock,commit_latency,3.0
shock,full,44,open,negative,shock,junction_pause_duration,4.0
shock,full,44,open,negative,post_1_3,p_target,0.3333333333333333
shock,full,44,open,negative,post_1_3,p_open,0.3333333333333333
shock,full,44,open,negative,post_1_3,p_covered,0.6666666666666666
shock,full,44,open,negative,post_1_3,p_timeout,0.0
shock,full,44,open,negative,post_1_3,commit_latency,2.3333333333333335
shock,full,44,open,negative,post_1_3,junction_pause_duration,3.3333333333333335
shock,full,44,open,negative,post_4_10,p_target,0.0
shock,full,44,open,negative,post_4_10,p_open,0.0
shock,full,44,open,negative,post_4_10,p_covered,1.0
shock,full,44,open,negative,post_4_10,p_timeout,0.0
shock,full,44,open,negative,post_4_10,commit_latency,1.1428571428571428
shock,full,44,open,negative,post_4_10,junction_pause_duration,2.142857142857143
shock,full,44,open,negative,post_11_30,p_target,0.15
shock,full,44,open,negative,post_11_30,p_open,0.15
shock,full,44,open,negative,post_11_30,p_covered,0.85
shock,full,44,open,negative,post_11_30,p_timeout,0.2
shock,full,44,open,negative,post_11_30,commit_latency,3.55
shock,full,44,open,negative,post_11_30,junction_pause_duration,4.55
shock,full,44,open,negative,post_31_plus,p_target,0.55
shock,full,44,open,negative,post_31_plus,p_open,0.55
shock,full,44,open,negative,post_31_plus,p_covered,0.45
shock,full,44,open,negative,post_31_plus,p_timeout,0.25
shock,full,44,open,negative,post_31_plus,commit_latency,4.7
shock,full,44,open,negative,post_31_plus,junction_pause_duration,5.7
shock,full,44,open,negative,post_all,p_target,0.37142857142857144
shock,full,44,open,negative,post_all,p_open,0.37142857142857144
shock,full,44,open,negative,post_all,p_covered,0.6285714285714286
shock,full,44,open,negative,post_all,p_timeout,0.2
shock,full,44,open,negative,post_all,commit_latency,3.914285714285714
shock,full,44,open,negative,post_all,junction_pause_duration,4.914285714285715
shock,full,42,open,negative,pre,h_risk,0.2767817982991101
shock,full,42,open,negative,pre,h_opp,0.27448862953860326
shock,full,42,open,negative,pre,q_neg,0.0
shock,full,42,open,negative,pre,q_pos,0.0
shock,full,42,open,negative,pre,X_risk,0.28968609865470846
shock,full,42,open,negative,pre,X_opp,0.28699551569506715
shock,full,42,open,negative,shock,h_risk,0.3032553189468516
shock,full,42,open,negative,shock,h_opp,0.2868584562901358
shock,full,42,open,negative,shock,q_neg,0.0
shock,full,42,open,negative,shock,q_pos,0.0
shock,full,42,open,negative,shock,X_risk,0.31666666666666665
shock,full,42,open,negative,shock,X_opp,0.2833333333333333
shock,full,42,open,negative,post_1_3,h_risk,0.3256121793196012
shock,full,42,open,negative,post_1_3,h_opp,0.2850802713499392
shock,full,42,open,negative,post_1_3,q_neg,1.2083849724078302
shock,full,42,open,negative,post_1_3,q_pos,0.0
shock,full,42,open,negative,post_1_3,X_risk,0.24375000000000002
shock,full,42,open,negative,post_1_3,X_opp,0.28125
shock,full,42,open,negative,post_4_10,h_risk,0.3305194727597383
shock,full,42,open,negative,post_4_10,h_opp,0.27687973388376397
shock,full,42,open,negative,post_4_10,q_neg,0.7817446477225003
shock,full,42,open,negative,post_4_10,q_pos,0.0
shock,full,42,open,negative,post_4_10,X_risk,0.225
shock,full,42,open,negative,post_4_10,X_opp,0.27499999999999997
shock,full,42,open,negative,post_11_30,h_risk,0.3119278847140608
shock,full,42,open,negative,post_11_30,h_opp,0.28308202190421483
shock,full,42,open,negative,post_11_30,q_neg,0.21047614039849377
shock,full,42,open,negative,post_11_30,q_pos,0.0
shock,full,42,open,negative,post_11_30,X_risk,0.2682539682539682
shock,full,42,open,negative,post_11_30,X_opp,0.28412698412698395
shock,full,42,open,negative,post_31_plus,h_risk,0.2817213865070945
shock,full,42,open,negative,post_31_plus,h_opp,0.28616641021035727
shock,full,42,open,negative,post_31_plus,q_neg,0.007840247268199103
shock,full,42,open,negative,post_31_plus,q_pos,0.0
shock,full,42,open,negative,post_31_plus,X_risk,0.27909407665505226
shock,full,42,open,negative,post_31_plus,X_opp,0.28606271777003484
shock,full,42,open,negative,post_all,h_risk,0.2945761302142102
shock,full,42,open,negative,post_all,h_opp,0.2847089964565602
shock,full,42,open,negative,post_all,q_neg,0.15315788698236027
shock,full,42,open,negative,post_all,q_pos,0.0
shock,full,42,open,negative,post_all,X_risk,0.27155361050328225
shock,full,42,open,negative,post_all,X_opp,0.28468271334792117
shock,full,43,open,negative,pre,h_risk,0.2711777207251099
shock,full,43,open,negative,pre,h_opp,0.2740227601094898
shock,full,43,open,negative,pre,q_neg,0.0
shock,full,43,open,negative,pre,q_pos,0.0
shock,full,43,open,negative,pre,X_risk,0.2821917808219177
shock,full,43,open,negative,pre,X_opp,0.2867579908675798
shock,full,43,open,negative,shock,h_risk,0.2668967166155251
shock,full,43,open,negative,shock,h_opp,0.2868568884238026
shock,full,43,open,negative,shock,q_neg,0.0
shock,full,43,open,negative,shock,q_pos,0.0
shock,full,43,open,negative,shock,X_risk,0.31666666666666665
shock,full,43,open,negative,shock,X_opp,0.2833333333333333
shock,full,43,open,negative,post_1_3,h_risk,0.3136389003904235
shock,full,43,open,negative,post_1_3,h_opp,0.2866242277275892
shock,full,43,open,negative,post_1_3,q_neg,1.1633720988571687
shock,full,43,open,negative,post_1_3,q_pos,0.0
shock,full,43,open,negative,post_1_3,X_risk,0.25499999999999995
shock,full,43,open,negative,post_1_3,X_opp,0.285
shock,full,43,open,negative,post_4_10,h_risk,0.32809431927483695
shock,full,43,open,negative,post_4_10,h_opp,0.2781447019734276
shock,full,43,open,negative,post_4_10,q_neg,0.7080226805586134
shock,full,43,open,negative,post_4_10,q_pos,0.0
shock,full,43,open,negative,post_4_10,X_risk,0.22999999999999998
shock,full,43,open,negative,post_4_10,X_opp,0.27666666666666667
shock,full,43,open,negative,post_11_30,h_risk,0.30633781582652
shock,full,43,open,negative,post_11_30,h_opp,0.2848737730034375
shock,full,43,open,negative,post_11_30,q_neg,0.17233336603696178
shock,full,43,open,negative,post_11_30,q_pos,0.0
shock,full,43,open,negative,post_11_30,X_risk,0.26834532374100717
shock,full,43,open,negative,post_11_30,X_opp,0.28561151079136693
shock,full,43,open,negative,post_31_plus,h_risk,0.28728192930995305
shock,full,43,open,negative,post_31_plus,h_opp,0.28715541324379507
shock,full,43,open,negative,post_31_plus,q_neg,0.004950353039700571
shock,full,43,open,negative,post_31_plus,q_pos,0.0
shock,full,43,open,negative,post_31_plus,X_risk,0.2845161290322581
shock,full,43,open,negative,post_31_plus,X_opp,0.28709677419354834
shock,full,43,open,negative,post_all,h_risk,0.29610012439283623
shock,full,43,open,negative,post_all,h_opp,0.285956829993605
shock,full,43,open,negative,post_all,q_neg,0.1402746888083099
shock,full,43,open,negative,post_all,q_pos,0.0
shock,full,43,open,negative,post_all,X_risk,0.27555110220440876
shock,full,43,open,negative,post_all,X_opp,0.2859719438877755
shock,full,44,open,negative,pre,h_risk,0.2691392105351379
shock,full,44,open,negative,pre,h_opp,0.2738363713149894
shock,full,44,open,negative,pre,q_neg,0.0
shock,full,44,open,negative,pre,q_pos,0.0
shock,full,44,open,negative,pre,X_risk,0.28027522935779814
shock,full,44,open,negative,pre,X_opp,0.2866972477064219
shock,full,44,open,negative,shock,h_risk,0.2681128569814783
shock,full,44,open,negative,shock,h_opp,0.28800138417972293
shock,full,44,open,negative,shock,q_neg,0.0
shock,full,44,open,negative,shock,q_pos,0.0
shock,full,44,open,negative,shock,X_risk,0.31666666666666665
shock,full,44,open,negative,shock,X_opp,0.2833333333333333
shock,full,44,open,negative,post_1_3,h_risk,0.31521870535288127
shock,full,44,open,negative,post_1_3,h_opp,0.28515345953710447
shock,full,44,open,negative,post_1_3,q_neg,1.2083849724078302
shock,full,44,open,negative,post_1_3,q_pos,0.0
shock,full,44,open,negative,post_1_3,X_risk,0.26875000000000004
shock,full,44,open,negative,post_1_3,X_opp,0.28125
shock,full,44,open,negative,post_4_10,h_risk,0.3297978293732385
shock,full,44,open,negative,post_4_10,h_opp,0.27711465578022504
shock,full,44,open,negative,post_4_10,q_neg,0.7746341359425828
shock,full,44,open,negative,post_4_10,q_pos,0.0
shock,full,44,open,negative,post_4_10,X_risk,0.2275862068965517
shock,full,44,open,negative,post_4_10,X_opp,0.27586206896551724
shock,full,44,open,negative,post_11_30,h_risk,0.3087231526669632
shock,full,44,open,negative,post_11_30,h_opp,0.2838132208184837
shock,full,44,open,negative,post_11_30,q_neg,0.20001608583263858
shock,full,44,open,negative,post_11_30,q_pos,0.0
shock,full,44,open,negative,post_11_30,X_risk,0.2633587786259542
shock,full,44,open,negative,post_11_30,X_opp,0.2847328244274809
shock,full,44,open,negative,post_31_plus,h_risk,0.29014246853388603
shock,full,44,open,negative,post_31_plus,h_opp,0.286995131505681
shock,full,44,open,negative,post_31_plus,q_neg,0.006478492659644397
shock,full,44,open,negative,post_31_plus,q_pos,0.0
shock,full,44,open,negative,post_31_plus,X_risk,0.2896103896103896
shock,full,44,open,negative,post_31_plus,X_opp,0.28701298701298705
shock,full,44,open,negative,post_all,h_risk,0.29837654885388243
shock,full,44,open,negative,post_all,h_opp,0.2854810181842795
shock,full,44,open,negative,post_all,q_neg,0.14461990182666595
shock,full,44,open,negative,post_all,q_pos,0.0
shock,full,44,open,negative,post_all,X_risk,0.27809917355371894
shock,full,44,open,negative,post_all,X_opp,0.2855371900826445
treat,full,42,covered,positive,pre,p_target,0.4482758620689655
treat,full,42,covered,positive,pre,p_open,0.5517241379310345
treat,full,42,covered,positive,pre,p_covered,0.4482758620689655
treat,full,42,covered,positive,pre,p_timeout,0.20689655172413793
treat,full,42,covered,positive,pre,commit_latency,4.689655172413793
treat,full,42,covered,positive,pre,junction_pause_duration,5.689655172413793
treat,full,42,covered,positive,shock,p_target,1.0
treat,full,42,covered,positive,shock,p_open,0.0
treat,full,42,covered,positive,shock,p_covered,1.0
treat,full,42,covered,positive,shock,p_timeout,0.0
treat,full,42,covered,positive,shock,commit_latency,3.0
treat,full,42,covered,positive,shock,junction_pause_duration,4.0
treat,full,42,covered,positive,post_1_3,p_target,0.6666666666666666
treat,full,42,covered,positive,post_1_3,p_open,0.3333333333333333
treat,full,42,covered,positive,post_1_3,p_covered,0.6666666666666666
treat,full,42,covered,positive,post_1_3,p_timeout,0.0
treat,full,42,covered,positive,post_1_3,commit_latency,2.0
treat,full,42,covered,positive,post_1_3,junction_pause_duration,3.0
treat,full,42,covered,positive,post_4_10,p_target,0.5714285714285714
treat,full,42,covered,positive,post_4_10,p_open,0.42857142857142855
treat,full,42,covered,positive,post_4_10,p_covered,0.5714285714285714
treat,full,42,covered,positive,post_4_10,p_timeout,0.0
treat,full,42,covered,positive,post_4_10,commit_latency,2.2857142857142856
treat,full,42,covered,positive,post_4_10,junction_pause_duration,3.2857142857142856
treat,full,42,covered,positive,post_11_30,p_target,0.75
treat,full,42,covered,positive,post_11_30,p_open,0.25
treat,full,42,covered,positive,post_11_30,p_covered,0.75
treat,full,42,covered,positive,post_11_30,p_timeout,0.0
treat,full,42,covered,positive,post_11_30,commit_latency,2.3
treat,full,42,covered,positive,post_11_30,junction_pause_duration,3.3
treat,full,42,covered,positive,post_31_plus,p_target,0.75
treat,full,42,covered,positive,post_31_plus,p_open,0.25
treat,full,42,covered,positive,post_31_plus,p_covered,0.75
treat,full,42,covered,positive,post_31_plus,p_timeout,0.0
treat,full,42,covered,positive,post_31_plus,commit_latency,2.45
treat,full,42,covered,positive,post_31_plus,junction_pause_duration,3.45
treat,full,42,covered,positive,post_all,p_target,0.7285714285714285
treat,full,42,covered,positive,post_all,p_open,0.2714285714285714
treat,full,42,covered,positive,post_all,p_covered,0.7285714285714285
treat,full,42,covered,positive,post_all,p_timeout,0.0
treat,full,42,covered,positive,post_all,commit_latency,2.3714285714285714
treat,full,42,covered,positive,post_all,junction_pause_duration,3.3714285714285714
treat,full,43,covered,positive,pre,p_target,0.5862068965517241
treat,full,43,covered,positive,pre,p_open,0.41379310344827586
treat,full,43,covered,positive,pre,p_covered,0.5862068965517241
treat,full,43,covered,positive,pre,p_timeout,0.10344827586206896
treat,full,43,covered,positive,pre,commit_latency,4.551724137931035
treat,full,43,covered,positive,pre,junction_pause_duration,5.551724137931035
treat,full,43,covered,positive,shock,p_target,1.0
treat,full,43,covered,positive,shock,p_open,0.0
treat,full,43,covered,positive,shock,p_covered,1.0
treat,full,43,covered,positive,shock,p_timeout,0.0
treat,full,43,covered,positive,shock,commit_latency,3.0
treat,full,43,covered,positive,shock,junction_pause_duration,4.0
treat,full,43,covered,positive,post_1_3,p_target,0.3333333333333333
treat,full,43,covered,positive,post_1_3,p_open,0.6666666666666666
treat,full,43,covered,positive,post_1_3,p_covered,0.3333333333333333
treat,full,43,covered,positive,post_1_3,p_timeout,0.0
treat,full,43,covered,positive,post_1_3,commit_latency,2.3333333333333335
treat,full,43,covered,positive,post_1_3,junction_pause_duration,3.3333333333333335
treat,full,43,covered,positive,post_4_10,p_target,0.8571428571428571
treat,full,43,covered,positive,post_4_10,p_open,0.14285714285714285
treat,full,43,covered,positive,post_4_10,p_covered,0.8571428571428571
treat,full,43,covered,positive,post_4_10,p_timeout,0.0
treat,full,43,covered,positive,post_4_10,commit_latency,2.2857142857142856
treat,full,43,covered,positive,post_4_10,junction_pause_duration,3.2857142857142856
treat,full,43,covered,positive,post_11_30,p_target,0.7
treat,full,43,covered,positive,post_11_30,p_open,0.3
treat,full,43,covered,positive,post_11_30,p_covered,0.7
treat,full,43,covered,positive,post_11_30,p_timeout,0.0
treat,full,43,covered,positive,post_11_30,commit_latency,2.45
treat,full,43,covered,positive,post_11_30,junction_pause_duration,3.45
treat,full,43,covered,positive,post_31_plus,p_target,0.65
treat,full,43,covered,positive,post_31_plus,p_open,0.35
treat,full,43,covered,positive,post_31_plus,p_covered,0.65
treat,full,43,covered,positive,post_31_plus,p_timeout,0.0
treat,full,43,covered,positive,post_31_plus,commit_latency,2.425
treat,full,43,covered,positive,post_31_plus,junction_pause_duration,3.425
treat,full,43,covered,positive,post_all,p_target,0.6714285714285714
treat,full,43,covered,positive,post_all,p_open,0.32857142857142857
treat,full,43,covered,positive,post_all,p_covered,0.6714285714285714
treat,full,43,covered,positive,post_all,p_timeout,0.0
treat,full,43,covered,positive,post_all,commit_latency,2.414285714285714
treat,full,43,covered,positive,post_all,junction_pause_duration,3.414285714285714
treat,full,44,covered,positive,pre,p_target,0.6206896551724138
treat,full,44,covered,positive,pre,p_open,0.3793103448275862
treat,full,44,covered,positive,pre,p_covered,0.6206896551724138
treat,full,44,covered,positive,pre,p_timeout,0.20689655172413793
treat,full,44,covered,positive,pre,commit_latency,4.517241379310345
treat,full,44,covered,positive,pre,junction_pause_duration,5.517241379310345
treat,full,44,covered,positive,shock,p_target,1.0
treat,full,44,covered,positive,shock,p_open,0.0
treat,full,44,covered,positive,shock,p_covered,1.0
treat,full,44,covered,positive,shock,p_timeout,0.0
treat,full,44,covered,positive,shock,commit_latency,3.0
treat,full,44,covered,positive,shock,junction_pause_duration,4.0
treat,full,44,covered,positive,post_1_3,p_target,1.0
treat,full,44,covered,positive,post_1_3,p_open,0.0
treat,full,44,covered,positive,post_1_3,p_covered,1.0
treat,full,44,covered,positive,post_1_3,p_timeout,0.0
treat,full,44,covered,positive,post_1_3,commit_latency,2.0
treat,full,44,covered,positive,post_1_3,junction_pause_duration,3.0
treat,full,44,covered,positive,post_4_10,p_target,0.5714285714285714
treat,full,44,covered,positive,post_4_10,p_open,0.42857142857142855
treat,full,44,covered,positive,post_4_10,p_covered,0.5714285714285714
treat,full,44,covered,positive,post_4_10,p_timeout,0.0
treat,full,44,covered,positive,post_4_10,commit_latency,2.4285714285714284
treat,full,44,covered,positive,post_4_10,junction_pause_duration,3.4285714285714284
treat,full,44,covered,positive,post_11_30,p_target,0.65
treat,full,44,covered,positive,post_11_30,p_open,0.35
treat,full,44,covered,positive,post_11_30,p_covered,0.65
treat,full,44,covered,positive,post_11_30,p_timeout,0.0
treat,full,44,covered,positive,post_11_30,commit_latency,2.7
treat,full,44,covered,positive,post_11_30,junction_pause_duration,3.7
treat,full,44,covered,positive,post_31_plus,p_target,0.65
treat,full,44,covered,positive,post_31_plus,p_open,0.35
treat,full,44,covered,positive,post_31_plus,p_covered,0.65
treat,full,44,covered,positive,post_31_plus,p_timeout,0.0
treat,full,44,covered,positive,post_31_plus,commit_latency,2.525
treat,full,44,covered,positive,post_31_plus,junction_pause_duration,3.525
treat,full,44,covered,positive,post_all,p_target,0.6571428571428571
treat,full,44,covered,positive,post_all,p_open,0.34285714285714286
treat,full,44,covered,positive,post_all,p_covered,0.6571428571428571
treat,full,44,covered,positive,post_all,p_timeout,0.0
treat,full,44,covered,positive,post_all,commit_latency,2.5428571428571427
treat,full,44,covered,positive,post_all,junction_pause_duration,3.5428571428571427
treat,full,42,covered,positive,pre,h_risk,0.2767817982991101
treat,full,42,covered,positive,pre,h_opp,0.27448862953860326
treat,full,42,covered,positive,pre,q_neg,0.0
treat,full,42,covered,positive,pre,q_pos,0.0
treat,full,42,covered,positive,pre,X_risk,0.28968609865470846
treat,full,42,covered,positive,pre,X_opp,0.28699551569506715
treat,full,42,covered,positive,shock,h_risk,0.2965886522801849
treat,full,42,covered,positive,shock,h_opp,0.2868584562901358
treat,full,42,covered,positive,shock,q_neg,0.0
treat,full,42,covered,positive,shock,q_pos,0.0
treat,full,42,covered,positive,shock,X_risk,0.25
treat,full,42,covered,positive,shock,X_opp,0.2833333333333333
treat,full,42,covered,positive,post_1_3,h_risk,0.27882874493998877
treat,full,42,covered,positive,post_1_3,h_opp,0.27944573300581416
treat,full,42,covered,positive,post_1_3,q_neg,0.0
treat,full,42,covered,positive,post_1_3,q_pos,1.5027845555526897
treat,full,42,covered,positive,post_1_3,X_risk,0.26666666666666666
treat,full,42,covered,positive,post_1_3,X_opp,0.27999999999999997
treat,full,42,covered,positive,post_4_10,h_risk,0.2702366523852364
treat,full,42,covered,positive,post_4_10,h_opp,0.2806651088631371
treat,full,42,covered,positive,post_4_10,q_neg,0.0
treat,full,42,covered,positive,post_4_10,q_pos,0.4470711453742107
treat,full,42,covered,positive,post_4_10,X_risk,0.27567567567567575
treat,full,42,covered,positive,post_4_10,X_opp,0.28108108108108115
treat,full,42,covered,positive,post_11_30,h_risk,0.26460972492778034
treat,full,42,covered,positive,post_11_30,h_opp,0.2812961399500153
treat,full,42,covered,positive,post_11_30,q_neg,0.0
treat,full,42,covered,positive,post_11_30,q_pos,0.02739533830002448
treat,full,42,covered,positive,post_11_30,X_risk,0.2622641509433962
treat,full,42,covered,positive,post_11_30,X_opp,0.28113207547169805
treat,full,42,covered,positive,post_31_plus,h_risk,0.26390522466831556
treat,full,42,covered,positive,post_31_plus,h_opp,0.28159000675279133
treat,full,42,covered,positive,post_31_plus,q_neg,0.0
treat,full,42,covered,positive,post_31_plus,q_pos,5.8225923510389146e-05
treat,full,42,covered,positive,post_31_plus,X_risk,0.26330275229357797
treat,full,42,covered,positive,post_31_plus,X_opp,0.281651376146789
treat,full,42,covered,positive,post_all,h_risk,0.2653222264159338
treat,full,42,covered,positive,post_all,h_opp,0.2813306046006208
treat,full,42,covered,positive,post_all,q_neg,0.0
treat,full,42,covered,positive,post_all,q_pos,0.11170212718953193
treat,full,42,covered,positive,post_all,X_risk,0.2643617021276595
treat,full,42,covered,positive,post_all,X_opp,0.28138297872340423
treat,full,43,covered,positive,pre,h_risk,0.2711777207251099
treat,full,43,covered,positive,pre,h_opp,0.2740227601094898
treat,full,43,covered,positive,pre,q_neg,0.0
treat,full,43,covered,positive,pre,q_pos,0.0
treat,full,43,covered,positive,pre,X_risk,0.2821917808219177
treat,full,43,covered,positive,pre,X_opp,0.2867579908675798
treat,full,43,covered,positive,shock,h_risk,0.2602300499488584
treat,full,43,covered,positive,shock,h_opp,0.2868568884238026
treat,full,43,covered,positive,shock,q_neg,0.0
treat,full,43,covered,positive,shock,q_pos,0.0
treat,full,43,covered,positive,shock,X_risk,0.25
treat,full,43,covered,positive,shock,X_opp,0.2833333333333333
treat,full,43,covered,positive,post_1_3,h_risk,0.26419932293911347
treat,full,43,covered,positive,post_1_3,h_opp,0.27978233159923993
treat,full,43,covered,positive,post_1_3,q_neg,0.0
treat,full,43,covered,positive,post_1_3,q_pos,1.4696674947891144
treat,full,43,covered,positive,post_1_3,X_risk,0.29374999999999996
treat,full,43,covered,positive,post_1_3,X_opp,0.28125
treat,full,43,covered,positive,post_4_10,h_risk,0.269610880242899
treat,full,43,covered,positive,post_4_10,h_opp,0.2811788168064091
treat,full,43,covered,positive,post_4_10,q_neg,0.0
treat,full,43,covered,positive,post_4_10,q_pos,0.4247175881055002
treat,full,43,covered,positive,post_4_10,X_risk,0.25405405405405407
treat,full,43,covered,positive,post_4_10,X_opp,0.28108108108108115
treat,full,43,covered,positive,post_11_30,h_risk,0.26490792916500533
treat,full,43,covered,positive,post_11_30,h_opp,0.281663266847155
treat,full,43,covered,positive,post_11_30,q_neg,0.0
treat,full,43,covered,positive,post_11_30,q_pos,0.025325049972301217
treat,full,43,covered,positive,post_11_30,X_risk,0.26697247706422017
treat,full,43,covered,positive,post_11_30,X_opp,0.281651376146789
treat,full,43,covered,positive,post_31_plus,h_risk,0.2716078951564063
treat,full,43,covered,positive,post_31_plus,h_opp,0.2815572169614126
treat,full,43,covered,positive,post_31_plus,q_neg,0.0
treat,full,43,covered,positive,post_31_plus,q_pos,4.7643893828570774e-05
treat,full,43,covered,positive,post_31_plus,X_risk,0.2705069124423963
treat,full,43,covered,positive,post_31_plus,X_opp,0.28156682027649765
treat,full,43,covered,positive,post_all,h_risk,0.2691732698256961
treat,full,43,covered,positive,post_all,h_opp,0.28147584615934407
treat,full,43,covered,positive,post_all,q_neg,0.0
treat,full,43,covered,positive,post_all,q_pos,0.11081794155269385
treat,full,43,covered,positive,post_all,X_risk,0.26886543535620056
treat,full,43,covered,positive,post_all,X_opp,0.2815303430079155
treat,full,44,covered,positive,pre,h_risk,0.2691392105351379
treat,full,44,covered,positive,pre,h_opp,0.2738363713149894
treat,full,44,covered,positive,pre,q_neg,0.0
treat,full,44,covered,positive,pre,q_pos,0.0
treat,full,44,covered,positive,pre,X_risk,0.28027522935779814
treat,full,44,covered,positive,pre,X_opp,0.2866972477064219
treat,full,44,covered,positive,shock,h_risk,0.2614461903148116
treat,full,44,covered,positive,shock,h_opp,0.28800138417972293
treat,full,44,covered,positive,shock,q_neg,0.0
treat,full,44,covered,positive,shock,q_pos,0.0
treat,full,44,covered,positive,shock,X_risk,0.25
treat,full,44,covered,positive,shock,X_opp,0.2833333333333333
treat,full,44,covered,positive,post_1_3,h_risk,0.2481742927997052
treat,full,44,covered,positive,post_1_3,h_opp,0.28027743991208426
treat,full,44,covered,positive,post_1_3,q_neg,0.0
treat,full,44,covered,positive,post_1_3,q_pos,1.5027845555526897
treat,full,44,covered,positive,post_1_3,X_risk,0.23999999999999996
treat,full,44,covered,positive,post_1_3,X_opp,0.27999999999999997
treat,full,44,covered,positive,post_4_10,h_risk,0.2694704489316395
treat,full,44,covered,positive,post_4_10,h_opp,0.28127334491245143
treat,full,44,covered,positive,post_4_10,q_neg,0.0
treat,full,44,covered,positive,post_4_10,q_pos,0.4391437458747102
treat,full,44,covered,positive,post_4_10,X_risk,0.27631578947368424
treat,full,44,covered,positive,post_4_10,X_opp,0.28157894736842115
treat,full,44,covered,positive,post_11_30,h_risk,0.27306308763889875
treat,full,44,covered,positive,post_11_30,h_opp,0.2822758844896705
treat,full,44,covered,positive,post_11_30,q_neg,0.0
treat,full,44,covered,positive,post_11_30,q_pos,0.02423481840287416
treat,full,44,covered,positive,post_11_30,X_risk,0.27192982456140347
treat,full,44,covered,positive,post_11_30,X_opp,0.28245614035087707
treat,full,44,covered,positive,post_31_plus,h_risk,0.2704646138801385
treat,full,44,covered,positive,post_31_plus,h_opp,0.28198510277460553
treat,full,44,covered,positive,post_31_plus,q_neg,0.0
treat,full,44,covered,positive,post_31_plus,q_pos,3.6198778470172034e-05
treat,full,44,covered,positive,post_31_plus,X_risk,0.2710407239819005
treat,full,44,covered,positive,post_31_plus,X_opp,0.2819004524886877
treat,full,44,covered,positive,post_all,h_risk,0.2702689770869664
treat,full,44,covered,positive,post_all,h_opp,0.28193481250093994
treat,full,44,covered,positive,post_all,q_neg,0.0
treat,full,44,covered,positive,post_all,q_pos,0.10824742243427553
treat,full,44,covered,positive,post_all,X_risk,0.2706185567010309
treat,full,44,covered,positive,post_all,X_opp,0.28195876288659794
