protocol,ablation,target_path,carrier_metric,post_window,n_seeds,pre_mean,post_mean,delta_post_minus_pre_mean,delta_ci_low,delta_ci_high,directional_sign_consistency,directional_sign_flip_p
shock,full,open,h_risk,post_1_3,50,0.27115301824797505,0.3198353099760695,0.04868229172809448,0.04693664726644087,0.050455013586376246,1.0,4.999750012499375e-05
shock,full,open,h_risk,post_4_10,50,0.27115301824797505,0.3311221986747392,0.0599691804267642,0.05852816528755931,0.06141396918452142,1.0,4.999750012499375e-05
shock,full,open,h_risk,post_11_30,50,0.27115301824797505,0.3132872025032157,0.042134184255240674,0.0407049393368187,0.043652924406033564,1.0,4.999750012499375e-05
shock,full,open,h_risk,post_31_plus,50,0.27115301824797505,0.2860033148122259,0.014850296564250938,0.013141814292094467,0.01648394615631877,1.0,4.999750012499375e-05
shock,full,open,h_risk,post_all,50,0.27115301824797505,0.2973845331948568,0.026231514946881803,0.024815579702125966,0.027632517716068224,1.0,4.999750012499375e-05
shock,full,open,q_neg,post_1_3,50,0.0,1.198716340565635,1.198716340565635,1.193264033951665,1.203989818202899,1.0,4.999750012499375e-05
shock,full,open,q_neg,post_4_10,50,0.0,0.7636646330541391,0.7636646330541391,0.7555327353302629,0.7716243400859151,1.0,4.999750012499375e-05
shock,full,open,q_neg,post_11_30,50,0.0,0.19897933078370525,0.19897933078370525,0.19494451247859493,0.20297223380353735,1.0,4.999750012499375e-05
shock,full,open,q_neg,post_31_plus,50,0.0,0.006751889467056844,0.006751889467056844,0.006447078509104387,0.007063462694707379,1.0,4.999750012499375e-05
shock,full,open,q_neg,post_all,50,0.0,0.14732338113430615,0.14732338113430615,0.14656281720170403,0.14808620199347464,1.0,4.999750012499375e-05
shock,novg,open,h_risk,post_1_3,50,0.20767548013711548,0.26892330904440126,0.06124782890728584,0.06093719436302466,0.06152060300624527,1.0,4.999750012499375e-05
shock,novg,open,h_risk,post_4_10,50,0.20767548013711548,0.30129111130719133,0.0936156311700759,0.09285716264960536,0.0945611285433616,1.0,4.999750012499375e-05
shock,novg,open,h_risk,post_11_30,50,0.20767548013711548,0.2876114161618318,0.07993593602471631,0.07943254453904647,0.08046656273072035,1.0,4.999750012499375e-05
shock,novg,open,h_risk,post_31_plus,50,0.20767548013711548,0.2356744225780535,0.02799894244093807,0.027574475904767817,0.028410714380583173,1.0,4.999750012499375e-05
shock,novg,open,h_risk,post_all,50,0.20767548013711548,0.2585001847520331,0.05082470461491769,0.05045014077244169,0.0511843015464224,1.0,4.999750012499375e-05
shock,novg,open,q_neg,post_1_3,50,0.0,1.2558191115469994,1.2558191115469994,1.2558191115469994,1.2558191115469994,1.0,4.999750012499375e-05
shock,novg,open,q_neg,post_4_10,50,0.0,0.8475407994596218,0.8475407994596218,0.8475407994596218,0.8475407994596218,1.0,4.999750012499375e-05
shock,novg,open,q_neg,post_11_30,50,0.0,0.31251721482186867,0.31251721482186867,0.31251721482186867,0.31251721482186867,1.0,4.999750012499375e-05
shock,novg,open,q_neg,post_31_plus,50,0.0,0.037206770718874,0.037206770718874,0.037206770718874,0.037206770718874,1.0,4.999750012499375e-05
shock,novg,open,q_neg,post_all,50,0.0,0.24912654365786693,0.24912654365786693,0.24912654365786693,0.24912654365786693,1.0,4.999750012499375e-05
shock,novp,open,h_risk,post_1_3,50,0.27115301824797505,0.3198353099760695,0.04868229172809448,0.04698164986551277,0.05042191991860319,1.0,4.999750012499375e-05
shock,novp,open,h_risk,post_4_10,50,0.27115301824797505,0.3311221986747392,0.0599691804267642,0.058597975053020966,0.06142618774670598,1.0,4.999750012499375e-05
shock,novp,open,h_risk,post_11_30,50,0.27115301824797505,0.3132872025032157,0.042134184255240674,0.04067221814736917,0.043645014684609185,1.0,4.999750012499375e-05
shock,novp,open,h_risk,post_31_plus,50,0.27115301824797505,0.2860033148122259,0.014850296564250938,0.013242792721423858,0.016511545262117622,1.0,4.999750012499375e-05
shock,novp,open,h_risk,post_all,50,0.27115301824797505,0.2973845331948568,0.026231514946881803,0.024800512011470474,0.027651735729879248,1.0,4.999750012499375e-05
shock,novp,open,q_neg,post_1_3,50,0.0,1.198716340565635,1.198716340565635,1.1933118371640379,1.2037244351576257,1.0,4.999750012499375e-05
shock,novp,open,q_neg,post_4_10,50,0.0,0.7636646330541391,0.7636646330541391,0.7556599578090737,0.7715325690118124,1.0,4.999750012499375e-05
shock,novp,open,q_neg,post_11_30,50,0.0,0.19897933078370525,0.19897933078370525,0.19499886243127357,0.20309305617083753,1.0,4.999750012499375e-05
shock,novp,open,q_neg,post_31_plus,50,0.0,0.006751889467056844,0.006751889467056844,0.006453703005335658,0.0070499182409443474,1.0,4.999750012499375e-05
shock,novp,open,q_neg,post_all,50,0.0,0.14732338113430615,0.14732338113430615,0.1465745041793394,0.14808976617374675,1.0,4.999750012499375e-05
shock,nox,open,h_risk,post_1_3,50,0.0,0.0,0.0,0.0,0.0,0.0,1.0
shock,nox,open,h_risk,post_4_10,50,0.0,0.0,0.0,0.0,0.0,0.0,1.0
shock,nox,open,h_risk,post_11_30,50,0.0,0.0,0.0,0.0,0.0,0.0,1.0
shock,nox,open,h_risk,post_31_plus,50,0.0,0.0,0.0,0.0,0.0,0.0,1.0
shock,nox,open,h_risk,post_all,50,0.0,0.0,0.0,0.0,0.0,0.0,1.0
shock,nox,open,q_neg,post_1_3,50,0.0,1.136581544282011,1.136581544282011,1.1297519073857443,1.1437018801191787,1.0,4.999750012499375e-05
shock,nox,open,q_neg,post_4_10,50,0.0,0.5527076062214342,0.5527076062214342,0.5448595855799196,0.5604207651429739,1.0,4.999750012499375e-05
shock,nox,open,q_neg,post_11_30,50,0.0,0.09762911856964264,0.09762911856964264,0.09539311741539476,0.0998903841670042,1.0,4.999750012499375e-05
shock,nox,open,q_neg,post_31_plus,50,0.0,0.0025050180852741887,0.0025050180852741887,0.002418080985974114,0.00259769213309545,1.0,4.999750012499375e-05
shock,nox,open,q_neg,post_all,50,0.0,0.13362596483504294,0.13362596483504294,0.13292305513841984,0.13436476711865994,1.0,4.999750012499375e-05
shock,one_shot_off,open,h_risk,post_1_3,50,0.27115301824797505,0.28228141507864796,0.011128396830672939,0.0076250410294011655,0.014639717954114976,0.8,4.999750012499375e-05
shock,one_shot_off,open,h_risk,post_4_10,50,0.27115301824797505,0.28450000519672936,0.013346986948754344,0.011123305514663331,0.01567482507261497,0.98,4.999750012499375e-05
shock,one_shot_off,open,h_risk,post_11_30,50,0.27115301824797505,0.2831680188824282,0.012015000634453205,0.010233405061726777,0.013865588058439321,0.98,4.999750012499375e-05
shock,one_shot_off,open,h_risk,post_31_plus,50,0.27115301824797505,0.28351784108266254,0.012364822834687539,0.010566186401342199,0.014210335708739226,0.98,4.999750012499375e-05
shock,one_shot_off,open,h_risk,post_all,50,0.27115301824797505,0.2834690181229623,0.012315999874987332,0.010837133847904239,0.013847382325283061,1.0,4.999750012499375e-05
shock,one_shot_off,open,q_neg,post_1_3,50,0.0,0.0,0.0,0.0,0.0,0.0,1.0
shock,one_shot_off,open,q_neg,post_4_10,50,0.0,0.0,0.0,0.0,0.0,0.0,1.0
shock,one_shot_off,open,q_neg,post_11_30,50,0.0,0.0,0.0,0.0,0.0,0.0,1.0
shock,one_shot_off,open,q_neg,post_31_plus,50,0.0,0.0,0.0,0.0,0.0,0.0,1.0
shock,one_shot_off,open,q_neg,post_all,50,0.0,0.0,0.0,0.0,0.0,0.0,1.0
treat,full,covered,h_opp,post_1_3,50,0.27377181917344123,0.27921243874670365,0.005440619573262418,0.005206450990987019,0.005661282065029902,1.0,4.999750012499375e-05
treat,full,covered,h_opp,post_4_10,50,0.27377181917344123,0.2810599594567145,0.0072881402832733165,0.0070235118976573465,0.0075432804031629695,1.0,4.999750012499375e-05
treat,full,covered,h_opp,post_11_30,50,0.27377181917344123,0.2817795675994248,0.008007748425983556,0.00778639558022165,0.008234699415141041,1.0,4.999750012499375e-05
treat,full,covered,h_opp,post_31_plus,50,0.27377181917344123,0.28169748760500884,0.00792566843156757,0.007738975909762616,0.008119874248002439,1.0,4.999750012499375e-05
treat,full,covered,h_opp,post_all,50,0.27377181917344123,0.28156230822190503,0.00779048904846378,0.007592795817140481,0.007985619967100397,1.0,4.999750012499375e-05
treat,full,covered,q_pos,post_1_3,50,0.0,1.4997090076705042,1.4997090076705042,1.4929782508840745,1.5064182955301908,1.0,4.999750012499375e-05
treat,full,covered,q_pos,post_4_10,50,0.0,0.43742810253506825,0.43742810253506825,0.4319698178027564,0.443103802747678,1.0,4.999750012499375e-05
treat,full,covered,q_pos,post_11_30,50,0.0,0.02507080365128839,0.02507080365128839,0.024473804339104968,0.025683572305984923,1.0,4.999750012499375e-05
treat,full,covered,q_pos,post_31_plus,50,0.0,4.523145306424218e-05,4.523145306424218e-05,4.339370672042286e-05,4.716512035112224e-05,1.0,4.999750012499375e-05
treat,full,covered,q_pos,post_all,50,0.0,0.1100249098435992,0.1100249098435992,0.1096825327812264,0.11037613231099042,1.0,4.999750012499375e-05
treat,novg,covered,h_opp,post_1_3,50,0.2521461352858881,0.26941557596008164,0.01726944067419356,0.01726944067419356,0.01726944067419356,1.0,4.999750012499375e-05
treat,novg,covered,h_opp,post_4_10,50,0.2521461352858881,0.272926912705377,0.02078077741948892,0.02078077741948892,0.02078077741948892,1.0,4.999750012499375e-05
treat,novg,covered,h_opp,post_11_30,50,0.2521461352858881,0.2749307312950393,0.02278459600915123,0.02278459600915123,0.02278459600915123,1.0,4.999750012499375e-05
treat,novg,covered,h_opp,post_31_plus,50,0.2521461352858881,0.27500033563253623,0.022854200346648142,0.022854200346648142,0.022854200346648142,1.0,4.999750012499375e-05
treat,novg,covered,h_opp,post_all,50,0.2521461352858881,0.2745337595431446,0.02238762425725649,0.02238762425725649,0.02238762425725649,1.0,4.999750012499375e-05
treat,novg,covered,q_pos,post_1_3,50,0.0,1.6087396931807698,1.6087396931807698,1.6087396931807698,1.6087396931807698,1.0,4.999750012499375e-05
treat,novg,covered,q_pos,post_4_10,50,0.0,0.6177718966462998,0.6177718966462998,0.6177718966462998,0.6177718966462998,1.0,4.999750012499375e-05
treat,novg,covered,q_pos,post_11_30,50,0.0,0.06635460834786248,0.06635460834786248,0.06635460834786248,0.06635460834786248,1.0,4.999750012499375e-05
treat,novg,covered,q_pos,post_31_plus,50,0.0,0.0005569849610828416,0.0005569849610828416,0.0005569849610828416,0.0005569849610828416,1.0,4.999750012499375e-05
treat,novg,covered,q_pos,post_all,50,0.0,0.1499999131638139,0.1499999131638139,0.1499999131638139,0.1499999131638139,1.0,4.999750012499375e-05
treat,novp,covered,h_opp,post_1_3,50,0.27377181917344123,0.2816295551721461,0.007857735998704846,0.007595856102363245,0.008126316791548615,1.0,4.999750012499375e-05
treat,novp,covered,h_opp,post_4_10,50,0.27377181917344123,0.2861084874989547,0.012336668325513443,0.012096426525619711,0.012572846195249848,1.0,4.999750012499375e-05
treat,novp,covered,h_opp,post_11_30,50,0.27377181917344123,0.2866243658794651,0.01285254670602387,0.012642753181344007,0.013067779162763419,1.0,4.999750012499375e-05
treat,novp,covered,h_opp,post_31_plus,50,0.27377181917344123,0.28661883884065087,0.012847019667209657,0.012625386552140933,0.01307697905780472,1.0,4.999750012499375e-05
treat,novp,covered,h_opp,post_all,50,0.27377181917344123,0.2863647836252632,0.012592964451821946,0.012393280442464412,0.012801596038850728,1.0,4.999750012499375e-05
treat,novp,covered,q_pos,post_1_3,50,0.0,1.2798002725353284,1.2798002725353284,1.2618616084510041,1.2965526962273222,1.0,4.999750012499375e-05
treat,novp,covered,q_pos,post_4_10,50,0.0,0.23607545788172526,0.23607545788172526,0.22756818172174972,0.24441991474215888,1.0,4.999750012499375e-05
treat,novp,covered,q_pos,post_11_30,50,0.0,0.006028993984215179,0.006028993984215179,0.005681520581925215,0.006375797381620111,1.0,4.999750012499375e-05
treat,novp,covered,q_pos,post_31_plus,50,0.0,1.445882262312319e-06,1.445882262312319e-06,1.315401012991286e-06,1.5861264100278405e-06,1.0,4.999750012499375e-05
treat,novp,covered,q_pos,post_all,50,0.0,0.08017765606732176,0.08017765606732176,0.0797560999577759,0.08061360428104569,1.0,4.999750012499375e-05
treat,nox,covered,h_opp,post_1_3,50,0.0,0.0,0.0,0.0,0.0,0.0,1.0
treat,nox,covered,h_opp,post_4_10,50,0.0,0.0,0.0,0.0,0.0,0.0,1.0
treat,nox,covered,h_opp,post_11_30,50,0.0,0.0,0.0,0.0,0.0,0.0,1.0
treat,nox,covered,h_opp,post_31_plus,50,0.0,0.0,0.0,0.0,0.0,0.0,1.0
treat,nox,covered,h_opp,post_all,50,0.0,0.0,0.0,0.0,0.0,0.0,1.0
treat,nox,covered,q_pos,post_1_3,50,0.0,1.4997090076705042,1.4997090076705042,1.4929782508840745,1.5064827023104195,1.0,4.999750012499375e-05
treat,nox,covered,q_pos,post_4_10,50,0.0,0.43742810253506825,0.43742810253506825,0.4318786695751573,0.44300820030493154,1.0,4.999750012499375e-05
treat,nox,covered,q_pos,post_11_30,50,0.0,0.02507080365128839,0.02507080365128839,0.02450075839220083,0.02566666777204637,1.0,4.999750012499375e-05
treat,nox,covered,q_pos,post_31_plus,50,0.0,4.523145306424218e-05,4.523145306424218e-05,4.339495256477892e-05,4.7258547660961e-05,1.0,4.999750012499375e-05
treat,nox,covered,q_pos,post_all,50,0.0,0.1100249098435992,0.1100249098435992,0.10968182688119461,0.11037022476384642,1.0,4.999750012499375e-05
treat,one_shot_off,covered,h_opp,post_1_3,50,0.27377181917344123,0.2866170553185439,0.012845236145102664,0.012511956416311797,0.013171690300730284,1.0,4.999750012499375e-05
treat,one_shot_off,covered,h_opp,post_4_10,50,0.27377181917344123,0.2865417718932091,0.012769952719767871,0.01251851226901146,0.013017601797665425,1.0,4.999750012499375e-05
treat,one_shot_off,covered,h_opp,post_11_30,50,0.27377181917344123,0.286607977791604,0.012836158618162778,0.01260900484139208,0.01305721543951838,1.0,4.999750012499375e-05
treat,one_shot_off,covered,h_opp,post_31_plus,50,0.27377181917344123,0.2866193238700404,0.012847504696599154,0.012626345681317794,0.013073226010659782,1.0,4.999750012499375e-05
treat,one_shot_off,covered,h_opp,post_all,50,0.27377181917344123,0.2866188072413227,0.012846988067881503,0.012640743066055523,0.013057703321592503,1.0,4.999750012499375e-05
treat,one_shot_off,covered,q_pos,post_1_3,50,0.0,0.0,0.0,0.0,0.0,0.0,1.0
treat,one_shot_off,covered,q_pos,post_4_10,50,0.0,0.0,0.0,0.0,0.0,0.0,1.0
treat,one_shot_off,covered,q_pos,post_11_30,50,0.0,0.0,0.0,0.0,0.0,0.0,1.0
treat,one_shot_off,covered,q_pos,post_31_plus,50,0.0,0.0,0.0,0.0,0.0,0.0,1.0
treat,one_shot_off,covered,q_pos,post_all,50,0.0,0.0,0.0,0.0,0.0,0.0,1.0
